paper_id,antibiotics_current_use,antibiotics_exclusion_period,antibiotics_exclusion_period_unit,biomarker_name,biomarker_unit,biomarker_value,body_site,body_site_details,country,disease,feces_phenotype_value,fmt_id,host_species,location,ncbi_accession,pmid,sample_id,sequencing_platform,study_name,target_condition,treatment,uncurated_metadata
27126044,No,3,Month,single-nucleotide variants (SNVs); donor-specific SNVs; recipient-specific SNVs; species composition; microbial diversity,percentage (%); mean percentage across species,69.3±21.8% at 2 days post-FMT; 37.6±16.6% at 3 months post-FMT; 50.7±10.1% coexistence in shared species; 39±23% species resistance; 44±14% species coexistence,Netherlands,colon,2009/2010,Metabolic Syndrome,species composition shifts; donor microbiota colonization; strain coexistence patterns; microbial diversity changes,FMT1; FMT2; FMT3; FMT4; FMT5; SELF1; SELF2; SELF3; SELF4; SELF5,Homo sapiens,Amsterdam,ERR1297423,27126044,SAMEA3882556,Illumina HiSeq 2000,FMT_metabolic_syndrome_2016,Metabolic Syndrome,Fecal Microbiota Transplantation,"10 subjects: 5 allogenic FMT recipients, 5 autologous FMT (placebo); Three lean donors, unrelated to recipients; 55 fecal samples total sequenced; Samples collected pre-FMT and 4 times post-FMT; Metabolic syndrome patients; No antibiotics for ≥3 months before treatment; 164 fecal metagenomes analyzed across three study groups; 1105 detected prokaryotic species; 11.8 million variant positions identified; 109 metagenomes from 48 healthy FMT-naïve individuals as control; 42 species tracked at strain level across 5 phyla; Determinant positions ranged 66 to 161,800 per species (median 15,550)"
27126044,No,3,Month,single-nucleotide variants (SNVs); donor-specific SNVs; recipient-specific SNVs; species composition; microbial diversity,percentage (%); mean percentage across species,69.3±21.8% at 2 days post-FMT; 37.6±16.6% at 3 months post-FMT; 50.7±10.1% coexistence in shared species; 39±23% species resistance; 44±14% species coexistence,Netherlands,colon,2009/2010,Metabolic Syndrome,species composition shifts; donor microbiota colonization; strain coexistence patterns; microbial diversity changes,FMT1; FMT2; FMT3; FMT4; FMT5; SELF1; SELF2; SELF3; SELF4; SELF5,Homo sapiens,Amsterdam,ERR1297425,27126044,SAMEA3882539,Illumina HiSeq 2000,FMT_metabolic_syndrome_2016,Metabolic Syndrome,Fecal Microbiota Transplantation,"10 subjects: 5 allogenic FMT recipients, 5 autologous FMT (placebo); Three lean donors, unrelated to recipients; 55 fecal samples total sequenced; Samples collected pre-FMT and 4 times post-FMT; Metabolic syndrome patients; No antibiotics for ≥3 months before treatment; 164 fecal metagenomes analyzed across three study groups; 1105 detected prokaryotic species; 11.8 million variant positions identified; 109 metagenomes from 48 healthy FMT-naïve individuals as control; 42 species tracked at strain level across 5 phyla; Determinant positions ranged 66 to 161,800 per species (median 15,550)"
27126044,No,3,Month,single-nucleotide variants (SNVs); donor-specific SNVs; recipient-specific SNVs; species composition; microbial diversity,percentage (%); mean percentage across species,69.3±21.8% at 2 days post-FMT; 37.6±16.6% at 3 months post-FMT; 50.7±10.1% coexistence in shared species; 39±23% species resistance; 44±14% species coexistence,Netherlands,colon,2009/2010,Metabolic Syndrome,species composition shifts; donor microbiota colonization; strain coexistence patterns; microbial diversity changes,FMT1; FMT2; FMT3; FMT4; FMT5; SELF1; SELF2; SELF3; SELF4; SELF5,Homo sapiens,Amsterdam,ERR1297428,27126044,SAMEA3882557,Illumina HiSeq 2000,FMT_metabolic_syndrome_2016,Metabolic Syndrome,Fecal Microbiota Transplantation,"10 subjects: 5 allogenic FMT recipients, 5 autologous FMT (placebo); Three lean donors, unrelated to recipients; 55 fecal samples total sequenced; Samples collected pre-FMT and 4 times post-FMT; Metabolic syndrome patients; No antibiotics for ≥3 months before treatment; 164 fecal metagenomes analyzed across three study groups; 1105 detected prokaryotic species; 11.8 million variant positions identified; 109 metagenomes from 48 healthy FMT-naïve individuals as control; 42 species tracked at strain level across 5 phyla; Determinant positions ranged 66 to 161,800 per species (median 15,550)"
27126044,No,3,Month,single-nucleotide variants (SNVs); donor-specific SNVs; recipient-specific SNVs; species composition; microbial diversity,percentage (%); mean percentage across species,69.3±21.8% at 2 days post-FMT; 37.6±16.6% at 3 months post-FMT; 50.7±10.1% coexistence in shared species; 39±23% species resistance; 44±14% species coexistence,Netherlands,colon,2009/2010,Metabolic Syndrome,species composition shifts; donor microbiota colonization; strain coexistence patterns; microbial diversity changes,FMT1; FMT2; FMT3; FMT4; FMT5; SELF1; SELF2; SELF3; SELF4; SELF5,Homo sapiens,Amsterdam,ERR1297429,27126044,SAMEA3882509,Illumina HiSeq 2000,FMT_metabolic_syndrome_2016,Metabolic Syndrome,Fecal Microbiota Transplantation,"10 subjects: 5 allogenic FMT recipients, 5 autologous FMT (placebo); Three lean donors, unrelated to recipients; 55 fecal samples total sequenced; Samples collected pre-FMT and 4 times post-FMT; Metabolic syndrome patients; No antibiotics for ≥3 months before treatment; 164 fecal metagenomes analyzed across three study groups; 1105 detected prokaryotic species; 11.8 million variant positions identified; 109 metagenomes from 48 healthy FMT-naïve individuals as control; 42 species tracked at strain level across 5 phyla; Determinant positions ranged 66 to 161,800 per species (median 15,550)"
27126044,No,3,Month,single-nucleotide variants (SNVs); donor-specific SNVs; recipient-specific SNVs; species composition; microbial diversity,percentage (%); mean percentage across species,69.3±21.8% at 2 days post-FMT; 37.6±16.6% at 3 months post-FMT; 50.7±10.1% coexistence in shared species; 39±23% species resistance; 44±14% species coexistence,Netherlands,colon,2009/2010,Metabolic Syndrome,species composition shifts; donor microbiota colonization; strain coexistence patterns; microbial diversity changes,FMT1; FMT2; FMT3; FMT4; FMT5; SELF1; SELF2; SELF3; SELF4; SELF5,Homo sapiens,Amsterdam,ERR1297434,27126044,SAMEA3882510,Illumina HiSeq 2000,FMT_metabolic_syndrome_2016,Metabolic Syndrome,Fecal Microbiota Transplantation,"10 subjects: 5 allogenic FMT recipients, 5 autologous FMT (placebo); Three lean donors, unrelated to recipients; 55 fecal samples total sequenced; Samples collected pre-FMT and 4 times post-FMT; Metabolic syndrome patients; No antibiotics for ≥3 months before treatment; 164 fecal metagenomes analyzed across three study groups; 1105 detected prokaryotic species; 11.8 million variant positions identified; 109 metagenomes from 48 healthy FMT-naïve individuals as control; 42 species tracked at strain level across 5 phyla; Determinant positions ranged 66 to 161,800 per species (median 15,550)"
27126044,No,3,Month,single-nucleotide variants (SNVs); donor-specific SNVs; recipient-specific SNVs; species composition; microbial diversity,percentage (%); mean percentage across species,69.3±21.8% at 2 days post-FMT; 37.6±16.6% at 3 months post-FMT; 50.7±10.1% coexistence in shared species; 39±23% species resistance; 44±14% species coexistence,Netherlands,colon,2009/2010,Metabolic Syndrome,species composition shifts; donor microbiota colonization; strain coexistence patterns; microbial diversity changes,FMT1; FMT2; FMT3; FMT4; FMT5; SELF1; SELF2; SELF3; SELF4; SELF5,Homo sapiens,Amsterdam,ERR1297436,27126044,SAMEA3882509,Illumina HiSeq 2000,FMT_metabolic_syndrome_2016,Metabolic Syndrome,Fecal Microbiota Transplantation,"10 subjects: 5 allogenic FMT recipients, 5 autologous FMT (placebo); Three lean donors, unrelated to recipients; 55 fecal samples total sequenced; Samples collected pre-FMT and 4 times post-FMT; Metabolic syndrome patients; No antibiotics for ≥3 months before treatment; 164 fecal metagenomes analyzed across three study groups; 1105 detected prokaryotic species; 11.8 million variant positions identified; 109 metagenomes from 48 healthy FMT-naïve individuals as control; 42 species tracked at strain level across 5 phyla; Determinant positions ranged 66 to 161,800 per species (median 15,550)"
27126044,No,3,Month,single-nucleotide variants (SNVs); donor-specific SNVs; recipient-specific SNVs; species composition; microbial diversity,percentage (%); mean percentage across species,69.3±21.8% at 2 days post-FMT; 37.6±16.6% at 3 months post-FMT; 50.7±10.1% coexistence in shared species; 39±23% species resistance; 44±14% species coexistence,Netherlands,colon,2009/2010,Metabolic Syndrome,species composition shifts; donor microbiota colonization; strain coexistence patterns; microbial diversity changes,FMT1; FMT2; FMT3; FMT4; FMT5; SELF1; SELF2; SELF3; SELF4; SELF5,Homo sapiens,Amsterdam,ERR1297437,27126044,SAMEA3882538,Illumina HiSeq 2000,FMT_metabolic_syndrome_2016,Metabolic Syndrome,Fecal Microbiota Transplantation,"10 subjects: 5 allogenic FMT recipients, 5 autologous FMT (placebo); Three lean donors, unrelated to recipients; 55 fecal samples total sequenced; Samples collected pre-FMT and 4 times post-FMT; Metabolic syndrome patients; No antibiotics for ≥3 months before treatment; 164 fecal metagenomes analyzed across three study groups; 1105 detected prokaryotic species; 11.8 million variant positions identified; 109 metagenomes from 48 healthy FMT-naïve individuals as control; 42 species tracked at strain level across 5 phyla; Determinant positions ranged 66 to 161,800 per species (median 15,550)"
27126044,No,3,Month,single-nucleotide variants (SNVs); donor-specific SNVs; recipient-specific SNVs; species composition; microbial diversity,percentage (%); mean percentage across species,69.3±21.8% at 2 days post-FMT; 37.6±16.6% at 3 months post-FMT; 50.7±10.1% coexistence in shared species; 39±23% species resistance; 44±14% species coexistence,Netherlands,colon,2009/2010,Metabolic Syndrome,species composition shifts; donor microbiota colonization; strain coexistence patterns; microbial diversity changes,FMT1; FMT2; FMT3; FMT4; FMT5; SELF1; SELF2; SELF3; SELF4; SELF5,Homo sapiens,Amsterdam,ERR1297438,27126044,SAMEA3882535,Illumina HiSeq 2000,FMT_metabolic_syndrome_2016,Metabolic Syndrome,Fecal Microbiota Transplantation,"10 subjects: 5 allogenic FMT recipients, 5 autologous FMT (placebo); Three lean donors, unrelated to recipients; 55 fecal samples total sequenced; Samples collected pre-FMT and 4 times post-FMT; Metabolic syndrome patients; No antibiotics for ≥3 months before treatment; 164 fecal metagenomes analyzed across three study groups; 1105 detected prokaryotic species; 11.8 million variant positions identified; 109 metagenomes from 48 healthy FMT-naïve individuals as control; 42 species tracked at strain level across 5 phyla; Determinant positions ranged 66 to 161,800 per species (median 15,550)"
27126044,No,3,Month,single-nucleotide variants (SNVs); donor-specific SNVs; recipient-specific SNVs; species composition; microbial diversity,percentage (%); mean percentage across species,69.3±21.8% at 2 days post-FMT; 37.6±16.6% at 3 months post-FMT; 50.7±10.1% coexistence in shared species; 39±23% species resistance; 44±14% species coexistence,Netherlands,colon,2009/2010,Metabolic Syndrome,species composition shifts; donor microbiota colonization; strain coexistence patterns; microbial diversity changes,FMT1; FMT2; FMT3; FMT4; FMT5; SELF1; SELF2; SELF3; SELF4; SELF5,Homo sapiens,Amsterdam,ERR1297443,27126044,SAMEA3882526,Illumina HiSeq 2000,FMT_metabolic_syndrome_2016,Metabolic Syndrome,Fecal Microbiota Transplantation,"10 subjects: 5 allogenic FMT recipients, 5 autologous FMT (placebo); Three lean donors, unrelated to recipients; 55 fecal samples total sequenced; Samples collected pre-FMT and 4 times post-FMT; Metabolic syndrome patients; No antibiotics for ≥3 months before treatment; 164 fecal metagenomes analyzed across three study groups; 1105 detected prokaryotic species; 11.8 million variant positions identified; 109 metagenomes from 48 healthy FMT-naïve individuals as control; 42 species tracked at strain level across 5 phyla; Determinant positions ranged 66 to 161,800 per species (median 15,550)"
27126044,No,3,Month,single-nucleotide variants (SNVs); donor-specific SNVs; recipient-specific SNVs; species composition; microbial diversity,percentage (%); mean percentage across species,69.3±21.8% at 2 days post-FMT; 37.6±16.6% at 3 months post-FMT; 50.7±10.1% coexistence in shared species; 39±23% species resistance; 44±14% species coexistence,Netherlands,colon,2009/2010,Metabolic Syndrome,species composition shifts; donor microbiota colonization; strain coexistence patterns; microbial diversity changes,FMT1; FMT2; FMT3; FMT4; FMT5; SELF1; SELF2; SELF3; SELF4; SELF5,Homo sapiens,Amsterdam,ERR1297444,27126044,SAMEA3882546,Illumina HiSeq 2000,FMT_metabolic_syndrome_2016,Metabolic Syndrome,Fecal Microbiota Transplantation,"10 subjects: 5 allogenic FMT recipients, 5 autologous FMT (placebo); Three lean donors, unrelated to recipients; 55 fecal samples total sequenced; Samples collected pre-FMT and 4 times post-FMT; Metabolic syndrome patients; No antibiotics for ≥3 months before treatment; 164 fecal metagenomes analyzed across three study groups; 1105 detected prokaryotic species; 11.8 million variant positions identified; 109 metagenomes from 48 healthy FMT-naïve individuals as control; 42 species tracked at strain level across 5 phyla; Determinant positions ranged 66 to 161,800 per species (median 15,550)"
27126044,No,3,Month,single-nucleotide variants (SNVs); donor-specific SNVs; recipient-specific SNVs; species composition; microbial diversity,percentage (%); mean percentage across species,69.3±21.8% at 2 days post-FMT; 37.6±16.6% at 3 months post-FMT; 50.7±10.1% coexistence in shared species; 39±23% species resistance; 44±14% species coexistence,Netherlands,colon,2009/2010,Metabolic Syndrome,species composition shifts; donor microbiota colonization; strain coexistence patterns; microbial diversity changes,FMT1; FMT2; FMT3; FMT4; FMT5; SELF1; SELF2; SELF3; SELF4; SELF5,Homo sapiens,Amsterdam,ERR1297446,27126044,SAMEA3882508,Illumina HiSeq 2000,FMT_metabolic_syndrome_2016,Metabolic Syndrome,Fecal Microbiota Transplantation,"10 subjects: 5 allogenic FMT recipients, 5 autologous FMT (placebo); Three lean donors, unrelated to recipients; 55 fecal samples total sequenced; Samples collected pre-FMT and 4 times post-FMT; Metabolic syndrome patients; No antibiotics for ≥3 months before treatment; 164 fecal metagenomes analyzed across three study groups; 1105 detected prokaryotic species; 11.8 million variant positions identified; 109 metagenomes from 48 healthy FMT-naïve individuals as control; 42 species tracked at strain level across 5 phyla; Determinant positions ranged 66 to 161,800 per species (median 15,550)"
27126044,No,3,Month,single-nucleotide variants (SNVs); donor-specific SNVs; recipient-specific SNVs; species composition; microbial diversity,percentage (%); mean percentage across species,69.3±21.8% at 2 days post-FMT; 37.6±16.6% at 3 months post-FMT; 50.7±10.1% coexistence in shared species; 39±23% species resistance; 44±14% species coexistence,Netherlands,colon,2009/2010,Metabolic Syndrome,species composition shifts; donor microbiota colonization; strain coexistence patterns; microbial diversity changes,FMT1; FMT2; FMT3; FMT4; FMT5; SELF1; SELF2; SELF3; SELF4; SELF5,Homo sapiens,Amsterdam,ERR1297453,27126044,SAMEA3882542,Illumina HiSeq 2000,FMT_metabolic_syndrome_2016,Metabolic Syndrome,Fecal Microbiota Transplantation,"10 subjects: 5 allogenic FMT recipients, 5 autologous FMT (placebo); Three lean donors, unrelated to recipients; 55 fecal samples total sequenced; Samples collected pre-FMT and 4 times post-FMT; Metabolic syndrome patients; No antibiotics for ≥3 months before treatment; 164 fecal metagenomes analyzed across three study groups; 1105 detected prokaryotic species; 11.8 million variant positions identified; 109 metagenomes from 48 healthy FMT-naïve individuals as control; 42 species tracked at strain level across 5 phyla; Determinant positions ranged 66 to 161,800 per species (median 15,550)"
27126044,No,3,Month,single-nucleotide variants (SNVs); donor-specific SNVs; recipient-specific SNVs; species composition; microbial diversity,percentage (%); mean percentage across species,69.3±21.8% at 2 days post-FMT; 37.6±16.6% at 3 months post-FMT; 50.7±10.1% coexistence in shared species; 39±23% species resistance; 44±14% species coexistence,Netherlands,colon,2009/2010,Metabolic Syndrome,species composition shifts; donor microbiota colonization; strain coexistence patterns; microbial diversity changes,FMT1; FMT2; FMT3; FMT4; FMT5; SELF1; SELF2; SELF3; SELF4; SELF5,Homo sapiens,Amsterdam,ERR1297454,27126044,SAMEA3882533,Illumina HiSeq 2000,FMT_metabolic_syndrome_2016,Metabolic Syndrome,Fecal Microbiota Transplantation,"10 subjects: 5 allogenic FMT recipients, 5 autologous FMT (placebo); Three lean donors, unrelated to recipients; 55 fecal samples total sequenced; Samples collected pre-FMT and 4 times post-FMT; Metabolic syndrome patients; No antibiotics for ≥3 months before treatment; 164 fecal metagenomes analyzed across three study groups; 1105 detected prokaryotic species; 11.8 million variant positions identified; 109 metagenomes from 48 healthy FMT-naïve individuals as control; 42 species tracked at strain level across 5 phyla; Determinant positions ranged 66 to 161,800 per species (median 15,550)"
27126044,No,3,Month,single-nucleotide variants (SNVs); donor-specific SNVs; recipient-specific SNVs; species composition; microbial diversity,percentage (%); mean percentage across species,69.3±21.8% at 2 days post-FMT; 37.6±16.6% at 3 months post-FMT; 50.7±10.1% coexistence in shared species; 39±23% species resistance; 44±14% species coexistence,Netherlands,colon,2009/2010,Metabolic Syndrome,species composition shifts; donor microbiota colonization; strain coexistence patterns; microbial diversity changes,FMT1; FMT2; FMT3; FMT4; FMT5; SELF1; SELF2; SELF3; SELF4; SELF5,Homo sapiens,Amsterdam,ERR1297455,27126044,SAMEA3882537,Illumina HiSeq 2000,FMT_metabolic_syndrome_2016,Metabolic Syndrome,Fecal Microbiota Transplantation,"10 subjects: 5 allogenic FMT recipients, 5 autologous FMT (placebo); Three lean donors, unrelated to recipients; 55 fecal samples total sequenced; Samples collected pre-FMT and 4 times post-FMT; Metabolic syndrome patients; No antibiotics for ≥3 months before treatment; 164 fecal metagenomes analyzed across three study groups; 1105 detected prokaryotic species; 11.8 million variant positions identified; 109 metagenomes from 48 healthy FMT-naïve individuals as control; 42 species tracked at strain level across 5 phyla; Determinant positions ranged 66 to 161,800 per species (median 15,550)"
27126044,No,3,Month,single-nucleotide variants (SNVs); donor-specific SNVs; recipient-specific SNVs; species composition; microbial diversity,percentage (%); mean percentage across species,69.3±21.8% at 2 days post-FMT; 37.6±16.6% at 3 months post-FMT; 50.7±10.1% coexistence in shared species; 39±23% species resistance; 44±14% species coexistence,Netherlands,colon,2009/2010,Metabolic Syndrome,species composition shifts; donor microbiota colonization; strain coexistence patterns; microbial diversity changes,FMT1; FMT2; FMT3; FMT4; FMT5; SELF1; SELF2; SELF3; SELF4; SELF5,Homo sapiens,Amsterdam,ERR1297460,27126044,SAMEA3882515,Illumina HiSeq 2000,FMT_metabolic_syndrome_2016,Metabolic Syndrome,Fecal Microbiota Transplantation,"10 subjects: 5 allogenic FMT recipients, 5 autologous FMT (placebo); Three lean donors, unrelated to recipients; 55 fecal samples total sequenced; Samples collected pre-FMT and 4 times post-FMT; Metabolic syndrome patients; No antibiotics for ≥3 months before treatment; 164 fecal metagenomes analyzed across three study groups; 1105 detected prokaryotic species; 11.8 million variant positions identified; 109 metagenomes from 48 healthy FMT-naïve individuals as control; 42 species tracked at strain level across 5 phyla; Determinant positions ranged 66 to 161,800 per species (median 15,550)"
27126044,No,3,Month,single-nucleotide variants (SNVs); donor-specific SNVs; recipient-specific SNVs; species composition; microbial diversity,percentage (%); mean percentage across species,69.3±21.8% at 2 days post-FMT; 37.6±16.6% at 3 months post-FMT; 50.7±10.1% coexistence in shared species; 39±23% species resistance; 44±14% species coexistence,Netherlands,colon,2009/2010,Metabolic Syndrome,species composition shifts; donor microbiota colonization; strain coexistence patterns; microbial diversity changes,FMT1; FMT2; FMT3; FMT4; FMT5; SELF1; SELF2; SELF3; SELF4; SELF5,Homo sapiens,Amsterdam,ERR1297462,27126044,SAMEA3882542,Illumina HiSeq 2000,FMT_metabolic_syndrome_2016,Metabolic Syndrome,Fecal Microbiota Transplantation,"10 subjects: 5 allogenic FMT recipients, 5 autologous FMT (placebo); Three lean donors, unrelated to recipients; 55 fecal samples total sequenced; Samples collected pre-FMT and 4 times post-FMT; Metabolic syndrome patients; No antibiotics for ≥3 months before treatment; 164 fecal metagenomes analyzed across three study groups; 1105 detected prokaryotic species; 11.8 million variant positions identified; 109 metagenomes from 48 healthy FMT-naïve individuals as control; 42 species tracked at strain level across 5 phyla; Determinant positions ranged 66 to 161,800 per species (median 15,550)"
27126044,No,3,Month,single-nucleotide variants (SNVs); donor-specific SNVs; recipient-specific SNVs; species composition; microbial diversity,percentage (%); mean percentage across species,69.3±21.8% at 2 days post-FMT; 37.6±16.6% at 3 months post-FMT; 50.7±10.1% coexistence in shared species; 39±23% species resistance; 44±14% species coexistence,Netherlands,colon,2009/2010,Metabolic Syndrome,species composition shifts; donor microbiota colonization; strain coexistence patterns; microbial diversity changes,FMT1; FMT2; FMT3; FMT4; FMT5; SELF1; SELF2; SELF3; SELF4; SELF5,Homo sapiens,Amsterdam,ERR1297468,27126044,SAMEA3882527,Illumina HiSeq 2000,FMT_metabolic_syndrome_2016,Metabolic Syndrome,Fecal Microbiota Transplantation,"10 subjects: 5 allogenic FMT recipients, 5 autologous FMT (placebo); Three lean donors, unrelated to recipients; 55 fecal samples total sequenced; Samples collected pre-FMT and 4 times post-FMT; Metabolic syndrome patients; No antibiotics for ≥3 months before treatment; 164 fecal metagenomes analyzed across three study groups; 1105 detected prokaryotic species; 11.8 million variant positions identified; 109 metagenomes from 48 healthy FMT-naïve individuals as control; 42 species tracked at strain level across 5 phyla; Determinant positions ranged 66 to 161,800 per species (median 15,550)"
27126044,No,3,Month,single-nucleotide variants (SNVs); donor-specific SNVs; recipient-specific SNVs; species composition; microbial diversity,percentage (%); mean percentage across species,69.3±21.8% at 2 days post-FMT; 37.6±16.6% at 3 months post-FMT; 50.7±10.1% coexistence in shared species; 39±23% species resistance; 44±14% species coexistence,Netherlands,colon,2009/2010,Metabolic Syndrome,species composition shifts; donor microbiota colonization; strain coexistence patterns; microbial diversity changes,FMT1; FMT2; FMT3; FMT4; FMT5; SELF1; SELF2; SELF3; SELF4; SELF5,Homo sapiens,Amsterdam,ERR1297469,27126044,SAMEA3882522,Illumina HiSeq 2000,FMT_metabolic_syndrome_2016,Metabolic Syndrome,Fecal Microbiota Transplantation,"10 subjects: 5 allogenic FMT recipients, 5 autologous FMT (placebo); Three lean donors, unrelated to recipients; 55 fecal samples total sequenced; Samples collected pre-FMT and 4 times post-FMT; Metabolic syndrome patients; No antibiotics for ≥3 months before treatment; 164 fecal metagenomes analyzed across three study groups; 1105 detected prokaryotic species; 11.8 million variant positions identified; 109 metagenomes from 48 healthy FMT-naïve individuals as control; 42 species tracked at strain level across 5 phyla; Determinant positions ranged 66 to 161,800 per species (median 15,550)"
27126044,No,3,Month,single-nucleotide variants (SNVs); donor-specific SNVs; recipient-specific SNVs; species composition; microbial diversity,percentage (%); mean percentage across species,69.3±21.8% at 2 days post-FMT; 37.6±16.6% at 3 months post-FMT; 50.7±10.1% coexistence in shared species; 39±23% species resistance; 44±14% species coexistence,Netherlands,colon,2009/2010,Metabolic Syndrome,species composition shifts; donor microbiota colonization; strain coexistence patterns; microbial diversity changes,FMT1; FMT2; FMT3; FMT4; FMT5; SELF1; SELF2; SELF3; SELF4; SELF5,Homo sapiens,Amsterdam,ERR1297470,27126044,SAMEA3882528,Illumina HiSeq 2000,FMT_metabolic_syndrome_2016,Metabolic Syndrome,Fecal Microbiota Transplantation,"10 subjects: 5 allogenic FMT recipients, 5 autologous FMT (placebo); Three lean donors, unrelated to recipients; 55 fecal samples total sequenced; Samples collected pre-FMT and 4 times post-FMT; Metabolic syndrome patients; No antibiotics for ≥3 months before treatment; 164 fecal metagenomes analyzed across three study groups; 1105 detected prokaryotic species; 11.8 million variant positions identified; 109 metagenomes from 48 healthy FMT-naïve individuals as control; 42 species tracked at strain level across 5 phyla; Determinant positions ranged 66 to 161,800 per species (median 15,550)"
27126044,No,3,Month,single-nucleotide variants (SNVs); donor-specific SNVs; recipient-specific SNVs; species composition; microbial diversity,percentage (%); mean percentage across species,69.3±21.8% at 2 days post-FMT; 37.6±16.6% at 3 months post-FMT; 50.7±10.1% coexistence in shared species; 39±23% species resistance; 44±14% species coexistence,Netherlands,colon,2009/2010,Metabolic Syndrome,species composition shifts; donor microbiota colonization; strain coexistence patterns; microbial diversity changes,FMT1; FMT2; FMT3; FMT4; FMT5; SELF1; SELF2; SELF3; SELF4; SELF5,Homo sapiens,Amsterdam,ERR1297473,27126044,SAMEA3882541,Illumina HiSeq 2000,FMT_metabolic_syndrome_2016,Metabolic Syndrome,Fecal Microbiota Transplantation,"10 subjects: 5 allogenic FMT recipients, 5 autologous FMT (placebo); Three lean donors, unrelated to recipients; 55 fecal samples total sequenced; Samples collected pre-FMT and 4 times post-FMT; Metabolic syndrome patients; No antibiotics for ≥3 months before treatment; 164 fecal metagenomes analyzed across three study groups; 1105 detected prokaryotic species; 11.8 million variant positions identified; 109 metagenomes from 48 healthy FMT-naïve individuals as control; 42 species tracked at strain level across 5 phyla; Determinant positions ranged 66 to 161,800 per species (median 15,550)"
27126044,No,3,Month,single-nucleotide variants (SNVs); donor-specific SNVs; recipient-specific SNVs; species composition; microbial diversity,percentage (%); mean percentage across species,69.3±21.8% at 2 days post-FMT; 37.6±16.6% at 3 months post-FMT; 50.7±10.1% coexistence in shared species; 39±23% species resistance; 44±14% species coexistence,Netherlands,colon,2009/2010,Metabolic Syndrome,species composition shifts; donor microbiota colonization; strain coexistence patterns; microbial diversity changes,FMT1; FMT2; FMT3; FMT4; FMT5; SELF1; SELF2; SELF3; SELF4; SELF5,Homo sapiens,Amsterdam,ERR1297475,27126044,SAMEA3882548,Illumina HiSeq 2000,FMT_metabolic_syndrome_2016,Metabolic Syndrome,Fecal Microbiota Transplantation,"10 subjects: 5 allogenic FMT recipients, 5 autologous FMT (placebo); Three lean donors, unrelated to recipients; 55 fecal samples total sequenced; Samples collected pre-FMT and 4 times post-FMT; Metabolic syndrome patients; No antibiotics for ≥3 months before treatment; 164 fecal metagenomes analyzed across three study groups; 1105 detected prokaryotic species; 11.8 million variant positions identified; 109 metagenomes from 48 healthy FMT-naïve individuals as control; 42 species tracked at strain level across 5 phyla; Determinant positions ranged 66 to 161,800 per species (median 15,550)"
27126044,No,3,Month,single-nucleotide variants (SNVs); donor-specific SNVs; recipient-specific SNVs; species composition; microbial diversity,percentage (%); mean percentage across species,69.3±21.8% at 2 days post-FMT; 37.6±16.6% at 3 months post-FMT; 50.7±10.1% coexistence in shared species; 39±23% species resistance; 44±14% species coexistence,Netherlands,colon,2009/2010,Metabolic Syndrome,species composition shifts; donor microbiota colonization; strain coexistence patterns; microbial diversity changes,FMT1; FMT2; FMT3; FMT4; FMT5; SELF1; SELF2; SELF3; SELF4; SELF5,Homo sapiens,Amsterdam,ERR1297480,27126044,SAMEA3882503,Illumina HiSeq 2000,FMT_metabolic_syndrome_2016,Metabolic Syndrome,Fecal Microbiota Transplantation,"10 subjects: 5 allogenic FMT recipients, 5 autologous FMT (placebo); Three lean donors, unrelated to recipients; 55 fecal samples total sequenced; Samples collected pre-FMT and 4 times post-FMT; Metabolic syndrome patients; No antibiotics for ≥3 months before treatment; 164 fecal metagenomes analyzed across three study groups; 1105 detected prokaryotic species; 11.8 million variant positions identified; 109 metagenomes from 48 healthy FMT-naïve individuals as control; 42 species tracked at strain level across 5 phyla; Determinant positions ranged 66 to 161,800 per species (median 15,550)"
27126044,No,3,Month,single-nucleotide variants (SNVs); donor-specific SNVs; recipient-specific SNVs; species composition; microbial diversity,percentage (%); mean percentage across species,69.3±21.8% at 2 days post-FMT; 37.6±16.6% at 3 months post-FMT; 50.7±10.1% coexistence in shared species; 39±23% species resistance; 44±14% species coexistence,Netherlands,colon,2009/2010,Metabolic Syndrome,species composition shifts; donor microbiota colonization; strain coexistence patterns; microbial diversity changes,FMT1; FMT2; FMT3; FMT4; FMT5; SELF1; SELF2; SELF3; SELF4; SELF5,Homo sapiens,Amsterdam,ERR1297490,27126044,SAMEA3882549,Illumina HiSeq 2000,FMT_metabolic_syndrome_2016,Metabolic Syndrome,Fecal Microbiota Transplantation,"10 subjects: 5 allogenic FMT recipients, 5 autologous FMT (placebo); Three lean donors, unrelated to recipients; 55 fecal samples total sequenced; Samples collected pre-FMT and 4 times post-FMT; Metabolic syndrome patients; No antibiotics for ≥3 months before treatment; 164 fecal metagenomes analyzed across three study groups; 1105 detected prokaryotic species; 11.8 million variant positions identified; 109 metagenomes from 48 healthy FMT-naïve individuals as control; 42 species tracked at strain level across 5 phyla; Determinant positions ranged 66 to 161,800 per species (median 15,550)"
27126044,No,3,Month,single-nucleotide variants (SNVs); donor-specific SNVs; recipient-specific SNVs; species composition; microbial diversity,percentage (%); mean percentage across species,69.3±21.8% at 2 days post-FMT; 37.6±16.6% at 3 months post-FMT; 50.7±10.1% coexistence in shared species; 39±23% species resistance; 44±14% species coexistence,Netherlands,colon,2009/2010,Metabolic Syndrome,species composition shifts; donor microbiota colonization; strain coexistence patterns; microbial diversity changes,FMT1; FMT2; FMT3; FMT4; FMT5; SELF1; SELF2; SELF3; SELF4; SELF5,Homo sapiens,Amsterdam,ERR1297496,27126044,SAMEA3882514,Illumina HiSeq 2000,FMT_metabolic_syndrome_2016,Metabolic Syndrome,Fecal Microbiota Transplantation,"10 subjects: 5 allogenic FMT recipients, 5 autologous FMT (placebo); Three lean donors, unrelated to recipients; 55 fecal samples total sequenced; Samples collected pre-FMT and 4 times post-FMT; Metabolic syndrome patients; No antibiotics for ≥3 months before treatment; 164 fecal metagenomes analyzed across three study groups; 1105 detected prokaryotic species; 11.8 million variant positions identified; 109 metagenomes from 48 healthy FMT-naïve individuals as control; 42 species tracked at strain level across 5 phyla; Determinant positions ranged 66 to 161,800 per species (median 15,550)"
27126044,No,3,Month,single-nucleotide variants (SNVs); donor-specific SNVs; recipient-specific SNVs; species composition; microbial diversity,percentage (%); mean percentage across species,69.3±21.8% at 2 days post-FMT; 37.6±16.6% at 3 months post-FMT; 50.7±10.1% coexistence in shared species; 39±23% species resistance; 44±14% species coexistence,Netherlands,colon,2009/2010,Metabolic Syndrome,species composition shifts; donor microbiota colonization; strain coexistence patterns; microbial diversity changes,FMT1; FMT2; FMT3; FMT4; FMT5; SELF1; SELF2; SELF3; SELF4; SELF5,Homo sapiens,Amsterdam,ERR1297499,27126044,SAMEA3882544,Illumina HiSeq 2000,FMT_metabolic_syndrome_2016,Metabolic Syndrome,Fecal Microbiota Transplantation,"10 subjects: 5 allogenic FMT recipients, 5 autologous FMT (placebo); Three lean donors, unrelated to recipients; 55 fecal samples total sequenced; Samples collected pre-FMT and 4 times post-FMT; Metabolic syndrome patients; No antibiotics for ≥3 months before treatment; 164 fecal metagenomes analyzed across three study groups; 1105 detected prokaryotic species; 11.8 million variant positions identified; 109 metagenomes from 48 healthy FMT-naïve individuals as control; 42 species tracked at strain level across 5 phyla; Determinant positions ranged 66 to 161,800 per species (median 15,550)"
27126044,No,3,Month,single-nucleotide variants (SNVs); donor-specific SNVs; recipient-specific SNVs; species composition; microbial diversity,percentage (%); mean percentage across species,69.3±21.8% at 2 days post-FMT; 37.6±16.6% at 3 months post-FMT; 50.7±10.1% coexistence in shared species; 39±23% species resistance; 44±14% species coexistence,Netherlands,colon,2009/2010,Metabolic Syndrome,species composition shifts; donor microbiota colonization; strain coexistence patterns; microbial diversity changes,FMT1; FMT2; FMT3; FMT4; FMT5; SELF1; SELF2; SELF3; SELF4; SELF5,Homo sapiens,Amsterdam,ERR1297503,27126044,SAMEA3882511,Illumina HiSeq 2000,FMT_metabolic_syndrome_2016,Metabolic Syndrome,Fecal Microbiota Transplantation,"10 subjects: 5 allogenic FMT recipients, 5 autologous FMT (placebo); Three lean donors, unrelated to recipients; 55 fecal samples total sequenced; Samples collected pre-FMT and 4 times post-FMT; Metabolic syndrome patients; No antibiotics for ≥3 months before treatment; 164 fecal metagenomes analyzed across three study groups; 1105 detected prokaryotic species; 11.8 million variant positions identified; 109 metagenomes from 48 healthy FMT-naïve individuals as control; 42 species tracked at strain level across 5 phyla; Determinant positions ranged 66 to 161,800 per species (median 15,550)"
27126044,No,3,Month,single-nucleotide variants (SNVs); donor-specific SNVs; recipient-specific SNVs; species composition; microbial diversity,percentage (%); mean percentage across species,69.3±21.8% at 2 days post-FMT; 37.6±16.6% at 3 months post-FMT; 50.7±10.1% coexistence in shared species; 39±23% species resistance; 44±14% species coexistence,Netherlands,colon,2009/2010,Metabolic Syndrome,species composition shifts; donor microbiota colonization; strain coexistence patterns; microbial diversity changes,FMT1; FMT2; FMT3; FMT4; FMT5; SELF1; SELF2; SELF3; SELF4; SELF5,Homo sapiens,Amsterdam,ERR1297505,27126044,SAMEA3882530,Illumina HiSeq 2000,FMT_metabolic_syndrome_2016,Metabolic Syndrome,Fecal Microbiota Transplantation,"10 subjects: 5 allogenic FMT recipients, 5 autologous FMT (placebo); Three lean donors, unrelated to recipients; 55 fecal samples total sequenced; Samples collected pre-FMT and 4 times post-FMT; Metabolic syndrome patients; No antibiotics for ≥3 months before treatment; 164 fecal metagenomes analyzed across three study groups; 1105 detected prokaryotic species; 11.8 million variant positions identified; 109 metagenomes from 48 healthy FMT-naïve individuals as control; 42 species tracked at strain level across 5 phyla; Determinant positions ranged 66 to 161,800 per species (median 15,550)"
27126044,No,3,Month,single-nucleotide variants (SNVs); donor-specific SNVs; recipient-specific SNVs; species composition; microbial diversity,percentage (%); mean percentage across species,69.3±21.8% at 2 days post-FMT; 37.6±16.6% at 3 months post-FMT; 50.7±10.1% coexistence in shared species; 39±23% species resistance; 44±14% species coexistence,Netherlands,colon,2009/2010,Metabolic Syndrome,species composition shifts; donor microbiota colonization; strain coexistence patterns; microbial diversity changes,FMT1; FMT2; FMT3; FMT4; FMT5; SELF1; SELF2; SELF3; SELF4; SELF5,Homo sapiens,Amsterdam,ERR1297508,27126044,SAMEA3882553,Illumina HiSeq 2000,FMT_metabolic_syndrome_2016,Metabolic Syndrome,Fecal Microbiota Transplantation,"10 subjects: 5 allogenic FMT recipients, 5 autologous FMT (placebo); Three lean donors, unrelated to recipients; 55 fecal samples total sequenced; Samples collected pre-FMT and 4 times post-FMT; Metabolic syndrome patients; No antibiotics for ≥3 months before treatment; 164 fecal metagenomes analyzed across three study groups; 1105 detected prokaryotic species; 11.8 million variant positions identified; 109 metagenomes from 48 healthy FMT-naïve individuals as control; 42 species tracked at strain level across 5 phyla; Determinant positions ranged 66 to 161,800 per species (median 15,550)"
27126044,No,3,Month,single-nucleotide variants (SNVs); donor-specific SNVs; recipient-specific SNVs; species composition; microbial diversity,percentage (%); mean percentage across species,69.3±21.8% at 2 days post-FMT; 37.6±16.6% at 3 months post-FMT; 50.7±10.1% coexistence in shared species; 39±23% species resistance; 44±14% species coexistence,Netherlands,colon,2009/2010,Metabolic Syndrome,species composition shifts; donor microbiota colonization; strain coexistence patterns; microbial diversity changes,FMT1; FMT2; FMT3; FMT4; FMT5; SELF1; SELF2; SELF3; SELF4; SELF5,Homo sapiens,Amsterdam,ERR1297510,27126044,SAMEA3882539,Illumina HiSeq 2000,FMT_metabolic_syndrome_2016,Metabolic Syndrome,Fecal Microbiota Transplantation,"10 subjects: 5 allogenic FMT recipients, 5 autologous FMT (placebo); Three lean donors, unrelated to recipients; 55 fecal samples total sequenced; Samples collected pre-FMT and 4 times post-FMT; Metabolic syndrome patients; No antibiotics for ≥3 months before treatment; 164 fecal metagenomes analyzed across three study groups; 1105 detected prokaryotic species; 11.8 million variant positions identified; 109 metagenomes from 48 healthy FMT-naïve individuals as control; 42 species tracked at strain level across 5 phyla; Determinant positions ranged 66 to 161,800 per species (median 15,550)"
27126044,No,3,Month,single-nucleotide variants (SNVs); donor-specific SNVs; recipient-specific SNVs; species composition; microbial diversity,percentage (%); mean percentage across species,69.3±21.8% at 2 days post-FMT; 37.6±16.6% at 3 months post-FMT; 50.7±10.1% coexistence in shared species; 39±23% species resistance; 44±14% species coexistence,Netherlands,colon,2009/2010,Metabolic Syndrome,species composition shifts; donor microbiota colonization; strain coexistence patterns; microbial diversity changes,FMT1; FMT2; FMT3; FMT4; FMT5; SELF1; SELF2; SELF3; SELF4; SELF5,Homo sapiens,Amsterdam,ERR1297511,27126044,SAMEA3882550,Illumina HiSeq 2000,FMT_metabolic_syndrome_2016,Metabolic Syndrome,Fecal Microbiota Transplantation,"10 subjects: 5 allogenic FMT recipients, 5 autologous FMT (placebo); Three lean donors, unrelated to recipients; 55 fecal samples total sequenced; Samples collected pre-FMT and 4 times post-FMT; Metabolic syndrome patients; No antibiotics for ≥3 months before treatment; 164 fecal metagenomes analyzed across three study groups; 1105 detected prokaryotic species; 11.8 million variant positions identified; 109 metagenomes from 48 healthy FMT-naïve individuals as control; 42 species tracked at strain level across 5 phyla; Determinant positions ranged 66 to 161,800 per species (median 15,550)"
27126044,No,3,Month,single-nucleotide variants (SNVs); donor-specific SNVs; recipient-specific SNVs; species composition; microbial diversity,percentage (%); mean percentage across species,69.3±21.8% at 2 days post-FMT; 37.6±16.6% at 3 months post-FMT; 50.7±10.1% coexistence in shared species; 39±23% species resistance; 44±14% species coexistence,Netherlands,colon,2009/2010,Metabolic Syndrome,species composition shifts; donor microbiota colonization; strain coexistence patterns; microbial diversity changes,FMT1; FMT2; FMT3; FMT4; FMT5; SELF1; SELF2; SELF3; SELF4; SELF5,Homo sapiens,Amsterdam,ERR1297512,27126044,SAMEA3882541,Illumina HiSeq 2000,FMT_metabolic_syndrome_2016,Metabolic Syndrome,Fecal Microbiota Transplantation,"10 subjects: 5 allogenic FMT recipients, 5 autologous FMT (placebo); Three lean donors, unrelated to recipients; 55 fecal samples total sequenced; Samples collected pre-FMT and 4 times post-FMT; Metabolic syndrome patients; No antibiotics for ≥3 months before treatment; 164 fecal metagenomes analyzed across three study groups; 1105 detected prokaryotic species; 11.8 million variant positions identified; 109 metagenomes from 48 healthy FMT-naïve individuals as control; 42 species tracked at strain level across 5 phyla; Determinant positions ranged 66 to 161,800 per species (median 15,550)"
27126044,No,3,Month,single-nucleotide variants (SNVs); donor-specific SNVs; recipient-specific SNVs; species composition; microbial diversity,percentage (%); mean percentage across species,69.3±21.8% at 2 days post-FMT; 37.6±16.6% at 3 months post-FMT; 50.7±10.1% coexistence in shared species; 39±23% species resistance; 44±14% species coexistence,Netherlands,colon,2009/2010,Metabolic Syndrome,species composition shifts; donor microbiota colonization; strain coexistence patterns; microbial diversity changes,FMT1; FMT2; FMT3; FMT4; FMT5; SELF1; SELF2; SELF3; SELF4; SELF5,Homo sapiens,Amsterdam,ERR1297516,27126044,SAMEA3882511,Illumina HiSeq 2000,FMT_metabolic_syndrome_2016,Metabolic Syndrome,Fecal Microbiota Transplantation,"10 subjects: 5 allogenic FMT recipients, 5 autologous FMT (placebo); Three lean donors, unrelated to recipients; 55 fecal samples total sequenced; Samples collected pre-FMT and 4 times post-FMT; Metabolic syndrome patients; No antibiotics for ≥3 months before treatment; 164 fecal metagenomes analyzed across three study groups; 1105 detected prokaryotic species; 11.8 million variant positions identified; 109 metagenomes from 48 healthy FMT-naïve individuals as control; 42 species tracked at strain level across 5 phyla; Determinant positions ranged 66 to 161,800 per species (median 15,550)"
27126044,No,3,Month,single-nucleotide variants (SNVs); donor-specific SNVs; recipient-specific SNVs; species composition; microbial diversity,percentage (%); mean percentage across species,69.3±21.8% at 2 days post-FMT; 37.6±16.6% at 3 months post-FMT; 50.7±10.1% coexistence in shared species; 39±23% species resistance; 44±14% species coexistence,Netherlands,colon,2009/2010,Metabolic Syndrome,species composition shifts; donor microbiota colonization; strain coexistence patterns; microbial diversity changes,FMT1; FMT2; FMT3; FMT4; FMT5; SELF1; SELF2; SELF3; SELF4; SELF5,Homo sapiens,Amsterdam,ERR1297521,27126044,SAMEA3882506,Illumina HiSeq 2000,FMT_metabolic_syndrome_2016,Metabolic Syndrome,Fecal Microbiota Transplantation,"10 subjects: 5 allogenic FMT recipients, 5 autologous FMT (placebo); Three lean donors, unrelated to recipients; 55 fecal samples total sequenced; Samples collected pre-FMT and 4 times post-FMT; Metabolic syndrome patients; No antibiotics for ≥3 months before treatment; 164 fecal metagenomes analyzed across three study groups; 1105 detected prokaryotic species; 11.8 million variant positions identified; 109 metagenomes from 48 healthy FMT-naïve individuals as control; 42 species tracked at strain level across 5 phyla; Determinant positions ranged 66 to 161,800 per species (median 15,550)"
27126044,No,3,Month,single-nucleotide variants (SNVs); donor-specific SNVs; recipient-specific SNVs; species composition; microbial diversity,percentage (%); mean percentage across species,69.3±21.8% at 2 days post-FMT; 37.6±16.6% at 3 months post-FMT; 50.7±10.1% coexistence in shared species; 39±23% species resistance; 44±14% species coexistence,Netherlands,colon,2009/2010,Metabolic Syndrome,species composition shifts; donor microbiota colonization; strain coexistence patterns; microbial diversity changes,FMT1; FMT2; FMT3; FMT4; FMT5; SELF1; SELF2; SELF3; SELF4; SELF5,Homo sapiens,Amsterdam,ERR1297524,27126044,SAMEA3882504,Illumina HiSeq 2000,FMT_metabolic_syndrome_2016,Metabolic Syndrome,Fecal Microbiota Transplantation,"10 subjects: 5 allogenic FMT recipients, 5 autologous FMT (placebo); Three lean donors, unrelated to recipients; 55 fecal samples total sequenced; Samples collected pre-FMT and 4 times post-FMT; Metabolic syndrome patients; No antibiotics for ≥3 months before treatment; 164 fecal metagenomes analyzed across three study groups; 1105 detected prokaryotic species; 11.8 million variant positions identified; 109 metagenomes from 48 healthy FMT-naïve individuals as control; 42 species tracked at strain level across 5 phyla; Determinant positions ranged 66 to 161,800 per species (median 15,550)"
27126044,No,3,Month,single-nucleotide variants (SNVs); donor-specific SNVs; recipient-specific SNVs; species composition; microbial diversity,percentage (%); mean percentage across species,69.3±21.8% at 2 days post-FMT; 37.6±16.6% at 3 months post-FMT; 50.7±10.1% coexistence in shared species; 39±23% species resistance; 44±14% species coexistence,Netherlands,colon,2009/2010,Metabolic Syndrome,species composition shifts; donor microbiota colonization; strain coexistence patterns; microbial diversity changes,FMT1; FMT2; FMT3; FMT4; FMT5; SELF1; SELF2; SELF3; SELF4; SELF5,Homo sapiens,Amsterdam,ERR1297525,27126044,SAMEA3882523,Illumina HiSeq 2000,FMT_metabolic_syndrome_2016,Metabolic Syndrome,Fecal Microbiota Transplantation,"10 subjects: 5 allogenic FMT recipients, 5 autologous FMT (placebo); Three lean donors, unrelated to recipients; 55 fecal samples total sequenced; Samples collected pre-FMT and 4 times post-FMT; Metabolic syndrome patients; No antibiotics for ≥3 months before treatment; 164 fecal metagenomes analyzed across three study groups; 1105 detected prokaryotic species; 11.8 million variant positions identified; 109 metagenomes from 48 healthy FMT-naïve individuals as control; 42 species tracked at strain level across 5 phyla; Determinant positions ranged 66 to 161,800 per species (median 15,550)"
27126044,No,3,Month,single-nucleotide variants (SNVs); donor-specific SNVs; recipient-specific SNVs; species composition; microbial diversity,percentage (%); mean percentage across species,69.3±21.8% at 2 days post-FMT; 37.6±16.6% at 3 months post-FMT; 50.7±10.1% coexistence in shared species; 39±23% species resistance; 44±14% species coexistence,Netherlands,colon,2009/2010,Metabolic Syndrome,species composition shifts; donor microbiota colonization; strain coexistence patterns; microbial diversity changes,FMT1; FMT2; FMT3; FMT4; FMT5; SELF1; SELF2; SELF3; SELF4; SELF5,Homo sapiens,Amsterdam,ERR1297533,27126044,SAMEA3882516,Illumina HiSeq 2000,FMT_metabolic_syndrome_2016,Metabolic Syndrome,Fecal Microbiota Transplantation,"10 subjects: 5 allogenic FMT recipients, 5 autologous FMT (placebo); Three lean donors, unrelated to recipients; 55 fecal samples total sequenced; Samples collected pre-FMT and 4 times post-FMT; Metabolic syndrome patients; No antibiotics for ≥3 months before treatment; 164 fecal metagenomes analyzed across three study groups; 1105 detected prokaryotic species; 11.8 million variant positions identified; 109 metagenomes from 48 healthy FMT-naïve individuals as control; 42 species tracked at strain level across 5 phyla; Determinant positions ranged 66 to 161,800 per species (median 15,550)"
27126044,No,3,Month,single-nucleotide variants (SNVs); donor-specific SNVs; recipient-specific SNVs; species composition; microbial diversity,percentage (%); mean percentage across species,69.3±21.8% at 2 days post-FMT; 37.6±16.6% at 3 months post-FMT; 50.7±10.1% coexistence in shared species; 39±23% species resistance; 44±14% species coexistence,Netherlands,colon,2009/2010,Metabolic Syndrome,species composition shifts; donor microbiota colonization; strain coexistence patterns; microbial diversity changes,FMT1; FMT2; FMT3; FMT4; FMT5; SELF1; SELF2; SELF3; SELF4; SELF5,Homo sapiens,Amsterdam,ERR1297534,27126044,SAMEA3882546,Illumina HiSeq 2000,FMT_metabolic_syndrome_2016,Metabolic Syndrome,Fecal Microbiota Transplantation,"10 subjects: 5 allogenic FMT recipients, 5 autologous FMT (placebo); Three lean donors, unrelated to recipients; 55 fecal samples total sequenced; Samples collected pre-FMT and 4 times post-FMT; Metabolic syndrome patients; No antibiotics for ≥3 months before treatment; 164 fecal metagenomes analyzed across three study groups; 1105 detected prokaryotic species; 11.8 million variant positions identified; 109 metagenomes from 48 healthy FMT-naïve individuals as control; 42 species tracked at strain level across 5 phyla; Determinant positions ranged 66 to 161,800 per species (median 15,550)"
27126044,No,3,Month,single-nucleotide variants (SNVs); donor-specific SNVs; recipient-specific SNVs; species composition; microbial diversity,percentage (%); mean percentage across species,69.3±21.8% at 2 days post-FMT; 37.6±16.6% at 3 months post-FMT; 50.7±10.1% coexistence in shared species; 39±23% species resistance; 44±14% species coexistence,Netherlands,colon,2009/2010,Metabolic Syndrome,species composition shifts; donor microbiota colonization; strain coexistence patterns; microbial diversity changes,FMT1; FMT2; FMT3; FMT4; FMT5; SELF1; SELF2; SELF3; SELF4; SELF5,Homo sapiens,Amsterdam,ERR1297542,27126044,SAMEA3882503,Illumina HiSeq 2000,FMT_metabolic_syndrome_2016,Metabolic Syndrome,Fecal Microbiota Transplantation,"10 subjects: 5 allogenic FMT recipients, 5 autologous FMT (placebo); Three lean donors, unrelated to recipients; 55 fecal samples total sequenced; Samples collected pre-FMT and 4 times post-FMT; Metabolic syndrome patients; No antibiotics for ≥3 months before treatment; 164 fecal metagenomes analyzed across three study groups; 1105 detected prokaryotic species; 11.8 million variant positions identified; 109 metagenomes from 48 healthy FMT-naïve individuals as control; 42 species tracked at strain level across 5 phyla; Determinant positions ranged 66 to 161,800 per species (median 15,550)"
27126044,No,3,Month,single-nucleotide variants (SNVs); donor-specific SNVs; recipient-specific SNVs; species composition; microbial diversity,percentage (%); mean percentage across species,69.3±21.8% at 2 days post-FMT; 37.6±16.6% at 3 months post-FMT; 50.7±10.1% coexistence in shared species; 39±23% species resistance; 44±14% species coexistence,Netherlands,colon,2009/2010,Metabolic Syndrome,species composition shifts; donor microbiota colonization; strain coexistence patterns; microbial diversity changes,FMT1; FMT2; FMT3; FMT4; FMT5; SELF1; SELF2; SELF3; SELF4; SELF5,Homo sapiens,Amsterdam,ERR1297547,27126044,SAMEA3882526,Illumina HiSeq 2000,FMT_metabolic_syndrome_2016,Metabolic Syndrome,Fecal Microbiota Transplantation,"10 subjects: 5 allogenic FMT recipients, 5 autologous FMT (placebo); Three lean donors, unrelated to recipients; 55 fecal samples total sequenced; Samples collected pre-FMT and 4 times post-FMT; Metabolic syndrome patients; No antibiotics for ≥3 months before treatment; 164 fecal metagenomes analyzed across three study groups; 1105 detected prokaryotic species; 11.8 million variant positions identified; 109 metagenomes from 48 healthy FMT-naïve individuals as control; 42 species tracked at strain level across 5 phyla; Determinant positions ranged 66 to 161,800 per species (median 15,550)"
27126044,No,3,Month,single-nucleotide variants (SNVs); donor-specific SNVs; recipient-specific SNVs; species composition; microbial diversity,percentage (%); mean percentage across species,69.3±21.8% at 2 days post-FMT; 37.6±16.6% at 3 months post-FMT; 50.7±10.1% coexistence in shared species; 39±23% species resistance; 44±14% species coexistence,Netherlands,colon,2009/2010,Metabolic Syndrome,species composition shifts; donor microbiota colonization; strain coexistence patterns; microbial diversity changes,FMT1; FMT2; FMT3; FMT4; FMT5; SELF1; SELF2; SELF3; SELF4; SELF5,Homo sapiens,Amsterdam,ERR1297549,27126044,SAMEA3882551,Illumina HiSeq 2000,FMT_metabolic_syndrome_2016,Metabolic Syndrome,Fecal Microbiota Transplantation,"10 subjects: 5 allogenic FMT recipients, 5 autologous FMT (placebo); Three lean donors, unrelated to recipients; 55 fecal samples total sequenced; Samples collected pre-FMT and 4 times post-FMT; Metabolic syndrome patients; No antibiotics for ≥3 months before treatment; 164 fecal metagenomes analyzed across three study groups; 1105 detected prokaryotic species; 11.8 million variant positions identified; 109 metagenomes from 48 healthy FMT-naïve individuals as control; 42 species tracked at strain level across 5 phyla; Determinant positions ranged 66 to 161,800 per species (median 15,550)"
27126044,No,3,Month,single-nucleotide variants (SNVs); donor-specific SNVs; recipient-specific SNVs; species composition; microbial diversity,percentage (%); mean percentage across species,69.3±21.8% at 2 days post-FMT; 37.6±16.6% at 3 months post-FMT; 50.7±10.1% coexistence in shared species; 39±23% species resistance; 44±14% species coexistence,Netherlands,colon,2009/2010,Metabolic Syndrome,species composition shifts; donor microbiota colonization; strain coexistence patterns; microbial diversity changes,FMT1; FMT2; FMT3; FMT4; FMT5; SELF1; SELF2; SELF3; SELF4; SELF5,Homo sapiens,Amsterdam,ERR1297550,27126044,SAMEA3882505,Illumina HiSeq 2000,FMT_metabolic_syndrome_2016,Metabolic Syndrome,Fecal Microbiota Transplantation,"10 subjects: 5 allogenic FMT recipients, 5 autologous FMT (placebo); Three lean donors, unrelated to recipients; 55 fecal samples total sequenced; Samples collected pre-FMT and 4 times post-FMT; Metabolic syndrome patients; No antibiotics for ≥3 months before treatment; 164 fecal metagenomes analyzed across three study groups; 1105 detected prokaryotic species; 11.8 million variant positions identified; 109 metagenomes from 48 healthy FMT-naïve individuals as control; 42 species tracked at strain level across 5 phyla; Determinant positions ranged 66 to 161,800 per species (median 15,550)"
27126044,No,3,Month,single-nucleotide variants (SNVs); donor-specific SNVs; recipient-specific SNVs; species composition; microbial diversity,percentage (%); mean percentage across species,69.3±21.8% at 2 days post-FMT; 37.6±16.6% at 3 months post-FMT; 50.7±10.1% coexistence in shared species; 39±23% species resistance; 44±14% species coexistence,Netherlands,colon,2009/2010,Metabolic Syndrome,species composition shifts; donor microbiota colonization; strain coexistence patterns; microbial diversity changes,FMT1; FMT2; FMT3; FMT4; FMT5; SELF1; SELF2; SELF3; SELF4; SELF5,Homo sapiens,Amsterdam,ERR1297551,27126044,SAMEA3882540,Illumina HiSeq 2000,FMT_metabolic_syndrome_2016,Metabolic Syndrome,Fecal Microbiota Transplantation,"10 subjects: 5 allogenic FMT recipients, 5 autologous FMT (placebo); Three lean donors, unrelated to recipients; 55 fecal samples total sequenced; Samples collected pre-FMT and 4 times post-FMT; Metabolic syndrome patients; No antibiotics for ≥3 months before treatment; 164 fecal metagenomes analyzed across three study groups; 1105 detected prokaryotic species; 11.8 million variant positions identified; 109 metagenomes from 48 healthy FMT-naïve individuals as control; 42 species tracked at strain level across 5 phyla; Determinant positions ranged 66 to 161,800 per species (median 15,550)"
27126044,No,3,Month,single-nucleotide variants (SNVs); donor-specific SNVs; recipient-specific SNVs; species composition; microbial diversity,percentage (%); mean percentage across species,69.3±21.8% at 2 days post-FMT; 37.6±16.6% at 3 months post-FMT; 50.7±10.1% coexistence in shared species; 39±23% species resistance; 44±14% species coexistence,Netherlands,colon,2009/2010,Metabolic Syndrome,species composition shifts; donor microbiota colonization; strain coexistence patterns; microbial diversity changes,FMT1; FMT2; FMT3; FMT4; FMT5; SELF1; SELF2; SELF3; SELF4; SELF5,Homo sapiens,Amsterdam,ERR1297553,27126044,SAMEA3882529,Illumina HiSeq 2000,FMT_metabolic_syndrome_2016,Metabolic Syndrome,Fecal Microbiota Transplantation,"10 subjects: 5 allogenic FMT recipients, 5 autologous FMT (placebo); Three lean donors, unrelated to recipients; 55 fecal samples total sequenced; Samples collected pre-FMT and 4 times post-FMT; Metabolic syndrome patients; No antibiotics for ≥3 months before treatment; 164 fecal metagenomes analyzed across three study groups; 1105 detected prokaryotic species; 11.8 million variant positions identified; 109 metagenomes from 48 healthy FMT-naïve individuals as control; 42 species tracked at strain level across 5 phyla; Determinant positions ranged 66 to 161,800 per species (median 15,550)"
27126044,No,3,Month,single-nucleotide variants (SNVs); donor-specific SNVs; recipient-specific SNVs; species composition; microbial diversity,percentage (%); mean percentage across species,69.3±21.8% at 2 days post-FMT; 37.6±16.6% at 3 months post-FMT; 50.7±10.1% coexistence in shared species; 39±23% species resistance; 44±14% species coexistence,Netherlands,colon,2009/2010,Metabolic Syndrome,species composition shifts; donor microbiota colonization; strain coexistence patterns; microbial diversity changes,FMT1; FMT2; FMT3; FMT4; FMT5; SELF1; SELF2; SELF3; SELF4; SELF5,Homo sapiens,Amsterdam,ERR1297554,27126044,SAMEA3882556,Illumina HiSeq 2000,FMT_metabolic_syndrome_2016,Metabolic Syndrome,Fecal Microbiota Transplantation,"10 subjects: 5 allogenic FMT recipients, 5 autologous FMT (placebo); Three lean donors, unrelated to recipients; 55 fecal samples total sequenced; Samples collected pre-FMT and 4 times post-FMT; Metabolic syndrome patients; No antibiotics for ≥3 months before treatment; 164 fecal metagenomes analyzed across three study groups; 1105 detected prokaryotic species; 11.8 million variant positions identified; 109 metagenomes from 48 healthy FMT-naïve individuals as control; 42 species tracked at strain level across 5 phyla; Determinant positions ranged 66 to 161,800 per species (median 15,550)"
27126044,No,3,Month,single-nucleotide variants (SNVs); donor-specific SNVs; recipient-specific SNVs; species composition; microbial diversity,percentage (%); mean percentage across species,69.3±21.8% at 2 days post-FMT; 37.6±16.6% at 3 months post-FMT; 50.7±10.1% coexistence in shared species; 39±23% species resistance; 44±14% species coexistence,Netherlands,colon,2009/2010,Metabolic Syndrome,species composition shifts; donor microbiota colonization; strain coexistence patterns; microbial diversity changes,FMT1; FMT2; FMT3; FMT4; FMT5; SELF1; SELF2; SELF3; SELF4; SELF5,Homo sapiens,Amsterdam,ERR1297555,27126044,SAMEA3882527,Illumina HiSeq 2000,FMT_metabolic_syndrome_2016,Metabolic Syndrome,Fecal Microbiota Transplantation,"10 subjects: 5 allogenic FMT recipients, 5 autologous FMT (placebo); Three lean donors, unrelated to recipients; 55 fecal samples total sequenced; Samples collected pre-FMT and 4 times post-FMT; Metabolic syndrome patients; No antibiotics for ≥3 months before treatment; 164 fecal metagenomes analyzed across three study groups; 1105 detected prokaryotic species; 11.8 million variant positions identified; 109 metagenomes from 48 healthy FMT-naïve individuals as control; 42 species tracked at strain level across 5 phyla; Determinant positions ranged 66 to 161,800 per species (median 15,550)"
27126044,No,3,Month,single-nucleotide variants (SNVs); donor-specific SNVs; recipient-specific SNVs; species composition; microbial diversity,percentage (%); mean percentage across species,69.3±21.8% at 2 days post-FMT; 37.6±16.6% at 3 months post-FMT; 50.7±10.1% coexistence in shared species; 39±23% species resistance; 44±14% species coexistence,Netherlands,colon,2009/2010,Metabolic Syndrome,species composition shifts; donor microbiota colonization; strain coexistence patterns; microbial diversity changes,FMT1; FMT2; FMT3; FMT4; FMT5; SELF1; SELF2; SELF3; SELF4; SELF5,Homo sapiens,Amsterdam,ERR1297557,27126044,SAMEA3882516,Illumina HiSeq 2000,FMT_metabolic_syndrome_2016,Metabolic Syndrome,Fecal Microbiota Transplantation,"10 subjects: 5 allogenic FMT recipients, 5 autologous FMT (placebo); Three lean donors, unrelated to recipients; 55 fecal samples total sequenced; Samples collected pre-FMT and 4 times post-FMT; Metabolic syndrome patients; No antibiotics for ≥3 months before treatment; 164 fecal metagenomes analyzed across three study groups; 1105 detected prokaryotic species; 11.8 million variant positions identified; 109 metagenomes from 48 healthy FMT-naïve individuals as control; 42 species tracked at strain level across 5 phyla; Determinant positions ranged 66 to 161,800 per species (median 15,550)"
27126044,No,3,Month,single-nucleotide variants (SNVs); donor-specific SNVs; recipient-specific SNVs; species composition; microbial diversity,percentage (%); mean percentage across species,69.3±21.8% at 2 days post-FMT; 37.6±16.6% at 3 months post-FMT; 50.7±10.1% coexistence in shared species; 39±23% species resistance; 44±14% species coexistence,Netherlands,colon,2009/2010,Metabolic Syndrome,species composition shifts; donor microbiota colonization; strain coexistence patterns; microbial diversity changes,FMT1; FMT2; FMT3; FMT4; FMT5; SELF1; SELF2; SELF3; SELF4; SELF5,Homo sapiens,Amsterdam,ERR1297559,27126044,SAMEA3882534,Illumina HiSeq 2000,FMT_metabolic_syndrome_2016,Metabolic Syndrome,Fecal Microbiota Transplantation,"10 subjects: 5 allogenic FMT recipients, 5 autologous FMT (placebo); Three lean donors, unrelated to recipients; 55 fecal samples total sequenced; Samples collected pre-FMT and 4 times post-FMT; Metabolic syndrome patients; No antibiotics for ≥3 months before treatment; 164 fecal metagenomes analyzed across three study groups; 1105 detected prokaryotic species; 11.8 million variant positions identified; 109 metagenomes from 48 healthy FMT-naïve individuals as control; 42 species tracked at strain level across 5 phyla; Determinant positions ranged 66 to 161,800 per species (median 15,550)"
27126044,No,3,Month,single-nucleotide variants (SNVs); donor-specific SNVs; recipient-specific SNVs; species composition; microbial diversity,percentage (%); mean percentage across species,69.3±21.8% at 2 days post-FMT; 37.6±16.6% at 3 months post-FMT; 50.7±10.1% coexistence in shared species; 39±23% species resistance; 44±14% species coexistence,Netherlands,colon,2009/2010,Metabolic Syndrome,species composition shifts; donor microbiota colonization; strain coexistence patterns; microbial diversity changes,FMT1; FMT2; FMT3; FMT4; FMT5; SELF1; SELF2; SELF3; SELF4; SELF5,Homo sapiens,Amsterdam,ERR1297424,27126044,SAMEA3882515,Illumina HiSeq 2000,FMT_metabolic_syndrome_2016,Metabolic Syndrome,Fecal Microbiota Transplantation,"10 subjects: 5 allogenic FMT recipients, 5 autologous FMT (placebo); Three lean donors, unrelated to recipients; 55 fecal samples total sequenced; Samples collected pre-FMT and 4 times post-FMT; Metabolic syndrome patients; No antibiotics for ≥3 months before treatment; 164 fecal metagenomes analyzed across three study groups; 1105 detected prokaryotic species; 11.8 million variant positions identified; 109 metagenomes from 48 healthy FMT-naïve individuals as control; 42 species tracked at strain level across 5 phyla; Determinant positions ranged 66 to 161,800 per species (median 15,550)"
27126044,No,3,Month,single-nucleotide variants (SNVs); donor-specific SNVs; recipient-specific SNVs; species composition; microbial diversity,percentage (%); mean percentage across species,69.3±21.8% at 2 days post-FMT; 37.6±16.6% at 3 months post-FMT; 50.7±10.1% coexistence in shared species; 39±23% species resistance; 44±14% species coexistence,Netherlands,colon,2009/2010,Metabolic Syndrome,species composition shifts; donor microbiota colonization; strain coexistence patterns; microbial diversity changes,FMT1; FMT2; FMT3; FMT4; FMT5; SELF1; SELF2; SELF3; SELF4; SELF5,Homo sapiens,Amsterdam,ERR1297563,27126044,SAMEA3882546,Illumina HiSeq 2000,FMT_metabolic_syndrome_2016,Metabolic Syndrome,Fecal Microbiota Transplantation,"10 subjects: 5 allogenic FMT recipients, 5 autologous FMT (placebo); Three lean donors, unrelated to recipients; 55 fecal samples total sequenced; Samples collected pre-FMT and 4 times post-FMT; Metabolic syndrome patients; No antibiotics for ≥3 months before treatment; 164 fecal metagenomes analyzed across three study groups; 1105 detected prokaryotic species; 11.8 million variant positions identified; 109 metagenomes from 48 healthy FMT-naïve individuals as control; 42 species tracked at strain level across 5 phyla; Determinant positions ranged 66 to 161,800 per species (median 15,550)"
27126044,No,3,Month,single-nucleotide variants (SNVs); donor-specific SNVs; recipient-specific SNVs; species composition; microbial diversity,percentage (%); mean percentage across species,69.3±21.8% at 2 days post-FMT; 37.6±16.6% at 3 months post-FMT; 50.7±10.1% coexistence in shared species; 39±23% species resistance; 44±14% species coexistence,Netherlands,colon,2009/2010,Metabolic Syndrome,species composition shifts; donor microbiota colonization; strain coexistence patterns; microbial diversity changes,FMT1; FMT2; FMT3; FMT4; FMT5; SELF1; SELF2; SELF3; SELF4; SELF5,Homo sapiens,Amsterdam,ERR1297426,27126044,SAMEA3882555,Illumina HiSeq 2000,FMT_metabolic_syndrome_2016,Metabolic Syndrome,Fecal Microbiota Transplantation,"10 subjects: 5 allogenic FMT recipients, 5 autologous FMT (placebo); Three lean donors, unrelated to recipients; 55 fecal samples total sequenced; Samples collected pre-FMT and 4 times post-FMT; Metabolic syndrome patients; No antibiotics for ≥3 months before treatment; 164 fecal metagenomes analyzed across three study groups; 1105 detected prokaryotic species; 11.8 million variant positions identified; 109 metagenomes from 48 healthy FMT-naïve individuals as control; 42 species tracked at strain level across 5 phyla; Determinant positions ranged 66 to 161,800 per species (median 15,550)"
27126044,No,3,Month,single-nucleotide variants (SNVs); donor-specific SNVs; recipient-specific SNVs; species composition; microbial diversity,percentage (%); mean percentage across species,69.3±21.8% at 2 days post-FMT; 37.6±16.6% at 3 months post-FMT; 50.7±10.1% coexistence in shared species; 39±23% species resistance; 44±14% species coexistence,Netherlands,colon,2009/2010,Metabolic Syndrome,species composition shifts; donor microbiota colonization; strain coexistence patterns; microbial diversity changes,FMT1; FMT2; FMT3; FMT4; FMT5; SELF1; SELF2; SELF3; SELF4; SELF5,Homo sapiens,Amsterdam,ERR1297568,27126044,SAMEA3882504,Illumina HiSeq 2000,FMT_metabolic_syndrome_2016,Metabolic Syndrome,Fecal Microbiota Transplantation,"10 subjects: 5 allogenic FMT recipients, 5 autologous FMT (placebo); Three lean donors, unrelated to recipients; 55 fecal samples total sequenced; Samples collected pre-FMT and 4 times post-FMT; Metabolic syndrome patients; No antibiotics for ≥3 months before treatment; 164 fecal metagenomes analyzed across three study groups; 1105 detected prokaryotic species; 11.8 million variant positions identified; 109 metagenomes from 48 healthy FMT-naïve individuals as control; 42 species tracked at strain level across 5 phyla; Determinant positions ranged 66 to 161,800 per species (median 15,550)"
27126044,No,3,Month,single-nucleotide variants (SNVs); donor-specific SNVs; recipient-specific SNVs; species composition; microbial diversity,percentage (%); mean percentage across species,69.3±21.8% at 2 days post-FMT; 37.6±16.6% at 3 months post-FMT; 50.7±10.1% coexistence in shared species; 39±23% species resistance; 44±14% species coexistence,Netherlands,colon,2009/2010,Metabolic Syndrome,species composition shifts; donor microbiota colonization; strain coexistence patterns; microbial diversity changes,FMT1; FMT2; FMT3; FMT4; FMT5; SELF1; SELF2; SELF3; SELF4; SELF5,Homo sapiens,Amsterdam,ERR1297427,27126044,SAMEA3882554,Illumina HiSeq 2000,FMT_metabolic_syndrome_2016,Metabolic Syndrome,Fecal Microbiota Transplantation,"10 subjects: 5 allogenic FMT recipients, 5 autologous FMT (placebo); Three lean donors, unrelated to recipients; 55 fecal samples total sequenced; Samples collected pre-FMT and 4 times post-FMT; Metabolic syndrome patients; No antibiotics for ≥3 months before treatment; 164 fecal metagenomes analyzed across three study groups; 1105 detected prokaryotic species; 11.8 million variant positions identified; 109 metagenomes from 48 healthy FMT-naïve individuals as control; 42 species tracked at strain level across 5 phyla; Determinant positions ranged 66 to 161,800 per species (median 15,550)"
27126044,No,3,Month,single-nucleotide variants (SNVs); donor-specific SNVs; recipient-specific SNVs; species composition; microbial diversity,percentage (%); mean percentage across species,69.3±21.8% at 2 days post-FMT; 37.6±16.6% at 3 months post-FMT; 50.7±10.1% coexistence in shared species; 39±23% species resistance; 44±14% species coexistence,Netherlands,colon,2009/2010,Metabolic Syndrome,species composition shifts; donor microbiota colonization; strain coexistence patterns; microbial diversity changes,FMT1; FMT2; FMT3; FMT4; FMT5; SELF1; SELF2; SELF3; SELF4; SELF5,Homo sapiens,Amsterdam,ERR1297569,27126044,SAMEA3882539,Illumina HiSeq 2000,FMT_metabolic_syndrome_2016,Metabolic Syndrome,Fecal Microbiota Transplantation,"10 subjects: 5 allogenic FMT recipients, 5 autologous FMT (placebo); Three lean donors, unrelated to recipients; 55 fecal samples total sequenced; Samples collected pre-FMT and 4 times post-FMT; Metabolic syndrome patients; No antibiotics for ≥3 months before treatment; 164 fecal metagenomes analyzed across three study groups; 1105 detected prokaryotic species; 11.8 million variant positions identified; 109 metagenomes from 48 healthy FMT-naïve individuals as control; 42 species tracked at strain level across 5 phyla; Determinant positions ranged 66 to 161,800 per species (median 15,550)"
27126044,No,3,Month,single-nucleotide variants (SNVs); donor-specific SNVs; recipient-specific SNVs; species composition; microbial diversity,percentage (%); mean percentage across species,69.3±21.8% at 2 days post-FMT; 37.6±16.6% at 3 months post-FMT; 50.7±10.1% coexistence in shared species; 39±23% species resistance; 44±14% species coexistence,Netherlands,colon,2009/2010,Metabolic Syndrome,species composition shifts; donor microbiota colonization; strain coexistence patterns; microbial diversity changes,FMT1; FMT2; FMT3; FMT4; FMT5; SELF1; SELF2; SELF3; SELF4; SELF5,Homo sapiens,Amsterdam,ERR1297430,27126044,SAMEA3882551,Illumina HiSeq 2000,FMT_metabolic_syndrome_2016,Metabolic Syndrome,Fecal Microbiota Transplantation,"10 subjects: 5 allogenic FMT recipients, 5 autologous FMT (placebo); Three lean donors, unrelated to recipients; 55 fecal samples total sequenced; Samples collected pre-FMT and 4 times post-FMT; Metabolic syndrome patients; No antibiotics for ≥3 months before treatment; 164 fecal metagenomes analyzed across three study groups; 1105 detected prokaryotic species; 11.8 million variant positions identified; 109 metagenomes from 48 healthy FMT-naïve individuals as control; 42 species tracked at strain level across 5 phyla; Determinant positions ranged 66 to 161,800 per species (median 15,550)"
27126044,No,3,Month,single-nucleotide variants (SNVs); donor-specific SNVs; recipient-specific SNVs; species composition; microbial diversity,percentage (%); mean percentage across species,69.3±21.8% at 2 days post-FMT; 37.6±16.6% at 3 months post-FMT; 50.7±10.1% coexistence in shared species; 39±23% species resistance; 44±14% species coexistence,Netherlands,colon,2009/2010,Metabolic Syndrome,species composition shifts; donor microbiota colonization; strain coexistence patterns; microbial diversity changes,FMT1; FMT2; FMT3; FMT4; FMT5; SELF1; SELF2; SELF3; SELF4; SELF5,Homo sapiens,Amsterdam,ERR1297435,27126044,SAMEA3882511,Illumina HiSeq 2000,FMT_metabolic_syndrome_2016,Metabolic Syndrome,Fecal Microbiota Transplantation,"10 subjects: 5 allogenic FMT recipients, 5 autologous FMT (placebo); Three lean donors, unrelated to recipients; 55 fecal samples total sequenced; Samples collected pre-FMT and 4 times post-FMT; Metabolic syndrome patients; No antibiotics for ≥3 months before treatment; 164 fecal metagenomes analyzed across three study groups; 1105 detected prokaryotic species; 11.8 million variant positions identified; 109 metagenomes from 48 healthy FMT-naïve individuals as control; 42 species tracked at strain level across 5 phyla; Determinant positions ranged 66 to 161,800 per species (median 15,550)"
27126044,No,3,Month,single-nucleotide variants (SNVs); donor-specific SNVs; recipient-specific SNVs; species composition; microbial diversity,percentage (%); mean percentage across species,69.3±21.8% at 2 days post-FMT; 37.6±16.6% at 3 months post-FMT; 50.7±10.1% coexistence in shared species; 39±23% species resistance; 44±14% species coexistence,Netherlands,colon,2009/2010,Metabolic Syndrome,species composition shifts; donor microbiota colonization; strain coexistence patterns; microbial diversity changes,FMT1; FMT2; FMT3; FMT4; FMT5; SELF1; SELF2; SELF3; SELF4; SELF5,Homo sapiens,Amsterdam,ERR1297571,27126044,SAMEA3882517,Illumina HiSeq 2000,FMT_metabolic_syndrome_2016,Metabolic Syndrome,Fecal Microbiota Transplantation,"10 subjects: 5 allogenic FMT recipients, 5 autologous FMT (placebo); Three lean donors, unrelated to recipients; 55 fecal samples total sequenced; Samples collected pre-FMT and 4 times post-FMT; Metabolic syndrome patients; No antibiotics for ≥3 months before treatment; 164 fecal metagenomes analyzed across three study groups; 1105 detected prokaryotic species; 11.8 million variant positions identified; 109 metagenomes from 48 healthy FMT-naïve individuals as control; 42 species tracked at strain level across 5 phyla; Determinant positions ranged 66 to 161,800 per species (median 15,550)"
27126044,No,3,Month,single-nucleotide variants (SNVs); donor-specific SNVs; recipient-specific SNVs; species composition; microbial diversity,percentage (%); mean percentage across species,69.3±21.8% at 2 days post-FMT; 37.6±16.6% at 3 months post-FMT; 50.7±10.1% coexistence in shared species; 39±23% species resistance; 44±14% species coexistence,Netherlands,colon,2009/2010,Metabolic Syndrome,species composition shifts; donor microbiota colonization; strain coexistence patterns; microbial diversity changes,FMT1; FMT2; FMT3; FMT4; FMT5; SELF1; SELF2; SELF3; SELF4; SELF5,Homo sapiens,Amsterdam,ERR1297439,27126044,SAMEA3882524,Illumina HiSeq 2000,FMT_metabolic_syndrome_2016,Metabolic Syndrome,Fecal Microbiota Transplantation,"10 subjects: 5 allogenic FMT recipients, 5 autologous FMT (placebo); Three lean donors, unrelated to recipients; 55 fecal samples total sequenced; Samples collected pre-FMT and 4 times post-FMT; Metabolic syndrome patients; No antibiotics for ≥3 months before treatment; 164 fecal metagenomes analyzed across three study groups; 1105 detected prokaryotic species; 11.8 million variant positions identified; 109 metagenomes from 48 healthy FMT-naïve individuals as control; 42 species tracked at strain level across 5 phyla; Determinant positions ranged 66 to 161,800 per species (median 15,550)"
27126044,No,3,Month,single-nucleotide variants (SNVs); donor-specific SNVs; recipient-specific SNVs; species composition; microbial diversity,percentage (%); mean percentage across species,69.3±21.8% at 2 days post-FMT; 37.6±16.6% at 3 months post-FMT; 50.7±10.1% coexistence in shared species; 39±23% species resistance; 44±14% species coexistence,Netherlands,colon,2009/2010,Metabolic Syndrome,species composition shifts; donor microbiota colonization; strain coexistence patterns; microbial diversity changes,FMT1; FMT2; FMT3; FMT4; FMT5; SELF1; SELF2; SELF3; SELF4; SELF5,Homo sapiens,Amsterdam,ERR1297573,27126044,SAMEA3882553,Illumina HiSeq 2000,FMT_metabolic_syndrome_2016,Metabolic Syndrome,Fecal Microbiota Transplantation,"10 subjects: 5 allogenic FMT recipients, 5 autologous FMT (placebo); Three lean donors, unrelated to recipients; 55 fecal samples total sequenced; Samples collected pre-FMT and 4 times post-FMT; Metabolic syndrome patients; No antibiotics for ≥3 months before treatment; 164 fecal metagenomes analyzed across three study groups; 1105 detected prokaryotic species; 11.8 million variant positions identified; 109 metagenomes from 48 healthy FMT-naïve individuals as control; 42 species tracked at strain level across 5 phyla; Determinant positions ranged 66 to 161,800 per species (median 15,550)"
27126044,No,3,Month,single-nucleotide variants (SNVs); donor-specific SNVs; recipient-specific SNVs; species composition; microbial diversity,percentage (%); mean percentage across species,69.3±21.8% at 2 days post-FMT; 37.6±16.6% at 3 months post-FMT; 50.7±10.1% coexistence in shared species; 39±23% species resistance; 44±14% species coexistence,Netherlands,colon,2009/2010,Metabolic Syndrome,species composition shifts; donor microbiota colonization; strain coexistence patterns; microbial diversity changes,FMT1; FMT2; FMT3; FMT4; FMT5; SELF1; SELF2; SELF3; SELF4; SELF5,Homo sapiens,Amsterdam,ERR1297440,27126044,SAMEA3882547,Illumina HiSeq 2000,FMT_metabolic_syndrome_2016,Metabolic Syndrome,Fecal Microbiota Transplantation,"10 subjects: 5 allogenic FMT recipients, 5 autologous FMT (placebo); Three lean donors, unrelated to recipients; 55 fecal samples total sequenced; Samples collected pre-FMT and 4 times post-FMT; Metabolic syndrome patients; No antibiotics for ≥3 months before treatment; 164 fecal metagenomes analyzed across three study groups; 1105 detected prokaryotic species; 11.8 million variant positions identified; 109 metagenomes from 48 healthy FMT-naïve individuals as control; 42 species tracked at strain level across 5 phyla; Determinant positions ranged 66 to 161,800 per species (median 15,550)"
27126044,No,3,Month,single-nucleotide variants (SNVs); donor-specific SNVs; recipient-specific SNVs; species composition; microbial diversity,percentage (%); mean percentage across species,69.3±21.8% at 2 days post-FMT; 37.6±16.6% at 3 months post-FMT; 50.7±10.1% coexistence in shared species; 39±23% species resistance; 44±14% species coexistence,Netherlands,colon,2009/2010,Metabolic Syndrome,species composition shifts; donor microbiota colonization; strain coexistence patterns; microbial diversity changes,FMT1; FMT2; FMT3; FMT4; FMT5; SELF1; SELF2; SELF3; SELF4; SELF5,Homo sapiens,Amsterdam,ERR1297574,27126044,SAMEA3882528,Illumina HiSeq 2000,FMT_metabolic_syndrome_2016,Metabolic Syndrome,Fecal Microbiota Transplantation,"10 subjects: 5 allogenic FMT recipients, 5 autologous FMT (placebo); Three lean donors, unrelated to recipients; 55 fecal samples total sequenced; Samples collected pre-FMT and 4 times post-FMT; Metabolic syndrome patients; No antibiotics for ≥3 months before treatment; 164 fecal metagenomes analyzed across three study groups; 1105 detected prokaryotic species; 11.8 million variant positions identified; 109 metagenomes from 48 healthy FMT-naïve individuals as control; 42 species tracked at strain level across 5 phyla; Determinant positions ranged 66 to 161,800 per species (median 15,550)"
27126044,No,3,Month,single-nucleotide variants (SNVs); donor-specific SNVs; recipient-specific SNVs; species composition; microbial diversity,percentage (%); mean percentage across species,69.3±21.8% at 2 days post-FMT; 37.6±16.6% at 3 months post-FMT; 50.7±10.1% coexistence in shared species; 39±23% species resistance; 44±14% species coexistence,Netherlands,colon,2009/2010,Metabolic Syndrome,species composition shifts; donor microbiota colonization; strain coexistence patterns; microbial diversity changes,FMT1; FMT2; FMT3; FMT4; FMT5; SELF1; SELF2; SELF3; SELF4; SELF5,Homo sapiens,Amsterdam,ERR1297442,27126044,SAMEA3882516,Illumina HiSeq 2000,FMT_metabolic_syndrome_2016,Metabolic Syndrome,Fecal Microbiota Transplantation,"10 subjects: 5 allogenic FMT recipients, 5 autologous FMT (placebo); Three lean donors, unrelated to recipients; 55 fecal samples total sequenced; Samples collected pre-FMT and 4 times post-FMT; Metabolic syndrome patients; No antibiotics for ≥3 months before treatment; 164 fecal metagenomes analyzed across three study groups; 1105 detected prokaryotic species; 11.8 million variant positions identified; 109 metagenomes from 48 healthy FMT-naïve individuals as control; 42 species tracked at strain level across 5 phyla; Determinant positions ranged 66 to 161,800 per species (median 15,550)"
27126044,No,3,Month,single-nucleotide variants (SNVs); donor-specific SNVs; recipient-specific SNVs; species composition; microbial diversity,percentage (%); mean percentage across species,69.3±21.8% at 2 days post-FMT; 37.6±16.6% at 3 months post-FMT; 50.7±10.1% coexistence in shared species; 39±23% species resistance; 44±14% species coexistence,Netherlands,colon,2009/2010,Metabolic Syndrome,species composition shifts; donor microbiota colonization; strain coexistence patterns; microbial diversity changes,FMT1; FMT2; FMT3; FMT4; FMT5; SELF1; SELF2; SELF3; SELF4; SELF5,Homo sapiens,Amsterdam,ERR1297576,27126044,SAMEA3882523,Illumina HiSeq 2000,FMT_metabolic_syndrome_2016,Metabolic Syndrome,Fecal Microbiota Transplantation,"10 subjects: 5 allogenic FMT recipients, 5 autologous FMT (placebo); Three lean donors, unrelated to recipients; 55 fecal samples total sequenced; Samples collected pre-FMT and 4 times post-FMT; Metabolic syndrome patients; No antibiotics for ≥3 months before treatment; 164 fecal metagenomes analyzed across three study groups; 1105 detected prokaryotic species; 11.8 million variant positions identified; 109 metagenomes from 48 healthy FMT-naïve individuals as control; 42 species tracked at strain level across 5 phyla; Determinant positions ranged 66 to 161,800 per species (median 15,550)"
27126044,No,3,Month,single-nucleotide variants (SNVs); donor-specific SNVs; recipient-specific SNVs; species composition; microbial diversity,percentage (%); mean percentage across species,69.3±21.8% at 2 days post-FMT; 37.6±16.6% at 3 months post-FMT; 50.7±10.1% coexistence in shared species; 39±23% species resistance; 44±14% species coexistence,Netherlands,colon,2009/2010,Metabolic Syndrome,species composition shifts; donor microbiota colonization; strain coexistence patterns; microbial diversity changes,FMT1; FMT2; FMT3; FMT4; FMT5; SELF1; SELF2; SELF3; SELF4; SELF5,Homo sapiens,Amsterdam,ERR1297445,27126044,SAMEA3882531,Illumina HiSeq 2000,FMT_metabolic_syndrome_2016,Metabolic Syndrome,Fecal Microbiota Transplantation,"10 subjects: 5 allogenic FMT recipients, 5 autologous FMT (placebo); Three lean donors, unrelated to recipients; 55 fecal samples total sequenced; Samples collected pre-FMT and 4 times post-FMT; Metabolic syndrome patients; No antibiotics for ≥3 months before treatment; 164 fecal metagenomes analyzed across three study groups; 1105 detected prokaryotic species; 11.8 million variant positions identified; 109 metagenomes from 48 healthy FMT-naïve individuals as control; 42 species tracked at strain level across 5 phyla; Determinant positions ranged 66 to 161,800 per species (median 15,550)"
27126044,No,3,Month,single-nucleotide variants (SNVs); donor-specific SNVs; recipient-specific SNVs; species composition; microbial diversity,percentage (%); mean percentage across species,69.3±21.8% at 2 days post-FMT; 37.6±16.6% at 3 months post-FMT; 50.7±10.1% coexistence in shared species; 39±23% species resistance; 44±14% species coexistence,Netherlands,colon,2009/2010,Metabolic Syndrome,species composition shifts; donor microbiota colonization; strain coexistence patterns; microbial diversity changes,FMT1; FMT2; FMT3; FMT4; FMT5; SELF1; SELF2; SELF3; SELF4; SELF5,Homo sapiens,Amsterdam,ERR1297448,27126044,SAMEA3882551,Illumina HiSeq 2000,FMT_metabolic_syndrome_2016,Metabolic Syndrome,Fecal Microbiota Transplantation,"10 subjects: 5 allogenic FMT recipients, 5 autologous FMT (placebo); Three lean donors, unrelated to recipients; 55 fecal samples total sequenced; Samples collected pre-FMT and 4 times post-FMT; Metabolic syndrome patients; No antibiotics for ≥3 months before treatment; 164 fecal metagenomes analyzed across three study groups; 1105 detected prokaryotic species; 11.8 million variant positions identified; 109 metagenomes from 48 healthy FMT-naïve individuals as control; 42 species tracked at strain level across 5 phyla; Determinant positions ranged 66 to 161,800 per species (median 15,550)"
27126044,No,3,Month,single-nucleotide variants (SNVs); donor-specific SNVs; recipient-specific SNVs; species composition; microbial diversity,percentage (%); mean percentage across species,69.3±21.8% at 2 days post-FMT; 37.6±16.6% at 3 months post-FMT; 50.7±10.1% coexistence in shared species; 39±23% species resistance; 44±14% species coexistence,Netherlands,colon,2009/2010,Metabolic Syndrome,species composition shifts; donor microbiota colonization; strain coexistence patterns; microbial diversity changes,FMT1; FMT2; FMT3; FMT4; FMT5; SELF1; SELF2; SELF3; SELF4; SELF5,Homo sapiens,Amsterdam,ERR1297577,27126044,SAMEA3882532,Illumina HiSeq 2000,FMT_metabolic_syndrome_2016,Metabolic Syndrome,Fecal Microbiota Transplantation,"10 subjects: 5 allogenic FMT recipients, 5 autologous FMT (placebo); Three lean donors, unrelated to recipients; 55 fecal samples total sequenced; Samples collected pre-FMT and 4 times post-FMT; Metabolic syndrome patients; No antibiotics for ≥3 months before treatment; 164 fecal metagenomes analyzed across three study groups; 1105 detected prokaryotic species; 11.8 million variant positions identified; 109 metagenomes from 48 healthy FMT-naïve individuals as control; 42 species tracked at strain level across 5 phyla; Determinant positions ranged 66 to 161,800 per species (median 15,550)"
27126044,No,3,Month,single-nucleotide variants (SNVs); donor-specific SNVs; recipient-specific SNVs; species composition; microbial diversity,percentage (%); mean percentage across species,69.3±21.8% at 2 days post-FMT; 37.6±16.6% at 3 months post-FMT; 50.7±10.1% coexistence in shared species; 39±23% species resistance; 44±14% species coexistence,Netherlands,colon,2009/2010,Metabolic Syndrome,species composition shifts; donor microbiota colonization; strain coexistence patterns; microbial diversity changes,FMT1; FMT2; FMT3; FMT4; FMT5; SELF1; SELF2; SELF3; SELF4; SELF5,Homo sapiens,Amsterdam,ERR1297451,27126044,SAMEA3882523,Illumina HiSeq 2000,FMT_metabolic_syndrome_2016,Metabolic Syndrome,Fecal Microbiota Transplantation,"10 subjects: 5 allogenic FMT recipients, 5 autologous FMT (placebo); Three lean donors, unrelated to recipients; 55 fecal samples total sequenced; Samples collected pre-FMT and 4 times post-FMT; Metabolic syndrome patients; No antibiotics for ≥3 months before treatment; 164 fecal metagenomes analyzed across three study groups; 1105 detected prokaryotic species; 11.8 million variant positions identified; 109 metagenomes from 48 healthy FMT-naïve individuals as control; 42 species tracked at strain level across 5 phyla; Determinant positions ranged 66 to 161,800 per species (median 15,550)"
27126044,No,3,Month,single-nucleotide variants (SNVs); donor-specific SNVs; recipient-specific SNVs; species composition; microbial diversity,percentage (%); mean percentage across species,69.3±21.8% at 2 days post-FMT; 37.6±16.6% at 3 months post-FMT; 50.7±10.1% coexistence in shared species; 39±23% species resistance; 44±14% species coexistence,Netherlands,colon,2009/2010,Metabolic Syndrome,species composition shifts; donor microbiota colonization; strain coexistence patterns; microbial diversity changes,FMT1; FMT2; FMT3; FMT4; FMT5; SELF1; SELF2; SELF3; SELF4; SELF5,Homo sapiens,Amsterdam,ERR1297457,27126044,SAMEA3882521,Illumina HiSeq 2000,FMT_metabolic_syndrome_2016,Metabolic Syndrome,Fecal Microbiota Transplantation,"10 subjects: 5 allogenic FMT recipients, 5 autologous FMT (placebo); Three lean donors, unrelated to recipients; 55 fecal samples total sequenced; Samples collected pre-FMT and 4 times post-FMT; Metabolic syndrome patients; No antibiotics for ≥3 months before treatment; 164 fecal metagenomes analyzed across three study groups; 1105 detected prokaryotic species; 11.8 million variant positions identified; 109 metagenomes from 48 healthy FMT-naïve individuals as control; 42 species tracked at strain level across 5 phyla; Determinant positions ranged 66 to 161,800 per species (median 15,550)"
27126044,No,3,Month,single-nucleotide variants (SNVs); donor-specific SNVs; recipient-specific SNVs; species composition; microbial diversity,percentage (%); mean percentage across species,69.3±21.8% at 2 days post-FMT; 37.6±16.6% at 3 months post-FMT; 50.7±10.1% coexistence in shared species; 39±23% species resistance; 44±14% species coexistence,Netherlands,colon,2009/2010,Metabolic Syndrome,species composition shifts; donor microbiota colonization; strain coexistence patterns; microbial diversity changes,FMT1; FMT2; FMT3; FMT4; FMT5; SELF1; SELF2; SELF3; SELF4; SELF5,Homo sapiens,Amsterdam,ERR1297581,27126044,SAMEA3882550,Illumina HiSeq 2000,FMT_metabolic_syndrome_2016,Metabolic Syndrome,Fecal Microbiota Transplantation,"10 subjects: 5 allogenic FMT recipients, 5 autologous FMT (placebo); Three lean donors, unrelated to recipients; 55 fecal samples total sequenced; Samples collected pre-FMT and 4 times post-FMT; Metabolic syndrome patients; No antibiotics for ≥3 months before treatment; 164 fecal metagenomes analyzed across three study groups; 1105 detected prokaryotic species; 11.8 million variant positions identified; 109 metagenomes from 48 healthy FMT-naïve individuals as control; 42 species tracked at strain level across 5 phyla; Determinant positions ranged 66 to 161,800 per species (median 15,550)"
27126044,No,3,Month,single-nucleotide variants (SNVs); donor-specific SNVs; recipient-specific SNVs; species composition; microbial diversity,percentage (%); mean percentage across species,69.3±21.8% at 2 days post-FMT; 37.6±16.6% at 3 months post-FMT; 50.7±10.1% coexistence in shared species; 39±23% species resistance; 44±14% species coexistence,Netherlands,colon,2009/2010,Metabolic Syndrome,species composition shifts; donor microbiota colonization; strain coexistence patterns; microbial diversity changes,FMT1; FMT2; FMT3; FMT4; FMT5; SELF1; SELF2; SELF3; SELF4; SELF5,Homo sapiens,Amsterdam,ERR1297458,27126044,SAMEA3882510,Illumina HiSeq 2000,FMT_metabolic_syndrome_2016,Metabolic Syndrome,Fecal Microbiota Transplantation,"10 subjects: 5 allogenic FMT recipients, 5 autologous FMT (placebo); Three lean donors, unrelated to recipients; 55 fecal samples total sequenced; Samples collected pre-FMT and 4 times post-FMT; Metabolic syndrome patients; No antibiotics for ≥3 months before treatment; 164 fecal metagenomes analyzed across three study groups; 1105 detected prokaryotic species; 11.8 million variant positions identified; 109 metagenomes from 48 healthy FMT-naïve individuals as control; 42 species tracked at strain level across 5 phyla; Determinant positions ranged 66 to 161,800 per species (median 15,550)"
27126044,No,3,Month,single-nucleotide variants (SNVs); donor-specific SNVs; recipient-specific SNVs; species composition; microbial diversity,percentage (%); mean percentage across species,69.3±21.8% at 2 days post-FMT; 37.6±16.6% at 3 months post-FMT; 50.7±10.1% coexistence in shared species; 39±23% species resistance; 44±14% species coexistence,Netherlands,colon,2009/2010,Metabolic Syndrome,species composition shifts; donor microbiota colonization; strain coexistence patterns; microbial diversity changes,FMT1; FMT2; FMT3; FMT4; FMT5; SELF1; SELF2; SELF3; SELF4; SELF5,Homo sapiens,Amsterdam,ERR1297459,27126044,SAMEA3882503,Illumina HiSeq 2000,FMT_metabolic_syndrome_2016,Metabolic Syndrome,Fecal Microbiota Transplantation,"10 subjects: 5 allogenic FMT recipients, 5 autologous FMT (placebo); Three lean donors, unrelated to recipients; 55 fecal samples total sequenced; Samples collected pre-FMT and 4 times post-FMT; Metabolic syndrome patients; No antibiotics for ≥3 months before treatment; 164 fecal metagenomes analyzed across three study groups; 1105 detected prokaryotic species; 11.8 million variant positions identified; 109 metagenomes from 48 healthy FMT-naïve individuals as control; 42 species tracked at strain level across 5 phyla; Determinant positions ranged 66 to 161,800 per species (median 15,550)"
27126044,No,3,Month,single-nucleotide variants (SNVs); donor-specific SNVs; recipient-specific SNVs; species composition; microbial diversity,percentage (%); mean percentage across species,69.3±21.8% at 2 days post-FMT; 37.6±16.6% at 3 months post-FMT; 50.7±10.1% coexistence in shared species; 39±23% species resistance; 44±14% species coexistence,Netherlands,colon,2009/2010,Metabolic Syndrome,species composition shifts; donor microbiota colonization; strain coexistence patterns; microbial diversity changes,FMT1; FMT2; FMT3; FMT4; FMT5; SELF1; SELF2; SELF3; SELF4; SELF5,Homo sapiens,Amsterdam,ERR1297583,27126044,SAMEA3882527,Illumina HiSeq 2000,FMT_metabolic_syndrome_2016,Metabolic Syndrome,Fecal Microbiota Transplantation,"10 subjects: 5 allogenic FMT recipients, 5 autologous FMT (placebo); Three lean donors, unrelated to recipients; 55 fecal samples total sequenced; Samples collected pre-FMT and 4 times post-FMT; Metabolic syndrome patients; No antibiotics for ≥3 months before treatment; 164 fecal metagenomes analyzed across three study groups; 1105 detected prokaryotic species; 11.8 million variant positions identified; 109 metagenomes from 48 healthy FMT-naïve individuals as control; 42 species tracked at strain level across 5 phyla; Determinant positions ranged 66 to 161,800 per species (median 15,550)"
27126044,No,3,Month,single-nucleotide variants (SNVs); donor-specific SNVs; recipient-specific SNVs; species composition; microbial diversity,percentage (%); mean percentage across species,69.3±21.8% at 2 days post-FMT; 37.6±16.6% at 3 months post-FMT; 50.7±10.1% coexistence in shared species; 39±23% species resistance; 44±14% species coexistence,Netherlands,colon,2009/2010,Metabolic Syndrome,species composition shifts; donor microbiota colonization; strain coexistence patterns; microbial diversity changes,FMT1; FMT2; FMT3; FMT4; FMT5; SELF1; SELF2; SELF3; SELF4; SELF5,Homo sapiens,Amsterdam,ERR1297465,27126044,SAMEA3882520,Illumina HiSeq 2000,FMT_metabolic_syndrome_2016,Metabolic Syndrome,Fecal Microbiota Transplantation,"10 subjects: 5 allogenic FMT recipients, 5 autologous FMT (placebo); Three lean donors, unrelated to recipients; 55 fecal samples total sequenced; Samples collected pre-FMT and 4 times post-FMT; Metabolic syndrome patients; No antibiotics for ≥3 months before treatment; 164 fecal metagenomes analyzed across three study groups; 1105 detected prokaryotic species; 11.8 million variant positions identified; 109 metagenomes from 48 healthy FMT-naïve individuals as control; 42 species tracked at strain level across 5 phyla; Determinant positions ranged 66 to 161,800 per species (median 15,550)"
27126044,No,3,Month,single-nucleotide variants (SNVs); donor-specific SNVs; recipient-specific SNVs; species composition; microbial diversity,percentage (%); mean percentage across species,69.3±21.8% at 2 days post-FMT; 37.6±16.6% at 3 months post-FMT; 50.7±10.1% coexistence in shared species; 39±23% species resistance; 44±14% species coexistence,Netherlands,colon,2009/2010,Metabolic Syndrome,species composition shifts; donor microbiota colonization; strain coexistence patterns; microbial diversity changes,FMT1; FMT2; FMT3; FMT4; FMT5; SELF1; SELF2; SELF3; SELF4; SELF5,Homo sapiens,Amsterdam,ERR1297584,27126044,SAMEA3882540,Illumina HiSeq 2000,FMT_metabolic_syndrome_2016,Metabolic Syndrome,Fecal Microbiota Transplantation,"10 subjects: 5 allogenic FMT recipients, 5 autologous FMT (placebo); Three lean donors, unrelated to recipients; 55 fecal samples total sequenced; Samples collected pre-FMT and 4 times post-FMT; Metabolic syndrome patients; No antibiotics for ≥3 months before treatment; 164 fecal metagenomes analyzed across three study groups; 1105 detected prokaryotic species; 11.8 million variant positions identified; 109 metagenomes from 48 healthy FMT-naïve individuals as control; 42 species tracked at strain level across 5 phyla; Determinant positions ranged 66 to 161,800 per species (median 15,550)"
27126044,No,3,Month,single-nucleotide variants (SNVs); donor-specific SNVs; recipient-specific SNVs; species composition; microbial diversity,percentage (%); mean percentage across species,69.3±21.8% at 2 days post-FMT; 37.6±16.6% at 3 months post-FMT; 50.7±10.1% coexistence in shared species; 39±23% species resistance; 44±14% species coexistence,Netherlands,colon,2009/2010,Metabolic Syndrome,species composition shifts; donor microbiota colonization; strain coexistence patterns; microbial diversity changes,FMT1; FMT2; FMT3; FMT4; FMT5; SELF1; SELF2; SELF3; SELF4; SELF5,Homo sapiens,Amsterdam,ERR1297471,27126044,SAMEA3882531,Illumina HiSeq 2000,FMT_metabolic_syndrome_2016,Metabolic Syndrome,Fecal Microbiota Transplantation,"10 subjects: 5 allogenic FMT recipients, 5 autologous FMT (placebo); Three lean donors, unrelated to recipients; 55 fecal samples total sequenced; Samples collected pre-FMT and 4 times post-FMT; Metabolic syndrome patients; No antibiotics for ≥3 months before treatment; 164 fecal metagenomes analyzed across three study groups; 1105 detected prokaryotic species; 11.8 million variant positions identified; 109 metagenomes from 48 healthy FMT-naïve individuals as control; 42 species tracked at strain level across 5 phyla; Determinant positions ranged 66 to 161,800 per species (median 15,550)"
27126044,No,3,Month,single-nucleotide variants (SNVs); donor-specific SNVs; recipient-specific SNVs; species composition; microbial diversity,percentage (%); mean percentage across species,69.3±21.8% at 2 days post-FMT; 37.6±16.6% at 3 months post-FMT; 50.7±10.1% coexistence in shared species; 39±23% species resistance; 44±14% species coexistence,Netherlands,colon,2009/2010,Metabolic Syndrome,species composition shifts; donor microbiota colonization; strain coexistence patterns; microbial diversity changes,FMT1; FMT2; FMT3; FMT4; FMT5; SELF1; SELF2; SELF3; SELF4; SELF5,Homo sapiens,Amsterdam,ERR1297474,27126044,SAMEA3882535,Illumina HiSeq 2000,FMT_metabolic_syndrome_2016,Metabolic Syndrome,Fecal Microbiota Transplantation,"10 subjects: 5 allogenic FMT recipients, 5 autologous FMT (placebo); Three lean donors, unrelated to recipients; 55 fecal samples total sequenced; Samples collected pre-FMT and 4 times post-FMT; Metabolic syndrome patients; No antibiotics for ≥3 months before treatment; 164 fecal metagenomes analyzed across three study groups; 1105 detected prokaryotic species; 11.8 million variant positions identified; 109 metagenomes from 48 healthy FMT-naïve individuals as control; 42 species tracked at strain level across 5 phyla; Determinant positions ranged 66 to 161,800 per species (median 15,550)"
27126044,No,3,Month,single-nucleotide variants (SNVs); donor-specific SNVs; recipient-specific SNVs; species composition; microbial diversity,percentage (%); mean percentage across species,69.3±21.8% at 2 days post-FMT; 37.6±16.6% at 3 months post-FMT; 50.7±10.1% coexistence in shared species; 39±23% species resistance; 44±14% species coexistence,Netherlands,colon,2009/2010,Metabolic Syndrome,species composition shifts; donor microbiota colonization; strain coexistence patterns; microbial diversity changes,FMT1; FMT2; FMT3; FMT4; FMT5; SELF1; SELF2; SELF3; SELF4; SELF5,Homo sapiens,Amsterdam,ERR1297585,27126044,SAMEA3882538,Illumina HiSeq 2000,FMT_metabolic_syndrome_2016,Metabolic Syndrome,Fecal Microbiota Transplantation,"10 subjects: 5 allogenic FMT recipients, 5 autologous FMT (placebo); Three lean donors, unrelated to recipients; 55 fecal samples total sequenced; Samples collected pre-FMT and 4 times post-FMT; Metabolic syndrome patients; No antibiotics for ≥3 months before treatment; 164 fecal metagenomes analyzed across three study groups; 1105 detected prokaryotic species; 11.8 million variant positions identified; 109 metagenomes from 48 healthy FMT-naïve individuals as control; 42 species tracked at strain level across 5 phyla; Determinant positions ranged 66 to 161,800 per species (median 15,550)"
27126044,No,3,Month,single-nucleotide variants (SNVs); donor-specific SNVs; recipient-specific SNVs; species composition; microbial diversity,percentage (%); mean percentage across species,69.3±21.8% at 2 days post-FMT; 37.6±16.6% at 3 months post-FMT; 50.7±10.1% coexistence in shared species; 39±23% species resistance; 44±14% species coexistence,Netherlands,colon,2009/2010,Metabolic Syndrome,species composition shifts; donor microbiota colonization; strain coexistence patterns; microbial diversity changes,FMT1; FMT2; FMT3; FMT4; FMT5; SELF1; SELF2; SELF3; SELF4; SELF5,Homo sapiens,Amsterdam,ERR1297476,27126044,SAMEA3882506,Illumina HiSeq 2000,FMT_metabolic_syndrome_2016,Metabolic Syndrome,Fecal Microbiota Transplantation,"10 subjects: 5 allogenic FMT recipients, 5 autologous FMT (placebo); Three lean donors, unrelated to recipients; 55 fecal samples total sequenced; Samples collected pre-FMT and 4 times post-FMT; Metabolic syndrome patients; No antibiotics for ≥3 months before treatment; 164 fecal metagenomes analyzed across three study groups; 1105 detected prokaryotic species; 11.8 million variant positions identified; 109 metagenomes from 48 healthy FMT-naïve individuals as control; 42 species tracked at strain level across 5 phyla; Determinant positions ranged 66 to 161,800 per species (median 15,550)"
27126044,No,3,Month,single-nucleotide variants (SNVs); donor-specific SNVs; recipient-specific SNVs; species composition; microbial diversity,percentage (%); mean percentage across species,69.3±21.8% at 2 days post-FMT; 37.6±16.6% at 3 months post-FMT; 50.7±10.1% coexistence in shared species; 39±23% species resistance; 44±14% species coexistence,Netherlands,colon,2009/2010,Metabolic Syndrome,species composition shifts; donor microbiota colonization; strain coexistence patterns; microbial diversity changes,FMT1; FMT2; FMT3; FMT4; FMT5; SELF1; SELF2; SELF3; SELF4; SELF5,Homo sapiens,Amsterdam,ERR1297586,27126044,SAMEA3882548,Illumina HiSeq 2000,FMT_metabolic_syndrome_2016,Metabolic Syndrome,Fecal Microbiota Transplantation,"10 subjects: 5 allogenic FMT recipients, 5 autologous FMT (placebo); Three lean donors, unrelated to recipients; 55 fecal samples total sequenced; Samples collected pre-FMT and 4 times post-FMT; Metabolic syndrome patients; No antibiotics for ≥3 months before treatment; 164 fecal metagenomes analyzed across three study groups; 1105 detected prokaryotic species; 11.8 million variant positions identified; 109 metagenomes from 48 healthy FMT-naïve individuals as control; 42 species tracked at strain level across 5 phyla; Determinant positions ranged 66 to 161,800 per species (median 15,550)"
27126044,No,3,Month,single-nucleotide variants (SNVs); donor-specific SNVs; recipient-specific SNVs; species composition; microbial diversity,percentage (%); mean percentage across species,69.3±21.8% at 2 days post-FMT; 37.6±16.6% at 3 months post-FMT; 50.7±10.1% coexistence in shared species; 39±23% species resistance; 44±14% species coexistence,Netherlands,colon,2009/2010,Metabolic Syndrome,species composition shifts; donor microbiota colonization; strain coexistence patterns; microbial diversity changes,FMT1; FMT2; FMT3; FMT4; FMT5; SELF1; SELF2; SELF3; SELF4; SELF5,Homo sapiens,Amsterdam,ERR1297479,27126044,SAMEA3882525,Illumina HiSeq 2000,FMT_metabolic_syndrome_2016,Metabolic Syndrome,Fecal Microbiota Transplantation,"10 subjects: 5 allogenic FMT recipients, 5 autologous FMT (placebo); Three lean donors, unrelated to recipients; 55 fecal samples total sequenced; Samples collected pre-FMT and 4 times post-FMT; Metabolic syndrome patients; No antibiotics for ≥3 months before treatment; 164 fecal metagenomes analyzed across three study groups; 1105 detected prokaryotic species; 11.8 million variant positions identified; 109 metagenomes from 48 healthy FMT-naïve individuals as control; 42 species tracked at strain level across 5 phyla; Determinant positions ranged 66 to 161,800 per species (median 15,550)"
27126044,No,3,Month,single-nucleotide variants (SNVs); donor-specific SNVs; recipient-specific SNVs; species composition; microbial diversity,percentage (%); mean percentage across species,69.3±21.8% at 2 days post-FMT; 37.6±16.6% at 3 months post-FMT; 50.7±10.1% coexistence in shared species; 39±23% species resistance; 44±14% species coexistence,Netherlands,colon,2009/2010,Metabolic Syndrome,species composition shifts; donor microbiota colonization; strain coexistence patterns; microbial diversity changes,FMT1; FMT2; FMT3; FMT4; FMT5; SELF1; SELF2; SELF3; SELF4; SELF5,Homo sapiens,Amsterdam,ERR1297590,27126044,SAMEA3882542,Illumina HiSeq 2000,FMT_metabolic_syndrome_2016,Metabolic Syndrome,Fecal Microbiota Transplantation,"10 subjects: 5 allogenic FMT recipients, 5 autologous FMT (placebo); Three lean donors, unrelated to recipients; 55 fecal samples total sequenced; Samples collected pre-FMT and 4 times post-FMT; Metabolic syndrome patients; No antibiotics for ≥3 months before treatment; 164 fecal metagenomes analyzed across three study groups; 1105 detected prokaryotic species; 11.8 million variant positions identified; 109 metagenomes from 48 healthy FMT-naïve individuals as control; 42 species tracked at strain level across 5 phyla; Determinant positions ranged 66 to 161,800 per species (median 15,550)"
27126044,No,3,Month,single-nucleotide variants (SNVs); donor-specific SNVs; recipient-specific SNVs; species composition; microbial diversity,percentage (%); mean percentage across species,69.3±21.8% at 2 days post-FMT; 37.6±16.6% at 3 months post-FMT; 50.7±10.1% coexistence in shared species; 39±23% species resistance; 44±14% species coexistence,Netherlands,colon,2009/2010,Metabolic Syndrome,species composition shifts; donor microbiota colonization; strain coexistence patterns; microbial diversity changes,FMT1; FMT2; FMT3; FMT4; FMT5; SELF1; SELF2; SELF3; SELF4; SELF5,Homo sapiens,Amsterdam,ERR1297481,27126044,SAMEA3882519,Illumina HiSeq 2000,FMT_metabolic_syndrome_2016,Metabolic Syndrome,Fecal Microbiota Transplantation,"10 subjects: 5 allogenic FMT recipients, 5 autologous FMT (placebo); Three lean donors, unrelated to recipients; 55 fecal samples total sequenced; Samples collected pre-FMT and 4 times post-FMT; Metabolic syndrome patients; No antibiotics for ≥3 months before treatment; 164 fecal metagenomes analyzed across three study groups; 1105 detected prokaryotic species; 11.8 million variant positions identified; 109 metagenomes from 48 healthy FMT-naïve individuals as control; 42 species tracked at strain level across 5 phyla; Determinant positions ranged 66 to 161,800 per species (median 15,550)"
27126044,No,3,Month,single-nucleotide variants (SNVs); donor-specific SNVs; recipient-specific SNVs; species composition; microbial diversity,percentage (%); mean percentage across species,69.3±21.8% at 2 days post-FMT; 37.6±16.6% at 3 months post-FMT; 50.7±10.1% coexistence in shared species; 39±23% species resistance; 44±14% species coexistence,Netherlands,colon,2009/2010,Metabolic Syndrome,species composition shifts; donor microbiota colonization; strain coexistence patterns; microbial diversity changes,FMT1; FMT2; FMT3; FMT4; FMT5; SELF1; SELF2; SELF3; SELF4; SELF5,Homo sapiens,Amsterdam,ERR1297591,27126044,SAMEA3882518,Illumina HiSeq 2000,FMT_metabolic_syndrome_2016,Metabolic Syndrome,Fecal Microbiota Transplantation,"10 subjects: 5 allogenic FMT recipients, 5 autologous FMT (placebo); Three lean donors, unrelated to recipients; 55 fecal samples total sequenced; Samples collected pre-FMT and 4 times post-FMT; Metabolic syndrome patients; No antibiotics for ≥3 months before treatment; 164 fecal metagenomes analyzed across three study groups; 1105 detected prokaryotic species; 11.8 million variant positions identified; 109 metagenomes from 48 healthy FMT-naïve individuals as control; 42 species tracked at strain level across 5 phyla; Determinant positions ranged 66 to 161,800 per species (median 15,550)"
27126044,No,3,Month,single-nucleotide variants (SNVs); donor-specific SNVs; recipient-specific SNVs; species composition; microbial diversity,percentage (%); mean percentage across species,69.3±21.8% at 2 days post-FMT; 37.6±16.6% at 3 months post-FMT; 50.7±10.1% coexistence in shared species; 39±23% species resistance; 44±14% species coexistence,Netherlands,colon,2009/2010,Metabolic Syndrome,species composition shifts; donor microbiota colonization; strain coexistence patterns; microbial diversity changes,FMT1; FMT2; FMT3; FMT4; FMT5; SELF1; SELF2; SELF3; SELF4; SELF5,Homo sapiens,Amsterdam,ERR1297592,27126044,SAMEA3882513,Illumina HiSeq 2000,FMT_metabolic_syndrome_2016,Metabolic Syndrome,Fecal Microbiota Transplantation,"10 subjects: 5 allogenic FMT recipients, 5 autologous FMT (placebo); Three lean donors, unrelated to recipients; 55 fecal samples total sequenced; Samples collected pre-FMT and 4 times post-FMT; Metabolic syndrome patients; No antibiotics for ≥3 months before treatment; 164 fecal metagenomes analyzed across three study groups; 1105 detected prokaryotic species; 11.8 million variant positions identified; 109 metagenomes from 48 healthy FMT-naïve individuals as control; 42 species tracked at strain level across 5 phyla; Determinant positions ranged 66 to 161,800 per species (median 15,550)"
27126044,No,3,Month,single-nucleotide variants (SNVs); donor-specific SNVs; recipient-specific SNVs; species composition; microbial diversity,percentage (%); mean percentage across species,69.3±21.8% at 2 days post-FMT; 37.6±16.6% at 3 months post-FMT; 50.7±10.1% coexistence in shared species; 39±23% species resistance; 44±14% species coexistence,Netherlands,colon,2009/2010,Metabolic Syndrome,species composition shifts; donor microbiota colonization; strain coexistence patterns; microbial diversity changes,FMT1; FMT2; FMT3; FMT4; FMT5; SELF1; SELF2; SELF3; SELF4; SELF5,Homo sapiens,Amsterdam,ERR1297482,27126044,SAMEA3882529,Illumina HiSeq 2000,FMT_metabolic_syndrome_2016,Metabolic Syndrome,Fecal Microbiota Transplantation,"10 subjects: 5 allogenic FMT recipients, 5 autologous FMT (placebo); Three lean donors, unrelated to recipients; 55 fecal samples total sequenced; Samples collected pre-FMT and 4 times post-FMT; Metabolic syndrome patients; No antibiotics for ≥3 months before treatment; 164 fecal metagenomes analyzed across three study groups; 1105 detected prokaryotic species; 11.8 million variant positions identified; 109 metagenomes from 48 healthy FMT-naïve individuals as control; 42 species tracked at strain level across 5 phyla; Determinant positions ranged 66 to 161,800 per species (median 15,550)"
27126044,No,3,Month,single-nucleotide variants (SNVs); donor-specific SNVs; recipient-specific SNVs; species composition; microbial diversity,percentage (%); mean percentage across species,69.3±21.8% at 2 days post-FMT; 37.6±16.6% at 3 months post-FMT; 50.7±10.1% coexistence in shared species; 39±23% species resistance; 44±14% species coexistence,Netherlands,colon,2009/2010,Metabolic Syndrome,species composition shifts; donor microbiota colonization; strain coexistence patterns; microbial diversity changes,FMT1; FMT2; FMT3; FMT4; FMT5; SELF1; SELF2; SELF3; SELF4; SELF5,Homo sapiens,Amsterdam,ERR1297593,27126044,SAMEA3882546,Illumina HiSeq 2000,FMT_metabolic_syndrome_2016,Metabolic Syndrome,Fecal Microbiota Transplantation,"10 subjects: 5 allogenic FMT recipients, 5 autologous FMT (placebo); Three lean donors, unrelated to recipients; 55 fecal samples total sequenced; Samples collected pre-FMT and 4 times post-FMT; Metabolic syndrome patients; No antibiotics for ≥3 months before treatment; 164 fecal metagenomes analyzed across three study groups; 1105 detected prokaryotic species; 11.8 million variant positions identified; 109 metagenomes from 48 healthy FMT-naïve individuals as control; 42 species tracked at strain level across 5 phyla; Determinant positions ranged 66 to 161,800 per species (median 15,550)"
27126044,No,3,Month,single-nucleotide variants (SNVs); donor-specific SNVs; recipient-specific SNVs; species composition; microbial diversity,percentage (%); mean percentage across species,69.3±21.8% at 2 days post-FMT; 37.6±16.6% at 3 months post-FMT; 50.7±10.1% coexistence in shared species; 39±23% species resistance; 44±14% species coexistence,Netherlands,colon,2009/2010,Metabolic Syndrome,species composition shifts; donor microbiota colonization; strain coexistence patterns; microbial diversity changes,FMT1; FMT2; FMT3; FMT4; FMT5; SELF1; SELF2; SELF3; SELF4; SELF5,Homo sapiens,Amsterdam,ERR1297485,27126044,SAMEA3882541,Illumina HiSeq 2000,FMT_metabolic_syndrome_2016,Metabolic Syndrome,Fecal Microbiota Transplantation,"10 subjects: 5 allogenic FMT recipients, 5 autologous FMT (placebo); Three lean donors, unrelated to recipients; 55 fecal samples total sequenced; Samples collected pre-FMT and 4 times post-FMT; Metabolic syndrome patients; No antibiotics for ≥3 months before treatment; 164 fecal metagenomes analyzed across three study groups; 1105 detected prokaryotic species; 11.8 million variant positions identified; 109 metagenomes from 48 healthy FMT-naïve individuals as control; 42 species tracked at strain level across 5 phyla; Determinant positions ranged 66 to 161,800 per species (median 15,550)"
27126044,No,3,Month,single-nucleotide variants (SNVs); donor-specific SNVs; recipient-specific SNVs; species composition; microbial diversity,percentage (%); mean percentage across species,69.3±21.8% at 2 days post-FMT; 37.6±16.6% at 3 months post-FMT; 50.7±10.1% coexistence in shared species; 39±23% species resistance; 44±14% species coexistence,Netherlands,colon,2009/2010,Metabolic Syndrome,species composition shifts; donor microbiota colonization; strain coexistence patterns; microbial diversity changes,FMT1; FMT2; FMT3; FMT4; FMT5; SELF1; SELF2; SELF3; SELF4; SELF5,Homo sapiens,Amsterdam,ERR1297486,27126044,SAMEA3882522,Illumina HiSeq 2000,FMT_metabolic_syndrome_2016,Metabolic Syndrome,Fecal Microbiota Transplantation,"10 subjects: 5 allogenic FMT recipients, 5 autologous FMT (placebo); Three lean donors, unrelated to recipients; 55 fecal samples total sequenced; Samples collected pre-FMT and 4 times post-FMT; Metabolic syndrome patients; No antibiotics for ≥3 months before treatment; 164 fecal metagenomes analyzed across three study groups; 1105 detected prokaryotic species; 11.8 million variant positions identified; 109 metagenomes from 48 healthy FMT-naïve individuals as control; 42 species tracked at strain level across 5 phyla; Determinant positions ranged 66 to 161,800 per species (median 15,550)"
27126044,No,3,Month,single-nucleotide variants (SNVs); donor-specific SNVs; recipient-specific SNVs; species composition; microbial diversity,percentage (%); mean percentage across species,69.3±21.8% at 2 days post-FMT; 37.6±16.6% at 3 months post-FMT; 50.7±10.1% coexistence in shared species; 39±23% species resistance; 44±14% species coexistence,Netherlands,colon,2009/2010,Metabolic Syndrome,species composition shifts; donor microbiota colonization; strain coexistence patterns; microbial diversity changes,FMT1; FMT2; FMT3; FMT4; FMT5; SELF1; SELF2; SELF3; SELF4; SELF5,Homo sapiens,Amsterdam,ERR1297487,27126044,SAMEA3882543,Illumina HiSeq 2000,FMT_metabolic_syndrome_2016,Metabolic Syndrome,Fecal Microbiota Transplantation,"10 subjects: 5 allogenic FMT recipients, 5 autologous FMT (placebo); Three lean donors, unrelated to recipients; 55 fecal samples total sequenced; Samples collected pre-FMT and 4 times post-FMT; Metabolic syndrome patients; No antibiotics for ≥3 months before treatment; 164 fecal metagenomes analyzed across three study groups; 1105 detected prokaryotic species; 11.8 million variant positions identified; 109 metagenomes from 48 healthy FMT-naïve individuals as control; 42 species tracked at strain level across 5 phyla; Determinant positions ranged 66 to 161,800 per species (median 15,550)"
27126044,No,3,Month,single-nucleotide variants (SNVs); donor-specific SNVs; recipient-specific SNVs; species composition; microbial diversity,percentage (%); mean percentage across species,69.3±21.8% at 2 days post-FMT; 37.6±16.6% at 3 months post-FMT; 50.7±10.1% coexistence in shared species; 39±23% species resistance; 44±14% species coexistence,Netherlands,colon,2009/2010,Metabolic Syndrome,species composition shifts; donor microbiota colonization; strain coexistence patterns; microbial diversity changes,FMT1; FMT2; FMT3; FMT4; FMT5; SELF1; SELF2; SELF3; SELF4; SELF5,Homo sapiens,Amsterdam,ERR1297488,27126044,SAMEA3882534,Illumina HiSeq 2000,FMT_metabolic_syndrome_2016,Metabolic Syndrome,Fecal Microbiota Transplantation,"10 subjects: 5 allogenic FMT recipients, 5 autologous FMT (placebo); Three lean donors, unrelated to recipients; 55 fecal samples total sequenced; Samples collected pre-FMT and 4 times post-FMT; Metabolic syndrome patients; No antibiotics for ≥3 months before treatment; 164 fecal metagenomes analyzed across three study groups; 1105 detected prokaryotic species; 11.8 million variant positions identified; 109 metagenomes from 48 healthy FMT-naïve individuals as control; 42 species tracked at strain level across 5 phyla; Determinant positions ranged 66 to 161,800 per species (median 15,550)"
27126044,No,3,Month,single-nucleotide variants (SNVs); donor-specific SNVs; recipient-specific SNVs; species composition; microbial diversity,percentage (%); mean percentage across species,69.3±21.8% at 2 days post-FMT; 37.6±16.6% at 3 months post-FMT; 50.7±10.1% coexistence in shared species; 39±23% species resistance; 44±14% species coexistence,Netherlands,colon,2009/2010,Metabolic Syndrome,species composition shifts; donor microbiota colonization; strain coexistence patterns; microbial diversity changes,FMT1; FMT2; FMT3; FMT4; FMT5; SELF1; SELF2; SELF3; SELF4; SELF5,Homo sapiens,Amsterdam,ERR1297594,27126044,SAMEA3882534,Illumina HiSeq 2000,FMT_metabolic_syndrome_2016,Metabolic Syndrome,Fecal Microbiota Transplantation,"10 subjects: 5 allogenic FMT recipients, 5 autologous FMT (placebo); Three lean donors, unrelated to recipients; 55 fecal samples total sequenced; Samples collected pre-FMT and 4 times post-FMT; Metabolic syndrome patients; No antibiotics for ≥3 months before treatment; 164 fecal metagenomes analyzed across three study groups; 1105 detected prokaryotic species; 11.8 million variant positions identified; 109 metagenomes from 48 healthy FMT-naïve individuals as control; 42 species tracked at strain level across 5 phyla; Determinant positions ranged 66 to 161,800 per species (median 15,550)"
27126044,No,3,Month,single-nucleotide variants (SNVs); donor-specific SNVs; recipient-specific SNVs; species composition; microbial diversity,percentage (%); mean percentage across species,69.3±21.8% at 2 days post-FMT; 37.6±16.6% at 3 months post-FMT; 50.7±10.1% coexistence in shared species; 39±23% species resistance; 44±14% species coexistence,Netherlands,colon,2009/2010,Metabolic Syndrome,species composition shifts; donor microbiota colonization; strain coexistence patterns; microbial diversity changes,FMT1; FMT2; FMT3; FMT4; FMT5; SELF1; SELF2; SELF3; SELF4; SELF5,Homo sapiens,Amsterdam,ERR1297491,27126044,SAMEA3882521,Illumina HiSeq 2000,FMT_metabolic_syndrome_2016,Metabolic Syndrome,Fecal Microbiota Transplantation,"10 subjects: 5 allogenic FMT recipients, 5 autologous FMT (placebo); Three lean donors, unrelated to recipients; 55 fecal samples total sequenced; Samples collected pre-FMT and 4 times post-FMT; Metabolic syndrome patients; No antibiotics for ≥3 months before treatment; 164 fecal metagenomes analyzed across three study groups; 1105 detected prokaryotic species; 11.8 million variant positions identified; 109 metagenomes from 48 healthy FMT-naïve individuals as control; 42 species tracked at strain level across 5 phyla; Determinant positions ranged 66 to 161,800 per species (median 15,550)"
27126044,No,3,Month,single-nucleotide variants (SNVs); donor-specific SNVs; recipient-specific SNVs; species composition; microbial diversity,percentage (%); mean percentage across species,69.3±21.8% at 2 days post-FMT; 37.6±16.6% at 3 months post-FMT; 50.7±10.1% coexistence in shared species; 39±23% species resistance; 44±14% species coexistence,Netherlands,colon,2009/2010,Metabolic Syndrome,species composition shifts; donor microbiota colonization; strain coexistence patterns; microbial diversity changes,FMT1; FMT2; FMT3; FMT4; FMT5; SELF1; SELF2; SELF3; SELF4; SELF5,Homo sapiens,Amsterdam,ERR1297595,27126044,SAMEA3882507,Illumina HiSeq 2000,FMT_metabolic_syndrome_2016,Metabolic Syndrome,Fecal Microbiota Transplantation,"10 subjects: 5 allogenic FMT recipients, 5 autologous FMT (placebo); Three lean donors, unrelated to recipients; 55 fecal samples total sequenced; Samples collected pre-FMT and 4 times post-FMT; Metabolic syndrome patients; No antibiotics for ≥3 months before treatment; 164 fecal metagenomes analyzed across three study groups; 1105 detected prokaryotic species; 11.8 million variant positions identified; 109 metagenomes from 48 healthy FMT-naïve individuals as control; 42 species tracked at strain level across 5 phyla; Determinant positions ranged 66 to 161,800 per species (median 15,550)"
27126044,No,3,Month,single-nucleotide variants (SNVs); donor-specific SNVs; recipient-specific SNVs; species composition; microbial diversity,percentage (%); mean percentage across species,69.3±21.8% at 2 days post-FMT; 37.6±16.6% at 3 months post-FMT; 50.7±10.1% coexistence in shared species; 39±23% species resistance; 44±14% species coexistence,Netherlands,colon,2009/2010,Metabolic Syndrome,species composition shifts; donor microbiota colonization; strain coexistence patterns; microbial diversity changes,FMT1; FMT2; FMT3; FMT4; FMT5; SELF1; SELF2; SELF3; SELF4; SELF5,Homo sapiens,Amsterdam,ERR1297493,27126044,SAMEA3882528,Illumina HiSeq 2000,FMT_metabolic_syndrome_2016,Metabolic Syndrome,Fecal Microbiota Transplantation,"10 subjects: 5 allogenic FMT recipients, 5 autologous FMT (placebo); Three lean donors, unrelated to recipients; 55 fecal samples total sequenced; Samples collected pre-FMT and 4 times post-FMT; Metabolic syndrome patients; No antibiotics for ≥3 months before treatment; 164 fecal metagenomes analyzed across three study groups; 1105 detected prokaryotic species; 11.8 million variant positions identified; 109 metagenomes from 48 healthy FMT-naïve individuals as control; 42 species tracked at strain level across 5 phyla; Determinant positions ranged 66 to 161,800 per species (median 15,550)"
27126044,No,3,Month,single-nucleotide variants (SNVs); donor-specific SNVs; recipient-specific SNVs; species composition; microbial diversity,percentage (%); mean percentage across species,69.3±21.8% at 2 days post-FMT; 37.6±16.6% at 3 months post-FMT; 50.7±10.1% coexistence in shared species; 39±23% species resistance; 44±14% species coexistence,Netherlands,colon,2009/2010,Metabolic Syndrome,species composition shifts; donor microbiota colonization; strain coexistence patterns; microbial diversity changes,FMT1; FMT2; FMT3; FMT4; FMT5; SELF1; SELF2; SELF3; SELF4; SELF5,Homo sapiens,Amsterdam,ERR1297598,27126044,SAMEA3882524,Illumina HiSeq 2000,FMT_metabolic_syndrome_2016,Metabolic Syndrome,Fecal Microbiota Transplantation,"10 subjects: 5 allogenic FMT recipients, 5 autologous FMT (placebo); Three lean donors, unrelated to recipients; 55 fecal samples total sequenced; Samples collected pre-FMT and 4 times post-FMT; Metabolic syndrome patients; No antibiotics for ≥3 months before treatment; 164 fecal metagenomes analyzed across three study groups; 1105 detected prokaryotic species; 11.8 million variant positions identified; 109 metagenomes from 48 healthy FMT-naïve individuals as control; 42 species tracked at strain level across 5 phyla; Determinant positions ranged 66 to 161,800 per species (median 15,550)"
27126044,No,3,Month,single-nucleotide variants (SNVs); donor-specific SNVs; recipient-specific SNVs; species composition; microbial diversity,percentage (%); mean percentage across species,69.3±21.8% at 2 days post-FMT; 37.6±16.6% at 3 months post-FMT; 50.7±10.1% coexistence in shared species; 39±23% species resistance; 44±14% species coexistence,Netherlands,colon,2009/2010,Metabolic Syndrome,species composition shifts; donor microbiota colonization; strain coexistence patterns; microbial diversity changes,FMT1; FMT2; FMT3; FMT4; FMT5; SELF1; SELF2; SELF3; SELF4; SELF5,Homo sapiens,Amsterdam,ERR1297495,27126044,SAMEA3882517,Illumina HiSeq 2000,FMT_metabolic_syndrome_2016,Metabolic Syndrome,Fecal Microbiota Transplantation,"10 subjects: 5 allogenic FMT recipients, 5 autologous FMT (placebo); Three lean donors, unrelated to recipients; 55 fecal samples total sequenced; Samples collected pre-FMT and 4 times post-FMT; Metabolic syndrome patients; No antibiotics for ≥3 months before treatment; 164 fecal metagenomes analyzed across three study groups; 1105 detected prokaryotic species; 11.8 million variant positions identified; 109 metagenomes from 48 healthy FMT-naïve individuals as control; 42 species tracked at strain level across 5 phyla; Determinant positions ranged 66 to 161,800 per species (median 15,550)"
27126044,No,3,Month,single-nucleotide variants (SNVs); donor-specific SNVs; recipient-specific SNVs; species composition; microbial diversity,percentage (%); mean percentage across species,69.3±21.8% at 2 days post-FMT; 37.6±16.6% at 3 months post-FMT; 50.7±10.1% coexistence in shared species; 39±23% species resistance; 44±14% species coexistence,Netherlands,colon,2009/2010,Metabolic Syndrome,species composition shifts; donor microbiota colonization; strain coexistence patterns; microbial diversity changes,FMT1; FMT2; FMT3; FMT4; FMT5; SELF1; SELF2; SELF3; SELF4; SELF5,Homo sapiens,Amsterdam,ERR1297500,27126044,SAMEA3882555,Illumina HiSeq 2000,FMT_metabolic_syndrome_2016,Metabolic Syndrome,Fecal Microbiota Transplantation,"10 subjects: 5 allogenic FMT recipients, 5 autologous FMT (placebo); Three lean donors, unrelated to recipients; 55 fecal samples total sequenced; Samples collected pre-FMT and 4 times post-FMT; Metabolic syndrome patients; No antibiotics for ≥3 months before treatment; 164 fecal metagenomes analyzed across three study groups; 1105 detected prokaryotic species; 11.8 million variant positions identified; 109 metagenomes from 48 healthy FMT-naïve individuals as control; 42 species tracked at strain level across 5 phyla; Determinant positions ranged 66 to 161,800 per species (median 15,550)"
27126044,No,3,Month,single-nucleotide variants (SNVs); donor-specific SNVs; recipient-specific SNVs; species composition; microbial diversity,percentage (%); mean percentage across species,69.3±21.8% at 2 days post-FMT; 37.6±16.6% at 3 months post-FMT; 50.7±10.1% coexistence in shared species; 39±23% species resistance; 44±14% species coexistence,Netherlands,colon,2009/2010,Metabolic Syndrome,species composition shifts; donor microbiota colonization; strain coexistence patterns; microbial diversity changes,FMT1; FMT2; FMT3; FMT4; FMT5; SELF1; SELF2; SELF3; SELF4; SELF5,Homo sapiens,Amsterdam,ERR1297599,27126044,SAMEA3882505,Illumina HiSeq 2000,FMT_metabolic_syndrome_2016,Metabolic Syndrome,Fecal Microbiota Transplantation,"10 subjects: 5 allogenic FMT recipients, 5 autologous FMT (placebo); Three lean donors, unrelated to recipients; 55 fecal samples total sequenced; Samples collected pre-FMT and 4 times post-FMT; Metabolic syndrome patients; No antibiotics for ≥3 months before treatment; 164 fecal metagenomes analyzed across three study groups; 1105 detected prokaryotic species; 11.8 million variant positions identified; 109 metagenomes from 48 healthy FMT-naïve individuals as control; 42 species tracked at strain level across 5 phyla; Determinant positions ranged 66 to 161,800 per species (median 15,550)"
27126044,No,3,Month,single-nucleotide variants (SNVs); donor-specific SNVs; recipient-specific SNVs; species composition; microbial diversity,percentage (%); mean percentage across species,69.3±21.8% at 2 days post-FMT; 37.6±16.6% at 3 months post-FMT; 50.7±10.1% coexistence in shared species; 39±23% species resistance; 44±14% species coexistence,Netherlands,colon,2009/2010,Metabolic Syndrome,species composition shifts; donor microbiota colonization; strain coexistence patterns; microbial diversity changes,FMT1; FMT2; FMT3; FMT4; FMT5; SELF1; SELF2; SELF3; SELF4; SELF5,Homo sapiens,Amsterdam,ERR1297501,27126044,SAMEA3882518,Illumina HiSeq 2000,FMT_metabolic_syndrome_2016,Metabolic Syndrome,Fecal Microbiota Transplantation,"10 subjects: 5 allogenic FMT recipients, 5 autologous FMT (placebo); Three lean donors, unrelated to recipients; 55 fecal samples total sequenced; Samples collected pre-FMT and 4 times post-FMT; Metabolic syndrome patients; No antibiotics for ≥3 months before treatment; 164 fecal metagenomes analyzed across three study groups; 1105 detected prokaryotic species; 11.8 million variant positions identified; 109 metagenomes from 48 healthy FMT-naïve individuals as control; 42 species tracked at strain level across 5 phyla; Determinant positions ranged 66 to 161,800 per species (median 15,550)"
27126044,No,3,Month,single-nucleotide variants (SNVs); donor-specific SNVs; recipient-specific SNVs; species composition; microbial diversity,percentage (%); mean percentage across species,69.3±21.8% at 2 days post-FMT; 37.6±16.6% at 3 months post-FMT; 50.7±10.1% coexistence in shared species; 39±23% species resistance; 44±14% species coexistence,Netherlands,colon,2009/2010,Metabolic Syndrome,species composition shifts; donor microbiota colonization; strain coexistence patterns; microbial diversity changes,FMT1; FMT2; FMT3; FMT4; FMT5; SELF1; SELF2; SELF3; SELF4; SELF5,Homo sapiens,Amsterdam,ERR1297601,27126044,SAMEA3882513,Illumina HiSeq 2000,FMT_metabolic_syndrome_2016,Metabolic Syndrome,Fecal Microbiota Transplantation,"10 subjects: 5 allogenic FMT recipients, 5 autologous FMT (placebo); Three lean donors, unrelated to recipients; 55 fecal samples total sequenced; Samples collected pre-FMT and 4 times post-FMT; Metabolic syndrome patients; No antibiotics for ≥3 months before treatment; 164 fecal metagenomes analyzed across three study groups; 1105 detected prokaryotic species; 11.8 million variant positions identified; 109 metagenomes from 48 healthy FMT-naïve individuals as control; 42 species tracked at strain level across 5 phyla; Determinant positions ranged 66 to 161,800 per species (median 15,550)"
27126044,No,3,Month,single-nucleotide variants (SNVs); donor-specific SNVs; recipient-specific SNVs; species composition; microbial diversity,percentage (%); mean percentage across species,69.3±21.8% at 2 days post-FMT; 37.6±16.6% at 3 months post-FMT; 50.7±10.1% coexistence in shared species; 39±23% species resistance; 44±14% species coexistence,Netherlands,colon,2009/2010,Metabolic Syndrome,species composition shifts; donor microbiota colonization; strain coexistence patterns; microbial diversity changes,FMT1; FMT2; FMT3; FMT4; FMT5; SELF1; SELF2; SELF3; SELF4; SELF5,Homo sapiens,Amsterdam,ERR1297506,27126044,SAMEA3882553,Illumina HiSeq 2000,FMT_metabolic_syndrome_2016,Metabolic Syndrome,Fecal Microbiota Transplantation,"10 subjects: 5 allogenic FMT recipients, 5 autologous FMT (placebo); Three lean donors, unrelated to recipients; 55 fecal samples total sequenced; Samples collected pre-FMT and 4 times post-FMT; Metabolic syndrome patients; No antibiotics for ≥3 months before treatment; 164 fecal metagenomes analyzed across three study groups; 1105 detected prokaryotic species; 11.8 million variant positions identified; 109 metagenomes from 48 healthy FMT-naïve individuals as control; 42 species tracked at strain level across 5 phyla; Determinant positions ranged 66 to 161,800 per species (median 15,550)"
27126044,No,3,Month,single-nucleotide variants (SNVs); donor-specific SNVs; recipient-specific SNVs; species composition; microbial diversity,percentage (%); mean percentage across species,69.3±21.8% at 2 days post-FMT; 37.6±16.6% at 3 months post-FMT; 50.7±10.1% coexistence in shared species; 39±23% species resistance; 44±14% species coexistence,Netherlands,colon,2009/2010,Metabolic Syndrome,species composition shifts; donor microbiota colonization; strain coexistence patterns; microbial diversity changes,FMT1; FMT2; FMT3; FMT4; FMT5; SELF1; SELF2; SELF3; SELF4; SELF5,Homo sapiens,Amsterdam,ERR1297507,27126044,SAMEA3882536,Illumina HiSeq 2000,FMT_metabolic_syndrome_2016,Metabolic Syndrome,Fecal Microbiota Transplantation,"10 subjects: 5 allogenic FMT recipients, 5 autologous FMT (placebo); Three lean donors, unrelated to recipients; 55 fecal samples total sequenced; Samples collected pre-FMT and 4 times post-FMT; Metabolic syndrome patients; No antibiotics for ≥3 months before treatment; 164 fecal metagenomes analyzed across three study groups; 1105 detected prokaryotic species; 11.8 million variant positions identified; 109 metagenomes from 48 healthy FMT-naïve individuals as control; 42 species tracked at strain level across 5 phyla; Determinant positions ranged 66 to 161,800 per species (median 15,550)"
27126044,No,3,Month,single-nucleotide variants (SNVs); donor-specific SNVs; recipient-specific SNVs; species composition; microbial diversity,percentage (%); mean percentage across species,69.3±21.8% at 2 days post-FMT; 37.6±16.6% at 3 months post-FMT; 50.7±10.1% coexistence in shared species; 39±23% species resistance; 44±14% species coexistence,Netherlands,colon,2009/2010,Metabolic Syndrome,species composition shifts; donor microbiota colonization; strain coexistence patterns; microbial diversity changes,FMT1; FMT2; FMT3; FMT4; FMT5; SELF1; SELF2; SELF3; SELF4; SELF5,Homo sapiens,Amsterdam,ERR1297603,27126044,SAMEA3882507,Illumina HiSeq 2000,FMT_metabolic_syndrome_2016,Metabolic Syndrome,Fecal Microbiota Transplantation,"10 subjects: 5 allogenic FMT recipients, 5 autologous FMT (placebo); Three lean donors, unrelated to recipients; 55 fecal samples total sequenced; Samples collected pre-FMT and 4 times post-FMT; Metabolic syndrome patients; No antibiotics for ≥3 months before treatment; 164 fecal metagenomes analyzed across three study groups; 1105 detected prokaryotic species; 11.8 million variant positions identified; 109 metagenomes from 48 healthy FMT-naïve individuals as control; 42 species tracked at strain level across 5 phyla; Determinant positions ranged 66 to 161,800 per species (median 15,550)"
27126044,No,3,Month,single-nucleotide variants (SNVs); donor-specific SNVs; recipient-specific SNVs; species composition; microbial diversity,percentage (%); mean percentage across species,69.3±21.8% at 2 days post-FMT; 37.6±16.6% at 3 months post-FMT; 50.7±10.1% coexistence in shared species; 39±23% species resistance; 44±14% species coexistence,Netherlands,colon,2009/2010,Metabolic Syndrome,species composition shifts; donor microbiota colonization; strain coexistence patterns; microbial diversity changes,FMT1; FMT2; FMT3; FMT4; FMT5; SELF1; SELF2; SELF3; SELF4; SELF5,Homo sapiens,Amsterdam,ERR1297513,27126044,SAMEA3882539,Illumina HiSeq 2000,FMT_metabolic_syndrome_2016,Metabolic Syndrome,Fecal Microbiota Transplantation,"10 subjects: 5 allogenic FMT recipients, 5 autologous FMT (placebo); Three lean donors, unrelated to recipients; 55 fecal samples total sequenced; Samples collected pre-FMT and 4 times post-FMT; Metabolic syndrome patients; No antibiotics for ≥3 months before treatment; 164 fecal metagenomes analyzed across three study groups; 1105 detected prokaryotic species; 11.8 million variant positions identified; 109 metagenomes from 48 healthy FMT-naïve individuals as control; 42 species tracked at strain level across 5 phyla; Determinant positions ranged 66 to 161,800 per species (median 15,550)"
27126044,No,3,Month,single-nucleotide variants (SNVs); donor-specific SNVs; recipient-specific SNVs; species composition; microbial diversity,percentage (%); mean percentage across species,69.3±21.8% at 2 days post-FMT; 37.6±16.6% at 3 months post-FMT; 50.7±10.1% coexistence in shared species; 39±23% species resistance; 44±14% species coexistence,Netherlands,colon,2009/2010,Metabolic Syndrome,species composition shifts; donor microbiota colonization; strain coexistence patterns; microbial diversity changes,FMT1; FMT2; FMT3; FMT4; FMT5; SELF1; SELF2; SELF3; SELF4; SELF5,Homo sapiens,Amsterdam,ERR1297605,27126044,SAMEA3882529,Illumina HiSeq 2000,FMT_metabolic_syndrome_2016,Metabolic Syndrome,Fecal Microbiota Transplantation,"10 subjects: 5 allogenic FMT recipients, 5 autologous FMT (placebo); Three lean donors, unrelated to recipients; 55 fecal samples total sequenced; Samples collected pre-FMT and 4 times post-FMT; Metabolic syndrome patients; No antibiotics for ≥3 months before treatment; 164 fecal metagenomes analyzed across three study groups; 1105 detected prokaryotic species; 11.8 million variant positions identified; 109 metagenomes from 48 healthy FMT-naïve individuals as control; 42 species tracked at strain level across 5 phyla; Determinant positions ranged 66 to 161,800 per species (median 15,550)"
27126044,No,3,Month,single-nucleotide variants (SNVs); donor-specific SNVs; recipient-specific SNVs; species composition; microbial diversity,percentage (%); mean percentage across species,69.3±21.8% at 2 days post-FMT; 37.6±16.6% at 3 months post-FMT; 50.7±10.1% coexistence in shared species; 39±23% species resistance; 44±14% species coexistence,Netherlands,colon,2009/2010,Metabolic Syndrome,species composition shifts; donor microbiota colonization; strain coexistence patterns; microbial diversity changes,FMT1; FMT2; FMT3; FMT4; FMT5; SELF1; SELF2; SELF3; SELF4; SELF5,Homo sapiens,Amsterdam,ERR1297517,27126044,SAMEA3882508,Illumina HiSeq 2000,FMT_metabolic_syndrome_2016,Metabolic Syndrome,Fecal Microbiota Transplantation,"10 subjects: 5 allogenic FMT recipients, 5 autologous FMT (placebo); Three lean donors, unrelated to recipients; 55 fecal samples total sequenced; Samples collected pre-FMT and 4 times post-FMT; Metabolic syndrome patients; No antibiotics for ≥3 months before treatment; 164 fecal metagenomes analyzed across three study groups; 1105 detected prokaryotic species; 11.8 million variant positions identified; 109 metagenomes from 48 healthy FMT-naïve individuals as control; 42 species tracked at strain level across 5 phyla; Determinant positions ranged 66 to 161,800 per species (median 15,550)"
27126044,No,3,Month,single-nucleotide variants (SNVs); donor-specific SNVs; recipient-specific SNVs; species composition; microbial diversity,percentage (%); mean percentage across species,69.3±21.8% at 2 days post-FMT; 37.6±16.6% at 3 months post-FMT; 50.7±10.1% coexistence in shared species; 39±23% species resistance; 44±14% species coexistence,Netherlands,colon,2009/2010,Metabolic Syndrome,species composition shifts; donor microbiota colonization; strain coexistence patterns; microbial diversity changes,FMT1; FMT2; FMT3; FMT4; FMT5; SELF1; SELF2; SELF3; SELF4; SELF5,Homo sapiens,Amsterdam,ERR1297519,27126044,SAMEA3882507,Illumina HiSeq 2000,FMT_metabolic_syndrome_2016,Metabolic Syndrome,Fecal Microbiota Transplantation,"10 subjects: 5 allogenic FMT recipients, 5 autologous FMT (placebo); Three lean donors, unrelated to recipients; 55 fecal samples total sequenced; Samples collected pre-FMT and 4 times post-FMT; Metabolic syndrome patients; No antibiotics for ≥3 months before treatment; 164 fecal metagenomes analyzed across three study groups; 1105 detected prokaryotic species; 11.8 million variant positions identified; 109 metagenomes from 48 healthy FMT-naïve individuals as control; 42 species tracked at strain level across 5 phyla; Determinant positions ranged 66 to 161,800 per species (median 15,550)"
27126044,No,3,Month,single-nucleotide variants (SNVs); donor-specific SNVs; recipient-specific SNVs; species composition; microbial diversity,percentage (%); mean percentage across species,69.3±21.8% at 2 days post-FMT; 37.6±16.6% at 3 months post-FMT; 50.7±10.1% coexistence in shared species; 39±23% species resistance; 44±14% species coexistence,Netherlands,colon,2009/2010,Metabolic Syndrome,species composition shifts; donor microbiota colonization; strain coexistence patterns; microbial diversity changes,FMT1; FMT2; FMT3; FMT4; FMT5; SELF1; SELF2; SELF3; SELF4; SELF5,Homo sapiens,Amsterdam,ERR1297607,27126044,SAMEA3882510,Illumina HiSeq 2000,FMT_metabolic_syndrome_2016,Metabolic Syndrome,Fecal Microbiota Transplantation,"10 subjects: 5 allogenic FMT recipients, 5 autologous FMT (placebo); Three lean donors, unrelated to recipients; 55 fecal samples total sequenced; Samples collected pre-FMT and 4 times post-FMT; Metabolic syndrome patients; No antibiotics for ≥3 months before treatment; 164 fecal metagenomes analyzed across three study groups; 1105 detected prokaryotic species; 11.8 million variant positions identified; 109 metagenomes from 48 healthy FMT-naïve individuals as control; 42 species tracked at strain level across 5 phyla; Determinant positions ranged 66 to 161,800 per species (median 15,550)"
27126044,No,3,Month,single-nucleotide variants (SNVs); donor-specific SNVs; recipient-specific SNVs; species composition; microbial diversity,percentage (%); mean percentage across species,69.3±21.8% at 2 days post-FMT; 37.6±16.6% at 3 months post-FMT; 50.7±10.1% coexistence in shared species; 39±23% species resistance; 44±14% species coexistence,Netherlands,colon,2009/2010,Metabolic Syndrome,species composition shifts; donor microbiota colonization; strain coexistence patterns; microbial diversity changes,FMT1; FMT2; FMT3; FMT4; FMT5; SELF1; SELF2; SELF3; SELF4; SELF5,Homo sapiens,Amsterdam,ERR1297520,27126044,SAMEA3882556,Illumina HiSeq 2000,FMT_metabolic_syndrome_2016,Metabolic Syndrome,Fecal Microbiota Transplantation,"10 subjects: 5 allogenic FMT recipients, 5 autologous FMT (placebo); Three lean donors, unrelated to recipients; 55 fecal samples total sequenced; Samples collected pre-FMT and 4 times post-FMT; Metabolic syndrome patients; No antibiotics for ≥3 months before treatment; 164 fecal metagenomes analyzed across three study groups; 1105 detected prokaryotic species; 11.8 million variant positions identified; 109 metagenomes from 48 healthy FMT-naïve individuals as control; 42 species tracked at strain level across 5 phyla; Determinant positions ranged 66 to 161,800 per species (median 15,550)"
27126044,No,3,Month,single-nucleotide variants (SNVs); donor-specific SNVs; recipient-specific SNVs; species composition; microbial diversity,percentage (%); mean percentage across species,69.3±21.8% at 2 days post-FMT; 37.6±16.6% at 3 months post-FMT; 50.7±10.1% coexistence in shared species; 39±23% species resistance; 44±14% species coexistence,Netherlands,colon,2009/2010,Metabolic Syndrome,species composition shifts; donor microbiota colonization; strain coexistence patterns; microbial diversity changes,FMT1; FMT2; FMT3; FMT4; FMT5; SELF1; SELF2; SELF3; SELF4; SELF5,Homo sapiens,Amsterdam,ERR1297528,27126044,SAMEA3882545,Illumina HiSeq 2000,FMT_metabolic_syndrome_2016,Metabolic Syndrome,Fecal Microbiota Transplantation,"10 subjects: 5 allogenic FMT recipients, 5 autologous FMT (placebo); Three lean donors, unrelated to recipients; 55 fecal samples total sequenced; Samples collected pre-FMT and 4 times post-FMT; Metabolic syndrome patients; No antibiotics for ≥3 months before treatment; 164 fecal metagenomes analyzed across three study groups; 1105 detected prokaryotic species; 11.8 million variant positions identified; 109 metagenomes from 48 healthy FMT-naïve individuals as control; 42 species tracked at strain level across 5 phyla; Determinant positions ranged 66 to 161,800 per species (median 15,550)"
27126044,No,3,Month,single-nucleotide variants (SNVs); donor-specific SNVs; recipient-specific SNVs; species composition; microbial diversity,percentage (%); mean percentage across species,69.3±21.8% at 2 days post-FMT; 37.6±16.6% at 3 months post-FMT; 50.7±10.1% coexistence in shared species; 39±23% species resistance; 44±14% species coexistence,Netherlands,colon,2009/2010,Metabolic Syndrome,species composition shifts; donor microbiota colonization; strain coexistence patterns; microbial diversity changes,FMT1; FMT2; FMT3; FMT4; FMT5; SELF1; SELF2; SELF3; SELF4; SELF5,Homo sapiens,Amsterdam,ERR1297531,27126044,SAMEA3882537,Illumina HiSeq 2000,FMT_metabolic_syndrome_2016,Metabolic Syndrome,Fecal Microbiota Transplantation,"10 subjects: 5 allogenic FMT recipients, 5 autologous FMT (placebo); Three lean donors, unrelated to recipients; 55 fecal samples total sequenced; Samples collected pre-FMT and 4 times post-FMT; Metabolic syndrome patients; No antibiotics for ≥3 months before treatment; 164 fecal metagenomes analyzed across three study groups; 1105 detected prokaryotic species; 11.8 million variant positions identified; 109 metagenomes from 48 healthy FMT-naïve individuals as control; 42 species tracked at strain level across 5 phyla; Determinant positions ranged 66 to 161,800 per species (median 15,550)"
27126044,No,3,Month,single-nucleotide variants (SNVs); donor-specific SNVs; recipient-specific SNVs; species composition; microbial diversity,percentage (%); mean percentage across species,69.3±21.8% at 2 days post-FMT; 37.6±16.6% at 3 months post-FMT; 50.7±10.1% coexistence in shared species; 39±23% species resistance; 44±14% species coexistence,Netherlands,colon,2009/2010,Metabolic Syndrome,species composition shifts; donor microbiota colonization; strain coexistence patterns; microbial diversity changes,FMT1; FMT2; FMT3; FMT4; FMT5; SELF1; SELF2; SELF3; SELF4; SELF5,Homo sapiens,Amsterdam,ERR1297431,27126044,SAMEA3882530,Illumina HiSeq 2000,FMT_metabolic_syndrome_2016,Metabolic Syndrome,Fecal Microbiota Transplantation,"10 subjects: 5 allogenic FMT recipients, 5 autologous FMT (placebo); Three lean donors, unrelated to recipients; 55 fecal samples total sequenced; Samples collected pre-FMT and 4 times post-FMT; Metabolic syndrome patients; No antibiotics for ≥3 months before treatment; 164 fecal metagenomes analyzed across three study groups; 1105 detected prokaryotic species; 11.8 million variant positions identified; 109 metagenomes from 48 healthy FMT-naïve individuals as control; 42 species tracked at strain level across 5 phyla; Determinant positions ranged 66 to 161,800 per species (median 15,550)"
27126044,No,3,Month,single-nucleotide variants (SNVs); donor-specific SNVs; recipient-specific SNVs; species composition; microbial diversity,percentage (%); mean percentage across species,69.3±21.8% at 2 days post-FMT; 37.6±16.6% at 3 months post-FMT; 50.7±10.1% coexistence in shared species; 39±23% species resistance; 44±14% species coexistence,Netherlands,colon,2009/2010,Metabolic Syndrome,species composition shifts; donor microbiota colonization; strain coexistence patterns; microbial diversity changes,FMT1; FMT2; FMT3; FMT4; FMT5; SELF1; SELF2; SELF3; SELF4; SELF5,Homo sapiens,Amsterdam,ERR1297535,27126044,SAMEA3882504,Illumina HiSeq 2000,FMT_metabolic_syndrome_2016,Metabolic Syndrome,Fecal Microbiota Transplantation,"10 subjects: 5 allogenic FMT recipients, 5 autologous FMT (placebo); Three lean donors, unrelated to recipients; 55 fecal samples total sequenced; Samples collected pre-FMT and 4 times post-FMT; Metabolic syndrome patients; No antibiotics for ≥3 months before treatment; 164 fecal metagenomes analyzed across three study groups; 1105 detected prokaryotic species; 11.8 million variant positions identified; 109 metagenomes from 48 healthy FMT-naïve individuals as control; 42 species tracked at strain level across 5 phyla; Determinant positions ranged 66 to 161,800 per species (median 15,550)"
27126044,No,3,Month,single-nucleotide variants (SNVs); donor-specific SNVs; recipient-specific SNVs; species composition; microbial diversity,percentage (%); mean percentage across species,69.3±21.8% at 2 days post-FMT; 37.6±16.6% at 3 months post-FMT; 50.7±10.1% coexistence in shared species; 39±23% species resistance; 44±14% species coexistence,Netherlands,colon,2009/2010,Metabolic Syndrome,species composition shifts; donor microbiota colonization; strain coexistence patterns; microbial diversity changes,FMT1; FMT2; FMT3; FMT4; FMT5; SELF1; SELF2; SELF3; SELF4; SELF5,Homo sapiens,Amsterdam,ERR1297432,27126044,SAMEA3882517,Illumina HiSeq 2000,FMT_metabolic_syndrome_2016,Metabolic Syndrome,Fecal Microbiota Transplantation,"10 subjects: 5 allogenic FMT recipients, 5 autologous FMT (placebo); Three lean donors, unrelated to recipients; 55 fecal samples total sequenced; Samples collected pre-FMT and 4 times post-FMT; Metabolic syndrome patients; No antibiotics for ≥3 months before treatment; 164 fecal metagenomes analyzed across three study groups; 1105 detected prokaryotic species; 11.8 million variant positions identified; 109 metagenomes from 48 healthy FMT-naïve individuals as control; 42 species tracked at strain level across 5 phyla; Determinant positions ranged 66 to 161,800 per species (median 15,550)"
27126044,No,3,Month,single-nucleotide variants (SNVs); donor-specific SNVs; recipient-specific SNVs; species composition; microbial diversity,percentage (%); mean percentage across species,69.3±21.8% at 2 days post-FMT; 37.6±16.6% at 3 months post-FMT; 50.7±10.1% coexistence in shared species; 39±23% species resistance; 44±14% species coexistence,Netherlands,colon,2009/2010,Metabolic Syndrome,species composition shifts; donor microbiota colonization; strain coexistence patterns; microbial diversity changes,FMT1; FMT2; FMT3; FMT4; FMT5; SELF1; SELF2; SELF3; SELF4; SELF5,Homo sapiens,Amsterdam,ERR1297537,27126044,SAMEA3882530,Illumina HiSeq 2000,FMT_metabolic_syndrome_2016,Metabolic Syndrome,Fecal Microbiota Transplantation,"10 subjects: 5 allogenic FMT recipients, 5 autologous FMT (placebo); Three lean donors, unrelated to recipients; 55 fecal samples total sequenced; Samples collected pre-FMT and 4 times post-FMT; Metabolic syndrome patients; No antibiotics for ≥3 months before treatment; 164 fecal metagenomes analyzed across three study groups; 1105 detected prokaryotic species; 11.8 million variant positions identified; 109 metagenomes from 48 healthy FMT-naïve individuals as control; 42 species tracked at strain level across 5 phyla; Determinant positions ranged 66 to 161,800 per species (median 15,550)"
27126044,No,3,Month,single-nucleotide variants (SNVs); donor-specific SNVs; recipient-specific SNVs; species composition; microbial diversity,percentage (%); mean percentage across species,69.3±21.8% at 2 days post-FMT; 37.6±16.6% at 3 months post-FMT; 50.7±10.1% coexistence in shared species; 39±23% species resistance; 44±14% species coexistence,Netherlands,colon,2009/2010,Metabolic Syndrome,species composition shifts; donor microbiota colonization; strain coexistence patterns; microbial diversity changes,FMT1; FMT2; FMT3; FMT4; FMT5; SELF1; SELF2; SELF3; SELF4; SELF5,Homo sapiens,Amsterdam,ERR1297433,27126044,SAMEA3882550,Illumina HiSeq 2000,FMT_metabolic_syndrome_2016,Metabolic Syndrome,Fecal Microbiota Transplantation,"10 subjects: 5 allogenic FMT recipients, 5 autologous FMT (placebo); Three lean donors, unrelated to recipients; 55 fecal samples total sequenced; Samples collected pre-FMT and 4 times post-FMT; Metabolic syndrome patients; No antibiotics for ≥3 months before treatment; 164 fecal metagenomes analyzed across three study groups; 1105 detected prokaryotic species; 11.8 million variant positions identified; 109 metagenomes from 48 healthy FMT-naïve individuals as control; 42 species tracked at strain level across 5 phyla; Determinant positions ranged 66 to 161,800 per species (median 15,550)"
27126044,No,3,Month,single-nucleotide variants (SNVs); donor-specific SNVs; recipient-specific SNVs; species composition; microbial diversity,percentage (%); mean percentage across species,69.3±21.8% at 2 days post-FMT; 37.6±16.6% at 3 months post-FMT; 50.7±10.1% coexistence in shared species; 39±23% species resistance; 44±14% species coexistence,Netherlands,colon,2009/2010,Metabolic Syndrome,species composition shifts; donor microbiota colonization; strain coexistence patterns; microbial diversity changes,FMT1; FMT2; FMT3; FMT4; FMT5; SELF1; SELF2; SELF3; SELF4; SELF5,Homo sapiens,Amsterdam,ERR1297538,27126044,SAMEA3882515,Illumina HiSeq 2000,FMT_metabolic_syndrome_2016,Metabolic Syndrome,Fecal Microbiota Transplantation,"10 subjects: 5 allogenic FMT recipients, 5 autologous FMT (placebo); Three lean donors, unrelated to recipients; 55 fecal samples total sequenced; Samples collected pre-FMT and 4 times post-FMT; Metabolic syndrome patients; No antibiotics for ≥3 months before treatment; 164 fecal metagenomes analyzed across three study groups; 1105 detected prokaryotic species; 11.8 million variant positions identified; 109 metagenomes from 48 healthy FMT-naïve individuals as control; 42 species tracked at strain level across 5 phyla; Determinant positions ranged 66 to 161,800 per species (median 15,550)"
27126044,No,3,Month,single-nucleotide variants (SNVs); donor-specific SNVs; recipient-specific SNVs; species composition; microbial diversity,percentage (%); mean percentage across species,69.3±21.8% at 2 days post-FMT; 37.6±16.6% at 3 months post-FMT; 50.7±10.1% coexistence in shared species; 39±23% species resistance; 44±14% species coexistence,Netherlands,colon,2009/2010,Metabolic Syndrome,species composition shifts; donor microbiota colonization; strain coexistence patterns; microbial diversity changes,FMT1; FMT2; FMT3; FMT4; FMT5; SELF1; SELF2; SELF3; SELF4; SELF5,Homo sapiens,Amsterdam,ERR1297441,27126044,SAMEA3882533,Illumina HiSeq 2000,FMT_metabolic_syndrome_2016,Metabolic Syndrome,Fecal Microbiota Transplantation,"10 subjects: 5 allogenic FMT recipients, 5 autologous FMT (placebo); Three lean donors, unrelated to recipients; 55 fecal samples total sequenced; Samples collected pre-FMT and 4 times post-FMT; Metabolic syndrome patients; No antibiotics for ≥3 months before treatment; 164 fecal metagenomes analyzed across three study groups; 1105 detected prokaryotic species; 11.8 million variant positions identified; 109 metagenomes from 48 healthy FMT-naïve individuals as control; 42 species tracked at strain level across 5 phyla; Determinant positions ranged 66 to 161,800 per species (median 15,550)"
27126044,No,3,Month,single-nucleotide variants (SNVs); donor-specific SNVs; recipient-specific SNVs; species composition; microbial diversity,percentage (%); mean percentage across species,69.3±21.8% at 2 days post-FMT; 37.6±16.6% at 3 months post-FMT; 50.7±10.1% coexistence in shared species; 39±23% species resistance; 44±14% species coexistence,Netherlands,colon,2009/2010,Metabolic Syndrome,species composition shifts; donor microbiota colonization; strain coexistence patterns; microbial diversity changes,FMT1; FMT2; FMT3; FMT4; FMT5; SELF1; SELF2; SELF3; SELF4; SELF5,Homo sapiens,Amsterdam,ERR1297539,27126044,SAMEA3882552,Illumina HiSeq 2000,FMT_metabolic_syndrome_2016,Metabolic Syndrome,Fecal Microbiota Transplantation,"10 subjects: 5 allogenic FMT recipients, 5 autologous FMT (placebo); Three lean donors, unrelated to recipients; 55 fecal samples total sequenced; Samples collected pre-FMT and 4 times post-FMT; Metabolic syndrome patients; No antibiotics for ≥3 months before treatment; 164 fecal metagenomes analyzed across three study groups; 1105 detected prokaryotic species; 11.8 million variant positions identified; 109 metagenomes from 48 healthy FMT-naïve individuals as control; 42 species tracked at strain level across 5 phyla; Determinant positions ranged 66 to 161,800 per species (median 15,550)"
27126044,No,3,Month,single-nucleotide variants (SNVs); donor-specific SNVs; recipient-specific SNVs; species composition; microbial diversity,percentage (%); mean percentage across species,69.3±21.8% at 2 days post-FMT; 37.6±16.6% at 3 months post-FMT; 50.7±10.1% coexistence in shared species; 39±23% species resistance; 44±14% species coexistence,Netherlands,colon,2009/2010,Metabolic Syndrome,species composition shifts; donor microbiota colonization; strain coexistence patterns; microbial diversity changes,FMT1; FMT2; FMT3; FMT4; FMT5; SELF1; SELF2; SELF3; SELF4; SELF5,Homo sapiens,Amsterdam,ERR1297608,27126044,SAMEA3882522,Illumina HiSeq 2000,FMT_metabolic_syndrome_2016,Metabolic Syndrome,Fecal Microbiota Transplantation,"10 subjects: 5 allogenic FMT recipients, 5 autologous FMT (placebo); Three lean donors, unrelated to recipients; 55 fecal samples total sequenced; Samples collected pre-FMT and 4 times post-FMT; Metabolic syndrome patients; No antibiotics for ≥3 months before treatment; 164 fecal metagenomes analyzed across three study groups; 1105 detected prokaryotic species; 11.8 million variant positions identified; 109 metagenomes from 48 healthy FMT-naïve individuals as control; 42 species tracked at strain level across 5 phyla; Determinant positions ranged 66 to 161,800 per species (median 15,550)"
27126044,No,3,Month,single-nucleotide variants (SNVs); donor-specific SNVs; recipient-specific SNVs; species composition; microbial diversity,percentage (%); mean percentage across species,69.3±21.8% at 2 days post-FMT; 37.6±16.6% at 3 months post-FMT; 50.7±10.1% coexistence in shared species; 39±23% species resistance; 44±14% species coexistence,Netherlands,colon,2009/2010,Metabolic Syndrome,species composition shifts; donor microbiota colonization; strain coexistence patterns; microbial diversity changes,FMT1; FMT2; FMT3; FMT4; FMT5; SELF1; SELF2; SELF3; SELF4; SELF5,Homo sapiens,Amsterdam,ERR1297545,27126044,SAMEA3882533,Illumina HiSeq 2000,FMT_metabolic_syndrome_2016,Metabolic Syndrome,Fecal Microbiota Transplantation,"10 subjects: 5 allogenic FMT recipients, 5 autologous FMT (placebo); Three lean donors, unrelated to recipients; 55 fecal samples total sequenced; Samples collected pre-FMT and 4 times post-FMT; Metabolic syndrome patients; No antibiotics for ≥3 months before treatment; 164 fecal metagenomes analyzed across three study groups; 1105 detected prokaryotic species; 11.8 million variant positions identified; 109 metagenomes from 48 healthy FMT-naïve individuals as control; 42 species tracked at strain level across 5 phyla; Determinant positions ranged 66 to 161,800 per species (median 15,550)"
27126044,No,3,Month,single-nucleotide variants (SNVs); donor-specific SNVs; recipient-specific SNVs; species composition; microbial diversity,percentage (%); mean percentage across species,69.3±21.8% at 2 days post-FMT; 37.6±16.6% at 3 months post-FMT; 50.7±10.1% coexistence in shared species; 39±23% species resistance; 44±14% species coexistence,Netherlands,colon,2009/2010,Metabolic Syndrome,species composition shifts; donor microbiota colonization; strain coexistence patterns; microbial diversity changes,FMT1; FMT2; FMT3; FMT4; FMT5; SELF1; SELF2; SELF3; SELF4; SELF5,Homo sapiens,Amsterdam,ERR1297447,27126044,SAMEA3882515,Illumina HiSeq 2000,FMT_metabolic_syndrome_2016,Metabolic Syndrome,Fecal Microbiota Transplantation,"10 subjects: 5 allogenic FMT recipients, 5 autologous FMT (placebo); Three lean donors, unrelated to recipients; 55 fecal samples total sequenced; Samples collected pre-FMT and 4 times post-FMT; Metabolic syndrome patients; No antibiotics for ≥3 months before treatment; 164 fecal metagenomes analyzed across three study groups; 1105 detected prokaryotic species; 11.8 million variant positions identified; 109 metagenomes from 48 healthy FMT-naïve individuals as control; 42 species tracked at strain level across 5 phyla; Determinant positions ranged 66 to 161,800 per species (median 15,550)"
27126044,No,3,Month,single-nucleotide variants (SNVs); donor-specific SNVs; recipient-specific SNVs; species composition; microbial diversity,percentage (%); mean percentage across species,69.3±21.8% at 2 days post-FMT; 37.6±16.6% at 3 months post-FMT; 50.7±10.1% coexistence in shared species; 39±23% species resistance; 44±14% species coexistence,Netherlands,colon,2009/2010,Metabolic Syndrome,species composition shifts; donor microbiota colonization; strain coexistence patterns; microbial diversity changes,FMT1; FMT2; FMT3; FMT4; FMT5; SELF1; SELF2; SELF3; SELF4; SELF5,Homo sapiens,Amsterdam,ERR1297546,27126044,SAMEA3882512,Illumina HiSeq 2000,FMT_metabolic_syndrome_2016,Metabolic Syndrome,Fecal Microbiota Transplantation,"10 subjects: 5 allogenic FMT recipients, 5 autologous FMT (placebo); Three lean donors, unrelated to recipients; 55 fecal samples total sequenced; Samples collected pre-FMT and 4 times post-FMT; Metabolic syndrome patients; No antibiotics for ≥3 months before treatment; 164 fecal metagenomes analyzed across three study groups; 1105 detected prokaryotic species; 11.8 million variant positions identified; 109 metagenomes from 48 healthy FMT-naïve individuals as control; 42 species tracked at strain level across 5 phyla; Determinant positions ranged 66 to 161,800 per species (median 15,550)"
27126044,No,3,Month,single-nucleotide variants (SNVs); donor-specific SNVs; recipient-specific SNVs; species composition; microbial diversity,percentage (%); mean percentage across species,69.3±21.8% at 2 days post-FMT; 37.6±16.6% at 3 months post-FMT; 50.7±10.1% coexistence in shared species; 39±23% species resistance; 44±14% species coexistence,Netherlands,colon,2009/2010,Metabolic Syndrome,species composition shifts; donor microbiota colonization; strain coexistence patterns; microbial diversity changes,FMT1; FMT2; FMT3; FMT4; FMT5; SELF1; SELF2; SELF3; SELF4; SELF5,Homo sapiens,Amsterdam,ERR1297449,27126044,SAMEA3882512,Illumina HiSeq 2000,FMT_metabolic_syndrome_2016,Metabolic Syndrome,Fecal Microbiota Transplantation,"10 subjects: 5 allogenic FMT recipients, 5 autologous FMT (placebo); Three lean donors, unrelated to recipients; 55 fecal samples total sequenced; Samples collected pre-FMT and 4 times post-FMT; Metabolic syndrome patients; No antibiotics for ≥3 months before treatment; 164 fecal metagenomes analyzed across three study groups; 1105 detected prokaryotic species; 11.8 million variant positions identified; 109 metagenomes from 48 healthy FMT-naïve individuals as control; 42 species tracked at strain level across 5 phyla; Determinant positions ranged 66 to 161,800 per species (median 15,550)"
27126044,No,3,Month,single-nucleotide variants (SNVs); donor-specific SNVs; recipient-specific SNVs; species composition; microbial diversity,percentage (%); mean percentage across species,69.3±21.8% at 2 days post-FMT; 37.6±16.6% at 3 months post-FMT; 50.7±10.1% coexistence in shared species; 39±23% species resistance; 44±14% species coexistence,Netherlands,colon,2009/2010,Metabolic Syndrome,species composition shifts; donor microbiota colonization; strain coexistence patterns; microbial diversity changes,FMT1; FMT2; FMT3; FMT4; FMT5; SELF1; SELF2; SELF3; SELF4; SELF5,Homo sapiens,Amsterdam,ERR1297556,27126044,SAMEA3882545,Illumina HiSeq 2000,FMT_metabolic_syndrome_2016,Metabolic Syndrome,Fecal Microbiota Transplantation,"10 subjects: 5 allogenic FMT recipients, 5 autologous FMT (placebo); Three lean donors, unrelated to recipients; 55 fecal samples total sequenced; Samples collected pre-FMT and 4 times post-FMT; Metabolic syndrome patients; No antibiotics for ≥3 months before treatment; 164 fecal metagenomes analyzed across three study groups; 1105 detected prokaryotic species; 11.8 million variant positions identified; 109 metagenomes from 48 healthy FMT-naïve individuals as control; 42 species tracked at strain level across 5 phyla; Determinant positions ranged 66 to 161,800 per species (median 15,550)"
27126044,No,3,Month,single-nucleotide variants (SNVs); donor-specific SNVs; recipient-specific SNVs; species composition; microbial diversity,percentage (%); mean percentage across species,69.3±21.8% at 2 days post-FMT; 37.6±16.6% at 3 months post-FMT; 50.7±10.1% coexistence in shared species; 39±23% species resistance; 44±14% species coexistence,Netherlands,colon,2009/2010,Metabolic Syndrome,species composition shifts; donor microbiota colonization; strain coexistence patterns; microbial diversity changes,FMT1; FMT2; FMT3; FMT4; FMT5; SELF1; SELF2; SELF3; SELF4; SELF5,Homo sapiens,Amsterdam,ERR1297612,27126044,SAMEA3882508,Illumina HiSeq 2000,FMT_metabolic_syndrome_2016,Metabolic Syndrome,Fecal Microbiota Transplantation,"10 subjects: 5 allogenic FMT recipients, 5 autologous FMT (placebo); Three lean donors, unrelated to recipients; 55 fecal samples total sequenced; Samples collected pre-FMT and 4 times post-FMT; Metabolic syndrome patients; No antibiotics for ≥3 months before treatment; 164 fecal metagenomes analyzed across three study groups; 1105 detected prokaryotic species; 11.8 million variant positions identified; 109 metagenomes from 48 healthy FMT-naïve individuals as control; 42 species tracked at strain level across 5 phyla; Determinant positions ranged 66 to 161,800 per species (median 15,550)"
27126044,No,3,Month,single-nucleotide variants (SNVs); donor-specific SNVs; recipient-specific SNVs; species composition; microbial diversity,percentage (%); mean percentage across species,69.3±21.8% at 2 days post-FMT; 37.6±16.6% at 3 months post-FMT; 50.7±10.1% coexistence in shared species; 39±23% species resistance; 44±14% species coexistence,Netherlands,colon,2009/2010,Metabolic Syndrome,species composition shifts; donor microbiota colonization; strain coexistence patterns; microbial diversity changes,FMT1; FMT2; FMT3; FMT4; FMT5; SELF1; SELF2; SELF3; SELF4; SELF5,Homo sapiens,Amsterdam,ERR1297450,27126044,SAMEA3882547,Illumina HiSeq 2000,FMT_metabolic_syndrome_2016,Metabolic Syndrome,Fecal Microbiota Transplantation,"10 subjects: 5 allogenic FMT recipients, 5 autologous FMT (placebo); Three lean donors, unrelated to recipients; 55 fecal samples total sequenced; Samples collected pre-FMT and 4 times post-FMT; Metabolic syndrome patients; No antibiotics for ≥3 months before treatment; 164 fecal metagenomes analyzed across three study groups; 1105 detected prokaryotic species; 11.8 million variant positions identified; 109 metagenomes from 48 healthy FMT-naïve individuals as control; 42 species tracked at strain level across 5 phyla; Determinant positions ranged 66 to 161,800 per species (median 15,550)"
27126044,No,3,Month,single-nucleotide variants (SNVs); donor-specific SNVs; recipient-specific SNVs; species composition; microbial diversity,percentage (%); mean percentage across species,69.3±21.8% at 2 days post-FMT; 37.6±16.6% at 3 months post-FMT; 50.7±10.1% coexistence in shared species; 39±23% species resistance; 44±14% species coexistence,Netherlands,colon,2009/2010,Metabolic Syndrome,species composition shifts; donor microbiota colonization; strain coexistence patterns; microbial diversity changes,FMT1; FMT2; FMT3; FMT4; FMT5; SELF1; SELF2; SELF3; SELF4; SELF5,Homo sapiens,Amsterdam,ERR1297562,27126044,SAMEA3882509,Illumina HiSeq 2000,FMT_metabolic_syndrome_2016,Metabolic Syndrome,Fecal Microbiota Transplantation,"10 subjects: 5 allogenic FMT recipients, 5 autologous FMT (placebo); Three lean donors, unrelated to recipients; 55 fecal samples total sequenced; Samples collected pre-FMT and 4 times post-FMT; Metabolic syndrome patients; No antibiotics for ≥3 months before treatment; 164 fecal metagenomes analyzed across three study groups; 1105 detected prokaryotic species; 11.8 million variant positions identified; 109 metagenomes from 48 healthy FMT-naïve individuals as control; 42 species tracked at strain level across 5 phyla; Determinant positions ranged 66 to 161,800 per species (median 15,550)"
27126044,No,3,Month,single-nucleotide variants (SNVs); donor-specific SNVs; recipient-specific SNVs; species composition; microbial diversity,percentage (%); mean percentage across species,69.3±21.8% at 2 days post-FMT; 37.6±16.6% at 3 months post-FMT; 50.7±10.1% coexistence in shared species; 39±23% species resistance; 44±14% species coexistence,Netherlands,colon,2009/2010,Metabolic Syndrome,species composition shifts; donor microbiota colonization; strain coexistence patterns; microbial diversity changes,FMT1; FMT2; FMT3; FMT4; FMT5; SELF1; SELF2; SELF3; SELF4; SELF5,Homo sapiens,Amsterdam,ERR1297452,27126044,SAMEA3882544,Illumina HiSeq 2000,FMT_metabolic_syndrome_2016,Metabolic Syndrome,Fecal Microbiota Transplantation,"10 subjects: 5 allogenic FMT recipients, 5 autologous FMT (placebo); Three lean donors, unrelated to recipients; 55 fecal samples total sequenced; Samples collected pre-FMT and 4 times post-FMT; Metabolic syndrome patients; No antibiotics for ≥3 months before treatment; 164 fecal metagenomes analyzed across three study groups; 1105 detected prokaryotic species; 11.8 million variant positions identified; 109 metagenomes from 48 healthy FMT-naïve individuals as control; 42 species tracked at strain level across 5 phyla; Determinant positions ranged 66 to 161,800 per species (median 15,550)"
27126044,No,3,Month,single-nucleotide variants (SNVs); donor-specific SNVs; recipient-specific SNVs; species composition; microbial diversity,percentage (%); mean percentage across species,69.3±21.8% at 2 days post-FMT; 37.6±16.6% at 3 months post-FMT; 50.7±10.1% coexistence in shared species; 39±23% species resistance; 44±14% species coexistence,Netherlands,colon,2009/2010,Metabolic Syndrome,species composition shifts; donor microbiota colonization; strain coexistence patterns; microbial diversity changes,FMT1; FMT2; FMT3; FMT4; FMT5; SELF1; SELF2; SELF3; SELF4; SELF5,Homo sapiens,Amsterdam,ERR1297613,27126044,SAMEA3882528,Illumina HiSeq 2000,FMT_metabolic_syndrome_2016,Metabolic Syndrome,Fecal Microbiota Transplantation,"10 subjects: 5 allogenic FMT recipients, 5 autologous FMT (placebo); Three lean donors, unrelated to recipients; 55 fecal samples total sequenced; Samples collected pre-FMT and 4 times post-FMT; Metabolic syndrome patients; No antibiotics for ≥3 months before treatment; 164 fecal metagenomes analyzed across three study groups; 1105 detected prokaryotic species; 11.8 million variant positions identified; 109 metagenomes from 48 healthy FMT-naïve individuals as control; 42 species tracked at strain level across 5 phyla; Determinant positions ranged 66 to 161,800 per species (median 15,550)"
27126044,No,3,Month,single-nucleotide variants (SNVs); donor-specific SNVs; recipient-specific SNVs; species composition; microbial diversity,percentage (%); mean percentage across species,69.3±21.8% at 2 days post-FMT; 37.6±16.6% at 3 months post-FMT; 50.7±10.1% coexistence in shared species; 39±23% species resistance; 44±14% species coexistence,Netherlands,colon,2009/2010,Metabolic Syndrome,species composition shifts; donor microbiota colonization; strain coexistence patterns; microbial diversity changes,FMT1; FMT2; FMT3; FMT4; FMT5; SELF1; SELF2; SELF3; SELF4; SELF5,Homo sapiens,Amsterdam,ERR1297567,27126044,SAMEA3882531,Illumina HiSeq 2000,FMT_metabolic_syndrome_2016,Metabolic Syndrome,Fecal Microbiota Transplantation,"10 subjects: 5 allogenic FMT recipients, 5 autologous FMT (placebo); Three lean donors, unrelated to recipients; 55 fecal samples total sequenced; Samples collected pre-FMT and 4 times post-FMT; Metabolic syndrome patients; No antibiotics for ≥3 months before treatment; 164 fecal metagenomes analyzed across three study groups; 1105 detected prokaryotic species; 11.8 million variant positions identified; 109 metagenomes from 48 healthy FMT-naïve individuals as control; 42 species tracked at strain level across 5 phyla; Determinant positions ranged 66 to 161,800 per species (median 15,550)"
27126044,No,3,Month,single-nucleotide variants (SNVs); donor-specific SNVs; recipient-specific SNVs; species composition; microbial diversity,percentage (%); mean percentage across species,69.3±21.8% at 2 days post-FMT; 37.6±16.6% at 3 months post-FMT; 50.7±10.1% coexistence in shared species; 39±23% species resistance; 44±14% species coexistence,Netherlands,colon,2009/2010,Metabolic Syndrome,species composition shifts; donor microbiota colonization; strain coexistence patterns; microbial diversity changes,FMT1; FMT2; FMT3; FMT4; FMT5; SELF1; SELF2; SELF3; SELF4; SELF5,Homo sapiens,Amsterdam,ERR1297456,27126044,SAMEA3882516,Illumina HiSeq 2000,FMT_metabolic_syndrome_2016,Metabolic Syndrome,Fecal Microbiota Transplantation,"10 subjects: 5 allogenic FMT recipients, 5 autologous FMT (placebo); Three lean donors, unrelated to recipients; 55 fecal samples total sequenced; Samples collected pre-FMT and 4 times post-FMT; Metabolic syndrome patients; No antibiotics for ≥3 months before treatment; 164 fecal metagenomes analyzed across three study groups; 1105 detected prokaryotic species; 11.8 million variant positions identified; 109 metagenomes from 48 healthy FMT-naïve individuals as control; 42 species tracked at strain level across 5 phyla; Determinant positions ranged 66 to 161,800 per species (median 15,550)"
27126044,No,3,Month,single-nucleotide variants (SNVs); donor-specific SNVs; recipient-specific SNVs; species composition; microbial diversity,percentage (%); mean percentage across species,69.3±21.8% at 2 days post-FMT; 37.6±16.6% at 3 months post-FMT; 50.7±10.1% coexistence in shared species; 39±23% species resistance; 44±14% species coexistence,Netherlands,colon,2009/2010,Metabolic Syndrome,species composition shifts; donor microbiota colonization; strain coexistence patterns; microbial diversity changes,FMT1; FMT2; FMT3; FMT4; FMT5; SELF1; SELF2; SELF3; SELF4; SELF5,Homo sapiens,Amsterdam,ERR1297587,27126044,SAMEA3882523,Illumina HiSeq 2000,FMT_metabolic_syndrome_2016,Metabolic Syndrome,Fecal Microbiota Transplantation,"10 subjects: 5 allogenic FMT recipients, 5 autologous FMT (placebo); Three lean donors, unrelated to recipients; 55 fecal samples total sequenced; Samples collected pre-FMT and 4 times post-FMT; Metabolic syndrome patients; No antibiotics for ≥3 months before treatment; 164 fecal metagenomes analyzed across three study groups; 1105 detected prokaryotic species; 11.8 million variant positions identified; 109 metagenomes from 48 healthy FMT-naïve individuals as control; 42 species tracked at strain level across 5 phyla; Determinant positions ranged 66 to 161,800 per species (median 15,550)"
27126044,No,3,Month,single-nucleotide variants (SNVs); donor-specific SNVs; recipient-specific SNVs; species composition; microbial diversity,percentage (%); mean percentage across species,69.3±21.8% at 2 days post-FMT; 37.6±16.6% at 3 months post-FMT; 50.7±10.1% coexistence in shared species; 39±23% species resistance; 44±14% species coexistence,Netherlands,colon,2009/2010,Metabolic Syndrome,species composition shifts; donor microbiota colonization; strain coexistence patterns; microbial diversity changes,FMT1; FMT2; FMT3; FMT4; FMT5; SELF1; SELF2; SELF3; SELF4; SELF5,Homo sapiens,Amsterdam,ERR1297614,27126044,SAMEA3882549,Illumina HiSeq 2000,FMT_metabolic_syndrome_2016,Metabolic Syndrome,Fecal Microbiota Transplantation,"10 subjects: 5 allogenic FMT recipients, 5 autologous FMT (placebo); Three lean donors, unrelated to recipients; 55 fecal samples total sequenced; Samples collected pre-FMT and 4 times post-FMT; Metabolic syndrome patients; No antibiotics for ≥3 months before treatment; 164 fecal metagenomes analyzed across three study groups; 1105 detected prokaryotic species; 11.8 million variant positions identified; 109 metagenomes from 48 healthy FMT-naïve individuals as control; 42 species tracked at strain level across 5 phyla; Determinant positions ranged 66 to 161,800 per species (median 15,550)"
27126044,No,3,Month,single-nucleotide variants (SNVs); donor-specific SNVs; recipient-specific SNVs; species composition; microbial diversity,percentage (%); mean percentage across species,69.3±21.8% at 2 days post-FMT; 37.6±16.6% at 3 months post-FMT; 50.7±10.1% coexistence in shared species; 39±23% species resistance; 44±14% species coexistence,Netherlands,colon,2009/2010,Metabolic Syndrome,species composition shifts; donor microbiota colonization; strain coexistence patterns; microbial diversity changes,FMT1; FMT2; FMT3; FMT4; FMT5; SELF1; SELF2; SELF3; SELF4; SELF5,Homo sapiens,Amsterdam,ERR1297461,27126044,SAMEA3882548,Illumina HiSeq 2000,FMT_metabolic_syndrome_2016,Metabolic Syndrome,Fecal Microbiota Transplantation,"10 subjects: 5 allogenic FMT recipients, 5 autologous FMT (placebo); Three lean donors, unrelated to recipients; 55 fecal samples total sequenced; Samples collected pre-FMT and 4 times post-FMT; Metabolic syndrome patients; No antibiotics for ≥3 months before treatment; 164 fecal metagenomes analyzed across three study groups; 1105 detected prokaryotic species; 11.8 million variant positions identified; 109 metagenomes from 48 healthy FMT-naïve individuals as control; 42 species tracked at strain level across 5 phyla; Determinant positions ranged 66 to 161,800 per species (median 15,550)"
27126044,No,3,Month,single-nucleotide variants (SNVs); donor-specific SNVs; recipient-specific SNVs; species composition; microbial diversity,percentage (%); mean percentage across species,69.3±21.8% at 2 days post-FMT; 37.6±16.6% at 3 months post-FMT; 50.7±10.1% coexistence in shared species; 39±23% species resistance; 44±14% species coexistence,Netherlands,colon,2009/2010,Metabolic Syndrome,species composition shifts; donor microbiota colonization; strain coexistence patterns; microbial diversity changes,FMT1; FMT2; FMT3; FMT4; FMT5; SELF1; SELF2; SELF3; SELF4; SELF5,Homo sapiens,Amsterdam,ERR1297463,27126044,SAMEA3882540,Illumina HiSeq 2000,FMT_metabolic_syndrome_2016,Metabolic Syndrome,Fecal Microbiota Transplantation,"10 subjects: 5 allogenic FMT recipients, 5 autologous FMT (placebo); Three lean donors, unrelated to recipients; 55 fecal samples total sequenced; Samples collected pre-FMT and 4 times post-FMT; Metabolic syndrome patients; No antibiotics for ≥3 months before treatment; 164 fecal metagenomes analyzed across three study groups; 1105 detected prokaryotic species; 11.8 million variant positions identified; 109 metagenomes from 48 healthy FMT-naïve individuals as control; 42 species tracked at strain level across 5 phyla; Determinant positions ranged 66 to 161,800 per species (median 15,550)"
27126044,No,3,Month,single-nucleotide variants (SNVs); donor-specific SNVs; recipient-specific SNVs; species composition; microbial diversity,percentage (%); mean percentage across species,69.3±21.8% at 2 days post-FMT; 37.6±16.6% at 3 months post-FMT; 50.7±10.1% coexistence in shared species; 39±23% species resistance; 44±14% species coexistence,Netherlands,colon,2009/2010,Metabolic Syndrome,species composition shifts; donor microbiota colonization; strain coexistence patterns; microbial diversity changes,FMT1; FMT2; FMT3; FMT4; FMT5; SELF1; SELF2; SELF3; SELF4; SELF5,Homo sapiens,Amsterdam,ERR1297588,27126044,SAMEA3882556,Illumina HiSeq 2000,FMT_metabolic_syndrome_2016,Metabolic Syndrome,Fecal Microbiota Transplantation,"10 subjects: 5 allogenic FMT recipients, 5 autologous FMT (placebo); Three lean donors, unrelated to recipients; 55 fecal samples total sequenced; Samples collected pre-FMT and 4 times post-FMT; Metabolic syndrome patients; No antibiotics for ≥3 months before treatment; 164 fecal metagenomes analyzed across three study groups; 1105 detected prokaryotic species; 11.8 million variant positions identified; 109 metagenomes from 48 healthy FMT-naïve individuals as control; 42 species tracked at strain level across 5 phyla; Determinant positions ranged 66 to 161,800 per species (median 15,550)"
27126044,No,3,Month,single-nucleotide variants (SNVs); donor-specific SNVs; recipient-specific SNVs; species composition; microbial diversity,percentage (%); mean percentage across species,69.3±21.8% at 2 days post-FMT; 37.6±16.6% at 3 months post-FMT; 50.7±10.1% coexistence in shared species; 39±23% species resistance; 44±14% species coexistence,Netherlands,colon,2009/2010,Metabolic Syndrome,species composition shifts; donor microbiota colonization; strain coexistence patterns; microbial diversity changes,FMT1; FMT2; FMT3; FMT4; FMT5; SELF1; SELF2; SELF3; SELF4; SELF5,Homo sapiens,Amsterdam,ERR1297617,27126044,SAMEA3882536,Illumina HiSeq 2000,FMT_metabolic_syndrome_2016,Metabolic Syndrome,Fecal Microbiota Transplantation,"10 subjects: 5 allogenic FMT recipients, 5 autologous FMT (placebo); Three lean donors, unrelated to recipients; 55 fecal samples total sequenced; Samples collected pre-FMT and 4 times post-FMT; Metabolic syndrome patients; No antibiotics for ≥3 months before treatment; 164 fecal metagenomes analyzed across three study groups; 1105 detected prokaryotic species; 11.8 million variant positions identified; 109 metagenomes from 48 healthy FMT-naïve individuals as control; 42 species tracked at strain level across 5 phyla; Determinant positions ranged 66 to 161,800 per species (median 15,550)"
27126044,No,3,Month,single-nucleotide variants (SNVs); donor-specific SNVs; recipient-specific SNVs; species composition; microbial diversity,percentage (%); mean percentage across species,69.3±21.8% at 2 days post-FMT; 37.6±16.6% at 3 months post-FMT; 50.7±10.1% coexistence in shared species; 39±23% species resistance; 44±14% species coexistence,Netherlands,colon,2009/2010,Metabolic Syndrome,species composition shifts; donor microbiota colonization; strain coexistence patterns; microbial diversity changes,FMT1; FMT2; FMT3; FMT4; FMT5; SELF1; SELF2; SELF3; SELF4; SELF5,Homo sapiens,Amsterdam,ERR1297464,27126044,SAMEA3882531,Illumina HiSeq 2000,FMT_metabolic_syndrome_2016,Metabolic Syndrome,Fecal Microbiota Transplantation,"10 subjects: 5 allogenic FMT recipients, 5 autologous FMT (placebo); Three lean donors, unrelated to recipients; 55 fecal samples total sequenced; Samples collected pre-FMT and 4 times post-FMT; Metabolic syndrome patients; No antibiotics for ≥3 months before treatment; 164 fecal metagenomes analyzed across three study groups; 1105 detected prokaryotic species; 11.8 million variant positions identified; 109 metagenomes from 48 healthy FMT-naïve individuals as control; 42 species tracked at strain level across 5 phyla; Determinant positions ranged 66 to 161,800 per species (median 15,550)"
27126044,No,3,Month,single-nucleotide variants (SNVs); donor-specific SNVs; recipient-specific SNVs; species composition; microbial diversity,percentage (%); mean percentage across species,69.3±21.8% at 2 days post-FMT; 37.6±16.6% at 3 months post-FMT; 50.7±10.1% coexistence in shared species; 39±23% species resistance; 44±14% species coexistence,Netherlands,colon,2009/2010,Metabolic Syndrome,species composition shifts; donor microbiota colonization; strain coexistence patterns; microbial diversity changes,FMT1; FMT2; FMT3; FMT4; FMT5; SELF1; SELF2; SELF3; SELF4; SELF5,Homo sapiens,Amsterdam,ERR1297600,27126044,SAMEA3882529,Illumina HiSeq 2000,FMT_metabolic_syndrome_2016,Metabolic Syndrome,Fecal Microbiota Transplantation,"10 subjects: 5 allogenic FMT recipients, 5 autologous FMT (placebo); Three lean donors, unrelated to recipients; 55 fecal samples total sequenced; Samples collected pre-FMT and 4 times post-FMT; Metabolic syndrome patients; No antibiotics for ≥3 months before treatment; 164 fecal metagenomes analyzed across three study groups; 1105 detected prokaryotic species; 11.8 million variant positions identified; 109 metagenomes from 48 healthy FMT-naïve individuals as control; 42 species tracked at strain level across 5 phyla; Determinant positions ranged 66 to 161,800 per species (median 15,550)"
27126044,No,3,Month,single-nucleotide variants (SNVs); donor-specific SNVs; recipient-specific SNVs; species composition; microbial diversity,percentage (%); mean percentage across species,69.3±21.8% at 2 days post-FMT; 37.6±16.6% at 3 months post-FMT; 50.7±10.1% coexistence in shared species; 39±23% species resistance; 44±14% species coexistence,Netherlands,colon,2009/2010,Metabolic Syndrome,species composition shifts; donor microbiota colonization; strain coexistence patterns; microbial diversity changes,FMT1; FMT2; FMT3; FMT4; FMT5; SELF1; SELF2; SELF3; SELF4; SELF5,Homo sapiens,Amsterdam,ERR1297466,27126044,SAMEA3882504,Illumina HiSeq 2000,FMT_metabolic_syndrome_2016,Metabolic Syndrome,Fecal Microbiota Transplantation,"10 subjects: 5 allogenic FMT recipients, 5 autologous FMT (placebo); Three lean donors, unrelated to recipients; 55 fecal samples total sequenced; Samples collected pre-FMT and 4 times post-FMT; Metabolic syndrome patients; No antibiotics for ≥3 months before treatment; 164 fecal metagenomes analyzed across three study groups; 1105 detected prokaryotic species; 11.8 million variant positions identified; 109 metagenomes from 48 healthy FMT-naïve individuals as control; 42 species tracked at strain level across 5 phyla; Determinant positions ranged 66 to 161,800 per species (median 15,550)"
27126044,No,3,Month,single-nucleotide variants (SNVs); donor-specific SNVs; recipient-specific SNVs; species composition; microbial diversity,percentage (%); mean percentage across species,69.3±21.8% at 2 days post-FMT; 37.6±16.6% at 3 months post-FMT; 50.7±10.1% coexistence in shared species; 39±23% species resistance; 44±14% species coexistence,Netherlands,colon,2009/2010,Metabolic Syndrome,species composition shifts; donor microbiota colonization; strain coexistence patterns; microbial diversity changes,FMT1; FMT2; FMT3; FMT4; FMT5; SELF1; SELF2; SELF3; SELF4; SELF5,Homo sapiens,Amsterdam,ERR1297618,27126044,SAMEA3882533,Illumina HiSeq 2000,FMT_metabolic_syndrome_2016,Metabolic Syndrome,Fecal Microbiota Transplantation,"10 subjects: 5 allogenic FMT recipients, 5 autologous FMT (placebo); Three lean donors, unrelated to recipients; 55 fecal samples total sequenced; Samples collected pre-FMT and 4 times post-FMT; Metabolic syndrome patients; No antibiotics for ≥3 months before treatment; 164 fecal metagenomes analyzed across three study groups; 1105 detected prokaryotic species; 11.8 million variant positions identified; 109 metagenomes from 48 healthy FMT-naïve individuals as control; 42 species tracked at strain level across 5 phyla; Determinant positions ranged 66 to 161,800 per species (median 15,550)"
27126044,No,3,Month,single-nucleotide variants (SNVs); donor-specific SNVs; recipient-specific SNVs; species composition; microbial diversity,percentage (%); mean percentage across species,69.3±21.8% at 2 days post-FMT; 37.6±16.6% at 3 months post-FMT; 50.7±10.1% coexistence in shared species; 39±23% species resistance; 44±14% species coexistence,Netherlands,colon,2009/2010,Metabolic Syndrome,species composition shifts; donor microbiota colonization; strain coexistence patterns; microbial diversity changes,FMT1; FMT2; FMT3; FMT4; FMT5; SELF1; SELF2; SELF3; SELF4; SELF5,Homo sapiens,Amsterdam,ERR1297611,27126044,SAMEA3882554,Illumina HiSeq 2000,FMT_metabolic_syndrome_2016,Metabolic Syndrome,Fecal Microbiota Transplantation,"10 subjects: 5 allogenic FMT recipients, 5 autologous FMT (placebo); Three lean donors, unrelated to recipients; 55 fecal samples total sequenced; Samples collected pre-FMT and 4 times post-FMT; Metabolic syndrome patients; No antibiotics for ≥3 months before treatment; 164 fecal metagenomes analyzed across three study groups; 1105 detected prokaryotic species; 11.8 million variant positions identified; 109 metagenomes from 48 healthy FMT-naïve individuals as control; 42 species tracked at strain level across 5 phyla; Determinant positions ranged 66 to 161,800 per species (median 15,550)"
27126044,No,3,Month,single-nucleotide variants (SNVs); donor-specific SNVs; recipient-specific SNVs; species composition; microbial diversity,percentage (%); mean percentage across species,69.3±21.8% at 2 days post-FMT; 37.6±16.6% at 3 months post-FMT; 50.7±10.1% coexistence in shared species; 39±23% species resistance; 44±14% species coexistence,Netherlands,colon,2009/2010,Metabolic Syndrome,species composition shifts; donor microbiota colonization; strain coexistence patterns; microbial diversity changes,FMT1; FMT2; FMT3; FMT4; FMT5; SELF1; SELF2; SELF3; SELF4; SELF5,Homo sapiens,Amsterdam,ERR1297467,27126044,SAMEA3882535,Illumina HiSeq 2000,FMT_metabolic_syndrome_2016,Metabolic Syndrome,Fecal Microbiota Transplantation,"10 subjects: 5 allogenic FMT recipients, 5 autologous FMT (placebo); Three lean donors, unrelated to recipients; 55 fecal samples total sequenced; Samples collected pre-FMT and 4 times post-FMT; Metabolic syndrome patients; No antibiotics for ≥3 months before treatment; 164 fecal metagenomes analyzed across three study groups; 1105 detected prokaryotic species; 11.8 million variant positions identified; 109 metagenomes from 48 healthy FMT-naïve individuals as control; 42 species tracked at strain level across 5 phyla; Determinant positions ranged 66 to 161,800 per species (median 15,550)"
27126044,No,3,Month,single-nucleotide variants (SNVs); donor-specific SNVs; recipient-specific SNVs; species composition; microbial diversity,percentage (%); mean percentage across species,69.3±21.8% at 2 days post-FMT; 37.6±16.6% at 3 months post-FMT; 50.7±10.1% coexistence in shared species; 39±23% species resistance; 44±14% species coexistence,Netherlands,colon,2009/2010,Metabolic Syndrome,species composition shifts; donor microbiota colonization; strain coexistence patterns; microbial diversity changes,FMT1; FMT2; FMT3; FMT4; FMT5; SELF1; SELF2; SELF3; SELF4; SELF5,Homo sapiens,Amsterdam,ERR1297621,27126044,SAMEA3882521,Illumina HiSeq 2000,FMT_metabolic_syndrome_2016,Metabolic Syndrome,Fecal Microbiota Transplantation,"10 subjects: 5 allogenic FMT recipients, 5 autologous FMT (placebo); Three lean donors, unrelated to recipients; 55 fecal samples total sequenced; Samples collected pre-FMT and 4 times post-FMT; Metabolic syndrome patients; No antibiotics for ≥3 months before treatment; 164 fecal metagenomes analyzed across three study groups; 1105 detected prokaryotic species; 11.8 million variant positions identified; 109 metagenomes from 48 healthy FMT-naïve individuals as control; 42 species tracked at strain level across 5 phyla; Determinant positions ranged 66 to 161,800 per species (median 15,550)"
27126044,No,3,Month,single-nucleotide variants (SNVs); donor-specific SNVs; recipient-specific SNVs; species composition; microbial diversity,percentage (%); mean percentage across species,69.3±21.8% at 2 days post-FMT; 37.6±16.6% at 3 months post-FMT; 50.7±10.1% coexistence in shared species; 39±23% species resistance; 44±14% species coexistence,Netherlands,colon,2009/2010,Metabolic Syndrome,species composition shifts; donor microbiota colonization; strain coexistence patterns; microbial diversity changes,FMT1; FMT2; FMT3; FMT4; FMT5; SELF1; SELF2; SELF3; SELF4; SELF5,Homo sapiens,Amsterdam,ERR1297472,27126044,SAMEA3882524,Illumina HiSeq 2000,FMT_metabolic_syndrome_2016,Metabolic Syndrome,Fecal Microbiota Transplantation,"10 subjects: 5 allogenic FMT recipients, 5 autologous FMT (placebo); Three lean donors, unrelated to recipients; 55 fecal samples total sequenced; Samples collected pre-FMT and 4 times post-FMT; Metabolic syndrome patients; No antibiotics for ≥3 months before treatment; 164 fecal metagenomes analyzed across three study groups; 1105 detected prokaryotic species; 11.8 million variant positions identified; 109 metagenomes from 48 healthy FMT-naïve individuals as control; 42 species tracked at strain level across 5 phyla; Determinant positions ranged 66 to 161,800 per species (median 15,550)"
27126044,No,3,Month,single-nucleotide variants (SNVs); donor-specific SNVs; recipient-specific SNVs; species composition; microbial diversity,percentage (%); mean percentage across species,69.3±21.8% at 2 days post-FMT; 37.6±16.6% at 3 months post-FMT; 50.7±10.1% coexistence in shared species; 39±23% species resistance; 44±14% species coexistence,Netherlands,colon,2009/2010,Metabolic Syndrome,species composition shifts; donor microbiota colonization; strain coexistence patterns; microbial diversity changes,FMT1; FMT2; FMT3; FMT4; FMT5; SELF1; SELF2; SELF3; SELF4; SELF5,Homo sapiens,Amsterdam,ERR1297620,27126044,SAMEA3882557,Illumina HiSeq 2000,FMT_metabolic_syndrome_2016,Metabolic Syndrome,Fecal Microbiota Transplantation,"10 subjects: 5 allogenic FMT recipients, 5 autologous FMT (placebo); Three lean donors, unrelated to recipients; 55 fecal samples total sequenced; Samples collected pre-FMT and 4 times post-FMT; Metabolic syndrome patients; No antibiotics for ≥3 months before treatment; 164 fecal metagenomes analyzed across three study groups; 1105 detected prokaryotic species; 11.8 million variant positions identified; 109 metagenomes from 48 healthy FMT-naïve individuals as control; 42 species tracked at strain level across 5 phyla; Determinant positions ranged 66 to 161,800 per species (median 15,550)"
27126044,No,3,Month,single-nucleotide variants (SNVs); donor-specific SNVs; recipient-specific SNVs; species composition; microbial diversity,percentage (%); mean percentage across species,69.3±21.8% at 2 days post-FMT; 37.6±16.6% at 3 months post-FMT; 50.7±10.1% coexistence in shared species; 39±23% species resistance; 44±14% species coexistence,Netherlands,colon,2009/2010,Metabolic Syndrome,species composition shifts; donor microbiota colonization; strain coexistence patterns; microbial diversity changes,FMT1; FMT2; FMT3; FMT4; FMT5; SELF1; SELF2; SELF3; SELF4; SELF5,Homo sapiens,Amsterdam,ERR1297477,27126044,SAMEA3882505,Illumina HiSeq 2000,FMT_metabolic_syndrome_2016,Metabolic Syndrome,Fecal Microbiota Transplantation,"10 subjects: 5 allogenic FMT recipients, 5 autologous FMT (placebo); Three lean donors, unrelated to recipients; 55 fecal samples total sequenced; Samples collected pre-FMT and 4 times post-FMT; Metabolic syndrome patients; No antibiotics for ≥3 months before treatment; 164 fecal metagenomes analyzed across three study groups; 1105 detected prokaryotic species; 11.8 million variant positions identified; 109 metagenomes from 48 healthy FMT-naïve individuals as control; 42 species tracked at strain level across 5 phyla; Determinant positions ranged 66 to 161,800 per species (median 15,550)"
27126044,No,3,Month,single-nucleotide variants (SNVs); donor-specific SNVs; recipient-specific SNVs; species composition; microbial diversity,percentage (%); mean percentage across species,69.3±21.8% at 2 days post-FMT; 37.6±16.6% at 3 months post-FMT; 50.7±10.1% coexistence in shared species; 39±23% species resistance; 44±14% species coexistence,Netherlands,colon,2009/2010,Metabolic Syndrome,species composition shifts; donor microbiota colonization; strain coexistence patterns; microbial diversity changes,FMT1; FMT2; FMT3; FMT4; FMT5; SELF1; SELF2; SELF3; SELF4; SELF5,Homo sapiens,Amsterdam,ERR1297626,27126044,SAMEA3882512,Illumina HiSeq 2000,FMT_metabolic_syndrome_2016,Metabolic Syndrome,Fecal Microbiota Transplantation,"10 subjects: 5 allogenic FMT recipients, 5 autologous FMT (placebo); Three lean donors, unrelated to recipients; 55 fecal samples total sequenced; Samples collected pre-FMT and 4 times post-FMT; Metabolic syndrome patients; No antibiotics for ≥3 months before treatment; 164 fecal metagenomes analyzed across three study groups; 1105 detected prokaryotic species; 11.8 million variant positions identified; 109 metagenomes from 48 healthy FMT-naïve individuals as control; 42 species tracked at strain level across 5 phyla; Determinant positions ranged 66 to 161,800 per species (median 15,550)"
27126044,No,3,Month,single-nucleotide variants (SNVs); donor-specific SNVs; recipient-specific SNVs; species composition; microbial diversity,percentage (%); mean percentage across species,69.3±21.8% at 2 days post-FMT; 37.6±16.6% at 3 months post-FMT; 50.7±10.1% coexistence in shared species; 39±23% species resistance; 44±14% species coexistence,Netherlands,colon,2009/2010,Metabolic Syndrome,species composition shifts; donor microbiota colonization; strain coexistence patterns; microbial diversity changes,FMT1; FMT2; FMT3; FMT4; FMT5; SELF1; SELF2; SELF3; SELF4; SELF5,Homo sapiens,Amsterdam,ERR1297622,27126044,SAMEA3882537,Illumina HiSeq 2000,FMT_metabolic_syndrome_2016,Metabolic Syndrome,Fecal Microbiota Transplantation,"10 subjects: 5 allogenic FMT recipients, 5 autologous FMT (placebo); Three lean donors, unrelated to recipients; 55 fecal samples total sequenced; Samples collected pre-FMT and 4 times post-FMT; Metabolic syndrome patients; No antibiotics for ≥3 months before treatment; 164 fecal metagenomes analyzed across three study groups; 1105 detected prokaryotic species; 11.8 million variant positions identified; 109 metagenomes from 48 healthy FMT-naïve individuals as control; 42 species tracked at strain level across 5 phyla; Determinant positions ranged 66 to 161,800 per species (median 15,550)"
27126044,No,3,Month,single-nucleotide variants (SNVs); donor-specific SNVs; recipient-specific SNVs; species composition; microbial diversity,percentage (%); mean percentage across species,69.3±21.8% at 2 days post-FMT; 37.6±16.6% at 3 months post-FMT; 50.7±10.1% coexistence in shared species; 39±23% species resistance; 44±14% species coexistence,Netherlands,colon,2009/2010,Metabolic Syndrome,species composition shifts; donor microbiota colonization; strain coexistence patterns; microbial diversity changes,FMT1; FMT2; FMT3; FMT4; FMT5; SELF1; SELF2; SELF3; SELF4; SELF5,Homo sapiens,Amsterdam,ERR1297478,27126044,SAMEA3882535,Illumina HiSeq 2000,FMT_metabolic_syndrome_2016,Metabolic Syndrome,Fecal Microbiota Transplantation,"10 subjects: 5 allogenic FMT recipients, 5 autologous FMT (placebo); Three lean donors, unrelated to recipients; 55 fecal samples total sequenced; Samples collected pre-FMT and 4 times post-FMT; Metabolic syndrome patients; No antibiotics for ≥3 months before treatment; 164 fecal metagenomes analyzed across three study groups; 1105 detected prokaryotic species; 11.8 million variant positions identified; 109 metagenomes from 48 healthy FMT-naïve individuals as control; 42 species tracked at strain level across 5 phyla; Determinant positions ranged 66 to 161,800 per species (median 15,550)"
27126044,No,3,Month,single-nucleotide variants (SNVs); donor-specific SNVs; recipient-specific SNVs; species composition; microbial diversity,percentage (%); mean percentage across species,69.3±21.8% at 2 days post-FMT; 37.6±16.6% at 3 months post-FMT; 50.7±10.1% coexistence in shared species; 39±23% species resistance; 44±14% species coexistence,Netherlands,colon,2009/2010,Metabolic Syndrome,species composition shifts; donor microbiota colonization; strain coexistence patterns; microbial diversity changes,FMT1; FMT2; FMT3; FMT4; FMT5; SELF1; SELF2; SELF3; SELF4; SELF5,Homo sapiens,Amsterdam,ERR1297627,27126044,SAMEA3882555,Illumina HiSeq 2000,FMT_metabolic_syndrome_2016,Metabolic Syndrome,Fecal Microbiota Transplantation,"10 subjects: 5 allogenic FMT recipients, 5 autologous FMT (placebo); Three lean donors, unrelated to recipients; 55 fecal samples total sequenced; Samples collected pre-FMT and 4 times post-FMT; Metabolic syndrome patients; No antibiotics for ≥3 months before treatment; 164 fecal metagenomes analyzed across three study groups; 1105 detected prokaryotic species; 11.8 million variant positions identified; 109 metagenomes from 48 healthy FMT-naïve individuals as control; 42 species tracked at strain level across 5 phyla; Determinant positions ranged 66 to 161,800 per species (median 15,550)"
27126044,No,3,Month,single-nucleotide variants (SNVs); donor-specific SNVs; recipient-specific SNVs; species composition; microbial diversity,percentage (%); mean percentage across species,69.3±21.8% at 2 days post-FMT; 37.6±16.6% at 3 months post-FMT; 50.7±10.1% coexistence in shared species; 39±23% species resistance; 44±14% species coexistence,Netherlands,colon,2009/2010,Metabolic Syndrome,species composition shifts; donor microbiota colonization; strain coexistence patterns; microbial diversity changes,FMT1; FMT2; FMT3; FMT4; FMT5; SELF1; SELF2; SELF3; SELF4; SELF5,Homo sapiens,Amsterdam,ERR1297624,27126044,SAMEA3882511,Illumina HiSeq 2000,FMT_metabolic_syndrome_2016,Metabolic Syndrome,Fecal Microbiota Transplantation,"10 subjects: 5 allogenic FMT recipients, 5 autologous FMT (placebo); Three lean donors, unrelated to recipients; 55 fecal samples total sequenced; Samples collected pre-FMT and 4 times post-FMT; Metabolic syndrome patients; No antibiotics for ≥3 months before treatment; 164 fecal metagenomes analyzed across three study groups; 1105 detected prokaryotic species; 11.8 million variant positions identified; 109 metagenomes from 48 healthy FMT-naïve individuals as control; 42 species tracked at strain level across 5 phyla; Determinant positions ranged 66 to 161,800 per species (median 15,550)"
27126044,No,3,Month,single-nucleotide variants (SNVs); donor-specific SNVs; recipient-specific SNVs; species composition; microbial diversity,percentage (%); mean percentage across species,69.3±21.8% at 2 days post-FMT; 37.6±16.6% at 3 months post-FMT; 50.7±10.1% coexistence in shared species; 39±23% species resistance; 44±14% species coexistence,Netherlands,colon,2009/2010,Metabolic Syndrome,species composition shifts; donor microbiota colonization; strain coexistence patterns; microbial diversity changes,FMT1; FMT2; FMT3; FMT4; FMT5; SELF1; SELF2; SELF3; SELF4; SELF5,Homo sapiens,Amsterdam,ERR1297483,27126044,SAMEA3882512,Illumina HiSeq 2000,FMT_metabolic_syndrome_2016,Metabolic Syndrome,Fecal Microbiota Transplantation,"10 subjects: 5 allogenic FMT recipients, 5 autologous FMT (placebo); Three lean donors, unrelated to recipients; 55 fecal samples total sequenced; Samples collected pre-FMT and 4 times post-FMT; Metabolic syndrome patients; No antibiotics for ≥3 months before treatment; 164 fecal metagenomes analyzed across three study groups; 1105 detected prokaryotic species; 11.8 million variant positions identified; 109 metagenomes from 48 healthy FMT-naïve individuals as control; 42 species tracked at strain level across 5 phyla; Determinant positions ranged 66 to 161,800 per species (median 15,550)"
27126044,No,3,Month,single-nucleotide variants (SNVs); donor-specific SNVs; recipient-specific SNVs; species composition; microbial diversity,percentage (%); mean percentage across species,69.3±21.8% at 2 days post-FMT; 37.6±16.6% at 3 months post-FMT; 50.7±10.1% coexistence in shared species; 39±23% species resistance; 44±14% species coexistence,Netherlands,colon,2009/2010,Metabolic Syndrome,species composition shifts; donor microbiota colonization; strain coexistence patterns; microbial diversity changes,FMT1; FMT2; FMT3; FMT4; FMT5; SELF1; SELF2; SELF3; SELF4; SELF5,Homo sapiens,Amsterdam,ERR1297632,27126044,SAMEA3882549,Illumina HiSeq 2000,FMT_metabolic_syndrome_2016,Metabolic Syndrome,Fecal Microbiota Transplantation,"10 subjects: 5 allogenic FMT recipients, 5 autologous FMT (placebo); Three lean donors, unrelated to recipients; 55 fecal samples total sequenced; Samples collected pre-FMT and 4 times post-FMT; Metabolic syndrome patients; No antibiotics for ≥3 months before treatment; 164 fecal metagenomes analyzed across three study groups; 1105 detected prokaryotic species; 11.8 million variant positions identified; 109 metagenomes from 48 healthy FMT-naïve individuals as control; 42 species tracked at strain level across 5 phyla; Determinant positions ranged 66 to 161,800 per species (median 15,550)"
27126044,No,3,Month,single-nucleotide variants (SNVs); donor-specific SNVs; recipient-specific SNVs; species composition; microbial diversity,percentage (%); mean percentage across species,69.3±21.8% at 2 days post-FMT; 37.6±16.6% at 3 months post-FMT; 50.7±10.1% coexistence in shared species; 39±23% species resistance; 44±14% species coexistence,Netherlands,colon,2009/2010,Metabolic Syndrome,species composition shifts; donor microbiota colonization; strain coexistence patterns; microbial diversity changes,FMT1; FMT2; FMT3; FMT4; FMT5; SELF1; SELF2; SELF3; SELF4; SELF5,Homo sapiens,Amsterdam,ERR1297484,27126044,SAMEA3882520,Illumina HiSeq 2000,FMT_metabolic_syndrome_2016,Metabolic Syndrome,Fecal Microbiota Transplantation,"10 subjects: 5 allogenic FMT recipients, 5 autologous FMT (placebo); Three lean donors, unrelated to recipients; 55 fecal samples total sequenced; Samples collected pre-FMT and 4 times post-FMT; Metabolic syndrome patients; No antibiotics for ≥3 months before treatment; 164 fecal metagenomes analyzed across three study groups; 1105 detected prokaryotic species; 11.8 million variant positions identified; 109 metagenomes from 48 healthy FMT-naïve individuals as control; 42 species tracked at strain level across 5 phyla; Determinant positions ranged 66 to 161,800 per species (median 15,550)"
27126044,No,3,Month,single-nucleotide variants (SNVs); donor-specific SNVs; recipient-specific SNVs; species composition; microbial diversity,percentage (%); mean percentage across species,69.3±21.8% at 2 days post-FMT; 37.6±16.6% at 3 months post-FMT; 50.7±10.1% coexistence in shared species; 39±23% species resistance; 44±14% species coexistence,Netherlands,colon,2009/2010,Metabolic Syndrome,species composition shifts; donor microbiota colonization; strain coexistence patterns; microbial diversity changes,FMT1; FMT2; FMT3; FMT4; FMT5; SELF1; SELF2; SELF3; SELF4; SELF5,Homo sapiens,Amsterdam,ERR1297625,27126044,SAMEA3882543,Illumina HiSeq 2000,FMT_metabolic_syndrome_2016,Metabolic Syndrome,Fecal Microbiota Transplantation,"10 subjects: 5 allogenic FMT recipients, 5 autologous FMT (placebo); Three lean donors, unrelated to recipients; 55 fecal samples total sequenced; Samples collected pre-FMT and 4 times post-FMT; Metabolic syndrome patients; No antibiotics for ≥3 months before treatment; 164 fecal metagenomes analyzed across three study groups; 1105 detected prokaryotic species; 11.8 million variant positions identified; 109 metagenomes from 48 healthy FMT-naïve individuals as control; 42 species tracked at strain level across 5 phyla; Determinant positions ranged 66 to 161,800 per species (median 15,550)"
27126044,No,3,Month,single-nucleotide variants (SNVs); donor-specific SNVs; recipient-specific SNVs; species composition; microbial diversity,percentage (%); mean percentage across species,69.3±21.8% at 2 days post-FMT; 37.6±16.6% at 3 months post-FMT; 50.7±10.1% coexistence in shared species; 39±23% species resistance; 44±14% species coexistence,Netherlands,colon,2009/2010,Metabolic Syndrome,species composition shifts; donor microbiota colonization; strain coexistence patterns; microbial diversity changes,FMT1; FMT2; FMT3; FMT4; FMT5; SELF1; SELF2; SELF3; SELF4; SELF5,Homo sapiens,Amsterdam,ERR1297489,27126044,SAMEA3882505,Illumina HiSeq 2000,FMT_metabolic_syndrome_2016,Metabolic Syndrome,Fecal Microbiota Transplantation,"10 subjects: 5 allogenic FMT recipients, 5 autologous FMT (placebo); Three lean donors, unrelated to recipients; 55 fecal samples total sequenced; Samples collected pre-FMT and 4 times post-FMT; Metabolic syndrome patients; No antibiotics for ≥3 months before treatment; 164 fecal metagenomes analyzed across three study groups; 1105 detected prokaryotic species; 11.8 million variant positions identified; 109 metagenomes from 48 healthy FMT-naïve individuals as control; 42 species tracked at strain level across 5 phyla; Determinant positions ranged 66 to 161,800 per species (median 15,550)"
27126044,No,3,Month,single-nucleotide variants (SNVs); donor-specific SNVs; recipient-specific SNVs; species composition; microbial diversity,percentage (%); mean percentage across species,69.3±21.8% at 2 days post-FMT; 37.6±16.6% at 3 months post-FMT; 50.7±10.1% coexistence in shared species; 39±23% species resistance; 44±14% species coexistence,Netherlands,colon,2009/2010,Metabolic Syndrome,species composition shifts; donor microbiota colonization; strain coexistence patterns; microbial diversity changes,FMT1; FMT2; FMT3; FMT4; FMT5; SELF1; SELF2; SELF3; SELF4; SELF5,Homo sapiens,Amsterdam,ERR1297633,27126044,SAMEA3882507,Illumina HiSeq 2000,FMT_metabolic_syndrome_2016,Metabolic Syndrome,Fecal Microbiota Transplantation,"10 subjects: 5 allogenic FMT recipients, 5 autologous FMT (placebo); Three lean donors, unrelated to recipients; 55 fecal samples total sequenced; Samples collected pre-FMT and 4 times post-FMT; Metabolic syndrome patients; No antibiotics for ≥3 months before treatment; 164 fecal metagenomes analyzed across three study groups; 1105 detected prokaryotic species; 11.8 million variant positions identified; 109 metagenomes from 48 healthy FMT-naïve individuals as control; 42 species tracked at strain level across 5 phyla; Determinant positions ranged 66 to 161,800 per species (median 15,550)"
27126044,No,3,Month,single-nucleotide variants (SNVs); donor-specific SNVs; recipient-specific SNVs; species composition; microbial diversity,percentage (%); mean percentage across species,69.3±21.8% at 2 days post-FMT; 37.6±16.6% at 3 months post-FMT; 50.7±10.1% coexistence in shared species; 39±23% species resistance; 44±14% species coexistence,Netherlands,colon,2009/2010,Metabolic Syndrome,species composition shifts; donor microbiota colonization; strain coexistence patterns; microbial diversity changes,FMT1; FMT2; FMT3; FMT4; FMT5; SELF1; SELF2; SELF3; SELF4; SELF5,Homo sapiens,Amsterdam,ERR1297492,27126044,SAMEA3882552,Illumina HiSeq 2000,FMT_metabolic_syndrome_2016,Metabolic Syndrome,Fecal Microbiota Transplantation,"10 subjects: 5 allogenic FMT recipients, 5 autologous FMT (placebo); Three lean donors, unrelated to recipients; 55 fecal samples total sequenced; Samples collected pre-FMT and 4 times post-FMT; Metabolic syndrome patients; No antibiotics for ≥3 months before treatment; 164 fecal metagenomes analyzed across three study groups; 1105 detected prokaryotic species; 11.8 million variant positions identified; 109 metagenomes from 48 healthy FMT-naïve individuals as control; 42 species tracked at strain level across 5 phyla; Determinant positions ranged 66 to 161,800 per species (median 15,550)"
27126044,No,3,Month,single-nucleotide variants (SNVs); donor-specific SNVs; recipient-specific SNVs; species composition; microbial diversity,percentage (%); mean percentage across species,69.3±21.8% at 2 days post-FMT; 37.6±16.6% at 3 months post-FMT; 50.7±10.1% coexistence in shared species; 39±23% species resistance; 44±14% species coexistence,Netherlands,colon,2009/2010,Metabolic Syndrome,species composition shifts; donor microbiota colonization; strain coexistence patterns; microbial diversity changes,FMT1; FMT2; FMT3; FMT4; FMT5; SELF1; SELF2; SELF3; SELF4; SELF5,Homo sapiens,Amsterdam,ERR1297628,27126044,SAMEA3882557,Illumina HiSeq 2000,FMT_metabolic_syndrome_2016,Metabolic Syndrome,Fecal Microbiota Transplantation,"10 subjects: 5 allogenic FMT recipients, 5 autologous FMT (placebo); Three lean donors, unrelated to recipients; 55 fecal samples total sequenced; Samples collected pre-FMT and 4 times post-FMT; Metabolic syndrome patients; No antibiotics for ≥3 months before treatment; 164 fecal metagenomes analyzed across three study groups; 1105 detected prokaryotic species; 11.8 million variant positions identified; 109 metagenomes from 48 healthy FMT-naïve individuals as control; 42 species tracked at strain level across 5 phyla; Determinant positions ranged 66 to 161,800 per species (median 15,550)"
27126044,No,3,Month,single-nucleotide variants (SNVs); donor-specific SNVs; recipient-specific SNVs; species composition; microbial diversity,percentage (%); mean percentage across species,69.3±21.8% at 2 days post-FMT; 37.6±16.6% at 3 months post-FMT; 50.7±10.1% coexistence in shared species; 39±23% species resistance; 44±14% species coexistence,Netherlands,colon,2009/2010,Metabolic Syndrome,species composition shifts; donor microbiota colonization; strain coexistence patterns; microbial diversity changes,FMT1; FMT2; FMT3; FMT4; FMT5; SELF1; SELF2; SELF3; SELF4; SELF5,Homo sapiens,Amsterdam,ERR1297637,27126044,SAMEA3882557,Illumina HiSeq 2000,FMT_metabolic_syndrome_2016,Metabolic Syndrome,Fecal Microbiota Transplantation,"10 subjects: 5 allogenic FMT recipients, 5 autologous FMT (placebo); Three lean donors, unrelated to recipients; 55 fecal samples total sequenced; Samples collected pre-FMT and 4 times post-FMT; Metabolic syndrome patients; No antibiotics for ≥3 months before treatment; 164 fecal metagenomes analyzed across three study groups; 1105 detected prokaryotic species; 11.8 million variant positions identified; 109 metagenomes from 48 healthy FMT-naïve individuals as control; 42 species tracked at strain level across 5 phyla; Determinant positions ranged 66 to 161,800 per species (median 15,550)"
27126044,No,3,Month,single-nucleotide variants (SNVs); donor-specific SNVs; recipient-specific SNVs; species composition; microbial diversity,percentage (%); mean percentage across species,69.3±21.8% at 2 days post-FMT; 37.6±16.6% at 3 months post-FMT; 50.7±10.1% coexistence in shared species; 39±23% species resistance; 44±14% species coexistence,Netherlands,colon,2009/2010,Metabolic Syndrome,species composition shifts; donor microbiota colonization; strain coexistence patterns; microbial diversity changes,FMT1; FMT2; FMT3; FMT4; FMT5; SELF1; SELF2; SELF3; SELF4; SELF5,Homo sapiens,Amsterdam,ERR1297494,27126044,SAMEA3882536,Illumina HiSeq 2000,FMT_metabolic_syndrome_2016,Metabolic Syndrome,Fecal Microbiota Transplantation,"10 subjects: 5 allogenic FMT recipients, 5 autologous FMT (placebo); Three lean donors, unrelated to recipients; 55 fecal samples total sequenced; Samples collected pre-FMT and 4 times post-FMT; Metabolic syndrome patients; No antibiotics for ≥3 months before treatment; 164 fecal metagenomes analyzed across three study groups; 1105 detected prokaryotic species; 11.8 million variant positions identified; 109 metagenomes from 48 healthy FMT-naïve individuals as control; 42 species tracked at strain level across 5 phyla; Determinant positions ranged 66 to 161,800 per species (median 15,550)"
27126044,No,3,Month,single-nucleotide variants (SNVs); donor-specific SNVs; recipient-specific SNVs; species composition; microbial diversity,percentage (%); mean percentage across species,69.3±21.8% at 2 days post-FMT; 37.6±16.6% at 3 months post-FMT; 50.7±10.1% coexistence in shared species; 39±23% species resistance; 44±14% species coexistence,Netherlands,colon,2009/2010,Metabolic Syndrome,species composition shifts; donor microbiota colonization; strain coexistence patterns; microbial diversity changes,FMT1; FMT2; FMT3; FMT4; FMT5; SELF1; SELF2; SELF3; SELF4; SELF5,Homo sapiens,Amsterdam,ERR1297497,27126044,SAMEA3882518,Illumina HiSeq 2000,FMT_metabolic_syndrome_2016,Metabolic Syndrome,Fecal Microbiota Transplantation,"10 subjects: 5 allogenic FMT recipients, 5 autologous FMT (placebo); Three lean donors, unrelated to recipients; 55 fecal samples total sequenced; Samples collected pre-FMT and 4 times post-FMT; Metabolic syndrome patients; No antibiotics for ≥3 months before treatment; 164 fecal metagenomes analyzed across three study groups; 1105 detected prokaryotic species; 11.8 million variant positions identified; 109 metagenomes from 48 healthy FMT-naïve individuals as control; 42 species tracked at strain level across 5 phyla; Determinant positions ranged 66 to 161,800 per species (median 15,550)"
27126044,No,3,Month,single-nucleotide variants (SNVs); donor-specific SNVs; recipient-specific SNVs; species composition; microbial diversity,percentage (%); mean percentage across species,69.3±21.8% at 2 days post-FMT; 37.6±16.6% at 3 months post-FMT; 50.7±10.1% coexistence in shared species; 39±23% species resistance; 44±14% species coexistence,Netherlands,colon,2009/2010,Metabolic Syndrome,species composition shifts; donor microbiota colonization; strain coexistence patterns; microbial diversity changes,FMT1; FMT2; FMT3; FMT4; FMT5; SELF1; SELF2; SELF3; SELF4; SELF5,Homo sapiens,Amsterdam,ERR1297629,27126044,SAMEA3882513,Illumina HiSeq 2000,FMT_metabolic_syndrome_2016,Metabolic Syndrome,Fecal Microbiota Transplantation,"10 subjects: 5 allogenic FMT recipients, 5 autologous FMT (placebo); Three lean donors, unrelated to recipients; 55 fecal samples total sequenced; Samples collected pre-FMT and 4 times post-FMT; Metabolic syndrome patients; No antibiotics for ≥3 months before treatment; 164 fecal metagenomes analyzed across three study groups; 1105 detected prokaryotic species; 11.8 million variant positions identified; 109 metagenomes from 48 healthy FMT-naïve individuals as control; 42 species tracked at strain level across 5 phyla; Determinant positions ranged 66 to 161,800 per species (median 15,550)"
27126044,No,3,Month,single-nucleotide variants (SNVs); donor-specific SNVs; recipient-specific SNVs; species composition; microbial diversity,percentage (%); mean percentage across species,69.3±21.8% at 2 days post-FMT; 37.6±16.6% at 3 months post-FMT; 50.7±10.1% coexistence in shared species; 39±23% species resistance; 44±14% species coexistence,Netherlands,colon,2009/2010,Metabolic Syndrome,species composition shifts; donor microbiota colonization; strain coexistence patterns; microbial diversity changes,FMT1; FMT2; FMT3; FMT4; FMT5; SELF1; SELF2; SELF3; SELF4; SELF5,Homo sapiens,Amsterdam,ERR1297640,27126044,SAMEA3882514,Illumina HiSeq 2000,FMT_metabolic_syndrome_2016,Metabolic Syndrome,Fecal Microbiota Transplantation,"10 subjects: 5 allogenic FMT recipients, 5 autologous FMT (placebo); Three lean donors, unrelated to recipients; 55 fecal samples total sequenced; Samples collected pre-FMT and 4 times post-FMT; Metabolic syndrome patients; No antibiotics for ≥3 months before treatment; 164 fecal metagenomes analyzed across three study groups; 1105 detected prokaryotic species; 11.8 million variant positions identified; 109 metagenomes from 48 healthy FMT-naïve individuals as control; 42 species tracked at strain level across 5 phyla; Determinant positions ranged 66 to 161,800 per species (median 15,550)"
27126044,No,3,Month,single-nucleotide variants (SNVs); donor-specific SNVs; recipient-specific SNVs; species composition; microbial diversity,percentage (%); mean percentage across species,69.3±21.8% at 2 days post-FMT; 37.6±16.6% at 3 months post-FMT; 50.7±10.1% coexistence in shared species; 39±23% species resistance; 44±14% species coexistence,Netherlands,colon,2009/2010,Metabolic Syndrome,species composition shifts; donor microbiota colonization; strain coexistence patterns; microbial diversity changes,FMT1; FMT2; FMT3; FMT4; FMT5; SELF1; SELF2; SELF3; SELF4; SELF5,Homo sapiens,Amsterdam,ERR1297498,27126044,SAMEA3882526,Illumina HiSeq 2000,FMT_metabolic_syndrome_2016,Metabolic Syndrome,Fecal Microbiota Transplantation,"10 subjects: 5 allogenic FMT recipients, 5 autologous FMT (placebo); Three lean donors, unrelated to recipients; 55 fecal samples total sequenced; Samples collected pre-FMT and 4 times post-FMT; Metabolic syndrome patients; No antibiotics for ≥3 months before treatment; 164 fecal metagenomes analyzed across three study groups; 1105 detected prokaryotic species; 11.8 million variant positions identified; 109 metagenomes from 48 healthy FMT-naïve individuals as control; 42 species tracked at strain level across 5 phyla; Determinant positions ranged 66 to 161,800 per species (median 15,550)"
27126044,No,3,Month,single-nucleotide variants (SNVs); donor-specific SNVs; recipient-specific SNVs; species composition; microbial diversity,percentage (%); mean percentage across species,69.3±21.8% at 2 days post-FMT; 37.6±16.6% at 3 months post-FMT; 50.7±10.1% coexistence in shared species; 39±23% species resistance; 44±14% species coexistence,Netherlands,colon,2009/2010,Metabolic Syndrome,species composition shifts; donor microbiota colonization; strain coexistence patterns; microbial diversity changes,FMT1; FMT2; FMT3; FMT4; FMT5; SELF1; SELF2; SELF3; SELF4; SELF5,Homo sapiens,Amsterdam,ERR1297645,27126044,SAMEA3882508,Illumina HiSeq 2000,FMT_metabolic_syndrome_2016,Metabolic Syndrome,Fecal Microbiota Transplantation,"10 subjects: 5 allogenic FMT recipients, 5 autologous FMT (placebo); Three lean donors, unrelated to recipients; 55 fecal samples total sequenced; Samples collected pre-FMT and 4 times post-FMT; Metabolic syndrome patients; No antibiotics for ≥3 months before treatment; 164 fecal metagenomes analyzed across three study groups; 1105 detected prokaryotic species; 11.8 million variant positions identified; 109 metagenomes from 48 healthy FMT-naïve individuals as control; 42 species tracked at strain level across 5 phyla; Determinant positions ranged 66 to 161,800 per species (median 15,550)"
27126044,No,3,Month,single-nucleotide variants (SNVs); donor-specific SNVs; recipient-specific SNVs; species composition; microbial diversity,percentage (%); mean percentage across species,69.3±21.8% at 2 days post-FMT; 37.6±16.6% at 3 months post-FMT; 50.7±10.1% coexistence in shared species; 39±23% species resistance; 44±14% species coexistence,Netherlands,colon,2009/2010,Metabolic Syndrome,species composition shifts; donor microbiota colonization; strain coexistence patterns; microbial diversity changes,FMT1; FMT2; FMT3; FMT4; FMT5; SELF1; SELF2; SELF3; SELF4; SELF5,Homo sapiens,Amsterdam,ERR1297630,27126044,SAMEA3882554,Illumina HiSeq 2000,FMT_metabolic_syndrome_2016,Metabolic Syndrome,Fecal Microbiota Transplantation,"10 subjects: 5 allogenic FMT recipients, 5 autologous FMT (placebo); Three lean donors, unrelated to recipients; 55 fecal samples total sequenced; Samples collected pre-FMT and 4 times post-FMT; Metabolic syndrome patients; No antibiotics for ≥3 months before treatment; 164 fecal metagenomes analyzed across three study groups; 1105 detected prokaryotic species; 11.8 million variant positions identified; 109 metagenomes from 48 healthy FMT-naïve individuals as control; 42 species tracked at strain level across 5 phyla; Determinant positions ranged 66 to 161,800 per species (median 15,550)"
27126044,No,3,Month,single-nucleotide variants (SNVs); donor-specific SNVs; recipient-specific SNVs; species composition; microbial diversity,percentage (%); mean percentage across species,69.3±21.8% at 2 days post-FMT; 37.6±16.6% at 3 months post-FMT; 50.7±10.1% coexistence in shared species; 39±23% species resistance; 44±14% species coexistence,Netherlands,colon,2009/2010,Metabolic Syndrome,species composition shifts; donor microbiota colonization; strain coexistence patterns; microbial diversity changes,FMT1; FMT2; FMT3; FMT4; FMT5; SELF1; SELF2; SELF3; SELF4; SELF5,Homo sapiens,Amsterdam,ERR1297502,27126044,SAMEA3882503,Illumina HiSeq 2000,FMT_metabolic_syndrome_2016,Metabolic Syndrome,Fecal Microbiota Transplantation,"10 subjects: 5 allogenic FMT recipients, 5 autologous FMT (placebo); Three lean donors, unrelated to recipients; 55 fecal samples total sequenced; Samples collected pre-FMT and 4 times post-FMT; Metabolic syndrome patients; No antibiotics for ≥3 months before treatment; 164 fecal metagenomes analyzed across three study groups; 1105 detected prokaryotic species; 11.8 million variant positions identified; 109 metagenomes from 48 healthy FMT-naïve individuals as control; 42 species tracked at strain level across 5 phyla; Determinant positions ranged 66 to 161,800 per species (median 15,550)"
27126044,No,3,Month,single-nucleotide variants (SNVs); donor-specific SNVs; recipient-specific SNVs; species composition; microbial diversity,percentage (%); mean percentage across species,69.3±21.8% at 2 days post-FMT; 37.6±16.6% at 3 months post-FMT; 50.7±10.1% coexistence in shared species; 39±23% species resistance; 44±14% species coexistence,Netherlands,colon,2009/2010,Metabolic Syndrome,species composition shifts; donor microbiota colonization; strain coexistence patterns; microbial diversity changes,FMT1; FMT2; FMT3; FMT4; FMT5; SELF1; SELF2; SELF3; SELF4; SELF5,Homo sapiens,Amsterdam,ERR1297649,27126044,SAMEA3882556,Illumina HiSeq 2000,FMT_metabolic_syndrome_2016,Metabolic Syndrome,Fecal Microbiota Transplantation,"10 subjects: 5 allogenic FMT recipients, 5 autologous FMT (placebo); Three lean donors, unrelated to recipients; 55 fecal samples total sequenced; Samples collected pre-FMT and 4 times post-FMT; Metabolic syndrome patients; No antibiotics for ≥3 months before treatment; 164 fecal metagenomes analyzed across three study groups; 1105 detected prokaryotic species; 11.8 million variant positions identified; 109 metagenomes from 48 healthy FMT-naïve individuals as control; 42 species tracked at strain level across 5 phyla; Determinant positions ranged 66 to 161,800 per species (median 15,550)"
27126044,No,3,Month,single-nucleotide variants (SNVs); donor-specific SNVs; recipient-specific SNVs; species composition; microbial diversity,percentage (%); mean percentage across species,69.3±21.8% at 2 days post-FMT; 37.6±16.6% at 3 months post-FMT; 50.7±10.1% coexistence in shared species; 39±23% species resistance; 44±14% species coexistence,Netherlands,colon,2009/2010,Metabolic Syndrome,species composition shifts; donor microbiota colonization; strain coexistence patterns; microbial diversity changes,FMT1; FMT2; FMT3; FMT4; FMT5; SELF1; SELF2; SELF3; SELF4; SELF5,Homo sapiens,Amsterdam,ERR1297504,27126044,SAMEA3882525,Illumina HiSeq 2000,FMT_metabolic_syndrome_2016,Metabolic Syndrome,Fecal Microbiota Transplantation,"10 subjects: 5 allogenic FMT recipients, 5 autologous FMT (placebo); Three lean donors, unrelated to recipients; 55 fecal samples total sequenced; Samples collected pre-FMT and 4 times post-FMT; Metabolic syndrome patients; No antibiotics for ≥3 months before treatment; 164 fecal metagenomes analyzed across three study groups; 1105 detected prokaryotic species; 11.8 million variant positions identified; 109 metagenomes from 48 healthy FMT-naïve individuals as control; 42 species tracked at strain level across 5 phyla; Determinant positions ranged 66 to 161,800 per species (median 15,550)"
27126044,No,3,Month,single-nucleotide variants (SNVs); donor-specific SNVs; recipient-specific SNVs; species composition; microbial diversity,percentage (%); mean percentage across species,69.3±21.8% at 2 days post-FMT; 37.6±16.6% at 3 months post-FMT; 50.7±10.1% coexistence in shared species; 39±23% species resistance; 44±14% species coexistence,Netherlands,colon,2009/2010,Metabolic Syndrome,species composition shifts; donor microbiota colonization; strain coexistence patterns; microbial diversity changes,FMT1; FMT2; FMT3; FMT4; FMT5; SELF1; SELF2; SELF3; SELF4; SELF5,Homo sapiens,Amsterdam,ERR1297634,27126044,SAMEA3882544,Illumina HiSeq 2000,FMT_metabolic_syndrome_2016,Metabolic Syndrome,Fecal Microbiota Transplantation,"10 subjects: 5 allogenic FMT recipients, 5 autologous FMT (placebo); Three lean donors, unrelated to recipients; 55 fecal samples total sequenced; Samples collected pre-FMT and 4 times post-FMT; Metabolic syndrome patients; No antibiotics for ≥3 months before treatment; 164 fecal metagenomes analyzed across three study groups; 1105 detected prokaryotic species; 11.8 million variant positions identified; 109 metagenomes from 48 healthy FMT-naïve individuals as control; 42 species tracked at strain level across 5 phyla; Determinant positions ranged 66 to 161,800 per species (median 15,550)"
27126044,No,3,Month,single-nucleotide variants (SNVs); donor-specific SNVs; recipient-specific SNVs; species composition; microbial diversity,percentage (%); mean percentage across species,69.3±21.8% at 2 days post-FMT; 37.6±16.6% at 3 months post-FMT; 50.7±10.1% coexistence in shared species; 39±23% species resistance; 44±14% species coexistence,Netherlands,colon,2009/2010,Metabolic Syndrome,species composition shifts; donor microbiota colonization; strain coexistence patterns; microbial diversity changes,FMT1; FMT2; FMT3; FMT4; FMT5; SELF1; SELF2; SELF3; SELF4; SELF5,Homo sapiens,Amsterdam,ERR1297651,27126044,SAMEA3882524,Illumina HiSeq 2000,FMT_metabolic_syndrome_2016,Metabolic Syndrome,Fecal Microbiota Transplantation,"10 subjects: 5 allogenic FMT recipients, 5 autologous FMT (placebo); Three lean donors, unrelated to recipients; 55 fecal samples total sequenced; Samples collected pre-FMT and 4 times post-FMT; Metabolic syndrome patients; No antibiotics for ≥3 months before treatment; 164 fecal metagenomes analyzed across three study groups; 1105 detected prokaryotic species; 11.8 million variant positions identified; 109 metagenomes from 48 healthy FMT-naïve individuals as control; 42 species tracked at strain level across 5 phyla; Determinant positions ranged 66 to 161,800 per species (median 15,550)"
27126044,No,3,Month,single-nucleotide variants (SNVs); donor-specific SNVs; recipient-specific SNVs; species composition; microbial diversity,percentage (%); mean percentage across species,69.3±21.8% at 2 days post-FMT; 37.6±16.6% at 3 months post-FMT; 50.7±10.1% coexistence in shared species; 39±23% species resistance; 44±14% species coexistence,Netherlands,colon,2009/2010,Metabolic Syndrome,species composition shifts; donor microbiota colonization; strain coexistence patterns; microbial diversity changes,FMT1; FMT2; FMT3; FMT4; FMT5; SELF1; SELF2; SELF3; SELF4; SELF5,Homo sapiens,Amsterdam,ERR1297509,27126044,SAMEA3882525,Illumina HiSeq 2000,FMT_metabolic_syndrome_2016,Metabolic Syndrome,Fecal Microbiota Transplantation,"10 subjects: 5 allogenic FMT recipients, 5 autologous FMT (placebo); Three lean donors, unrelated to recipients; 55 fecal samples total sequenced; Samples collected pre-FMT and 4 times post-FMT; Metabolic syndrome patients; No antibiotics for ≥3 months before treatment; 164 fecal metagenomes analyzed across three study groups; 1105 detected prokaryotic species; 11.8 million variant positions identified; 109 metagenomes from 48 healthy FMT-naïve individuals as control; 42 species tracked at strain level across 5 phyla; Determinant positions ranged 66 to 161,800 per species (median 15,550)"
27126044,No,3,Month,single-nucleotide variants (SNVs); donor-specific SNVs; recipient-specific SNVs; species composition; microbial diversity,percentage (%); mean percentage across species,69.3±21.8% at 2 days post-FMT; 37.6±16.6% at 3 months post-FMT; 50.7±10.1% coexistence in shared species; 39±23% species resistance; 44±14% species coexistence,Netherlands,colon,2009/2010,Metabolic Syndrome,species composition shifts; donor microbiota colonization; strain coexistence patterns; microbial diversity changes,FMT1; FMT2; FMT3; FMT4; FMT5; SELF1; SELF2; SELF3; SELF4; SELF5,Homo sapiens,Amsterdam,ERR1297654,27126044,SAMEA3882544,Illumina HiSeq 2000,FMT_metabolic_syndrome_2016,Metabolic Syndrome,Fecal Microbiota Transplantation,"10 subjects: 5 allogenic FMT recipients, 5 autologous FMT (placebo); Three lean donors, unrelated to recipients; 55 fecal samples total sequenced; Samples collected pre-FMT and 4 times post-FMT; Metabolic syndrome patients; No antibiotics for ≥3 months before treatment; 164 fecal metagenomes analyzed across three study groups; 1105 detected prokaryotic species; 11.8 million variant positions identified; 109 metagenomes from 48 healthy FMT-naïve individuals as control; 42 species tracked at strain level across 5 phyla; Determinant positions ranged 66 to 161,800 per species (median 15,550)"
27126044,No,3,Month,single-nucleotide variants (SNVs); donor-specific SNVs; recipient-specific SNVs; species composition; microbial diversity,percentage (%); mean percentage across species,69.3±21.8% at 2 days post-FMT; 37.6±16.6% at 3 months post-FMT; 50.7±10.1% coexistence in shared species; 39±23% species resistance; 44±14% species coexistence,Netherlands,colon,2009/2010,Metabolic Syndrome,species composition shifts; donor microbiota colonization; strain coexistence patterns; microbial diversity changes,FMT1; FMT2; FMT3; FMT4; FMT5; SELF1; SELF2; SELF3; SELF4; SELF5,Homo sapiens,Amsterdam,ERR1297514,27126044,SAMEA3882532,Illumina HiSeq 2000,FMT_metabolic_syndrome_2016,Metabolic Syndrome,Fecal Microbiota Transplantation,"10 subjects: 5 allogenic FMT recipients, 5 autologous FMT (placebo); Three lean donors, unrelated to recipients; 55 fecal samples total sequenced; Samples collected pre-FMT and 4 times post-FMT; Metabolic syndrome patients; No antibiotics for ≥3 months before treatment; 164 fecal metagenomes analyzed across three study groups; 1105 detected prokaryotic species; 11.8 million variant positions identified; 109 metagenomes from 48 healthy FMT-naïve individuals as control; 42 species tracked at strain level across 5 phyla; Determinant positions ranged 66 to 161,800 per species (median 15,550)"
27126044,No,3,Month,single-nucleotide variants (SNVs); donor-specific SNVs; recipient-specific SNVs; species composition; microbial diversity,percentage (%); mean percentage across species,69.3±21.8% at 2 days post-FMT; 37.6±16.6% at 3 months post-FMT; 50.7±10.1% coexistence in shared species; 39±23% species resistance; 44±14% species coexistence,Netherlands,colon,2009/2010,Metabolic Syndrome,species composition shifts; donor microbiota colonization; strain coexistence patterns; microbial diversity changes,FMT1; FMT2; FMT3; FMT4; FMT5; SELF1; SELF2; SELF3; SELF4; SELF5,Homo sapiens,Amsterdam,ERR1297639,27126044,SAMEA3882548,Illumina HiSeq 2000,FMT_metabolic_syndrome_2016,Metabolic Syndrome,Fecal Microbiota Transplantation,"10 subjects: 5 allogenic FMT recipients, 5 autologous FMT (placebo); Three lean donors, unrelated to recipients; 55 fecal samples total sequenced; Samples collected pre-FMT and 4 times post-FMT; Metabolic syndrome patients; No antibiotics for ≥3 months before treatment; 164 fecal metagenomes analyzed across three study groups; 1105 detected prokaryotic species; 11.8 million variant positions identified; 109 metagenomes from 48 healthy FMT-naïve individuals as control; 42 species tracked at strain level across 5 phyla; Determinant positions ranged 66 to 161,800 per species (median 15,550)"
27126044,No,3,Month,single-nucleotide variants (SNVs); donor-specific SNVs; recipient-specific SNVs; species composition; microbial diversity,percentage (%); mean percentage across species,69.3±21.8% at 2 days post-FMT; 37.6±16.6% at 3 months post-FMT; 50.7±10.1% coexistence in shared species; 39±23% species resistance; 44±14% species coexistence,Netherlands,colon,2009/2010,Metabolic Syndrome,species composition shifts; donor microbiota colonization; strain coexistence patterns; microbial diversity changes,FMT1; FMT2; FMT3; FMT4; FMT5; SELF1; SELF2; SELF3; SELF4; SELF5,Homo sapiens,Amsterdam,ERR1297655,27126044,SAMEA3882540,Illumina HiSeq 2000,FMT_metabolic_syndrome_2016,Metabolic Syndrome,Fecal Microbiota Transplantation,"10 subjects: 5 allogenic FMT recipients, 5 autologous FMT (placebo); Three lean donors, unrelated to recipients; 55 fecal samples total sequenced; Samples collected pre-FMT and 4 times post-FMT; Metabolic syndrome patients; No antibiotics for ≥3 months before treatment; 164 fecal metagenomes analyzed across three study groups; 1105 detected prokaryotic species; 11.8 million variant positions identified; 109 metagenomes from 48 healthy FMT-naïve individuals as control; 42 species tracked at strain level across 5 phyla; Determinant positions ranged 66 to 161,800 per species (median 15,550)"
27126044,No,3,Month,single-nucleotide variants (SNVs); donor-specific SNVs; recipient-specific SNVs; species composition; microbial diversity,percentage (%); mean percentage across species,69.3±21.8% at 2 days post-FMT; 37.6±16.6% at 3 months post-FMT; 50.7±10.1% coexistence in shared species; 39±23% species resistance; 44±14% species coexistence,Netherlands,colon,2009/2010,Metabolic Syndrome,species composition shifts; donor microbiota colonization; strain coexistence patterns; microbial diversity changes,FMT1; FMT2; FMT3; FMT4; FMT5; SELF1; SELF2; SELF3; SELF4; SELF5,Homo sapiens,Amsterdam,ERR1297515,27126044,SAMEA3882538,Illumina HiSeq 2000,FMT_metabolic_syndrome_2016,Metabolic Syndrome,Fecal Microbiota Transplantation,"10 subjects: 5 allogenic FMT recipients, 5 autologous FMT (placebo); Three lean donors, unrelated to recipients; 55 fecal samples total sequenced; Samples collected pre-FMT and 4 times post-FMT; Metabolic syndrome patients; No antibiotics for ≥3 months before treatment; 164 fecal metagenomes analyzed across three study groups; 1105 detected prokaryotic species; 11.8 million variant positions identified; 109 metagenomes from 48 healthy FMT-naïve individuals as control; 42 species tracked at strain level across 5 phyla; Determinant positions ranged 66 to 161,800 per species (median 15,550)"
27126044,No,3,Month,single-nucleotide variants (SNVs); donor-specific SNVs; recipient-specific SNVs; species composition; microbial diversity,percentage (%); mean percentage across species,69.3±21.8% at 2 days post-FMT; 37.6±16.6% at 3 months post-FMT; 50.7±10.1% coexistence in shared species; 39±23% species resistance; 44±14% species coexistence,Netherlands,colon,2009/2010,Metabolic Syndrome,species composition shifts; donor microbiota colonization; strain coexistence patterns; microbial diversity changes,FMT1; FMT2; FMT3; FMT4; FMT5; SELF1; SELF2; SELF3; SELF4; SELF5,Homo sapiens,Amsterdam,ERR1297641,27126044,SAMEA3882535,Illumina HiSeq 2000,FMT_metabolic_syndrome_2016,Metabolic Syndrome,Fecal Microbiota Transplantation,"10 subjects: 5 allogenic FMT recipients, 5 autologous FMT (placebo); Three lean donors, unrelated to recipients; 55 fecal samples total sequenced; Samples collected pre-FMT and 4 times post-FMT; Metabolic syndrome patients; No antibiotics for ≥3 months before treatment; 164 fecal metagenomes analyzed across three study groups; 1105 detected prokaryotic species; 11.8 million variant positions identified; 109 metagenomes from 48 healthy FMT-naïve individuals as control; 42 species tracked at strain level across 5 phyla; Determinant positions ranged 66 to 161,800 per species (median 15,550)"
27126044,No,3,Month,single-nucleotide variants (SNVs); donor-specific SNVs; recipient-specific SNVs; species composition; microbial diversity,percentage (%); mean percentage across species,69.3±21.8% at 2 days post-FMT; 37.6±16.6% at 3 months post-FMT; 50.7±10.1% coexistence in shared species; 39±23% species resistance; 44±14% species coexistence,Netherlands,colon,2009/2010,Metabolic Syndrome,species composition shifts; donor microbiota colonization; strain coexistence patterns; microbial diversity changes,FMT1; FMT2; FMT3; FMT4; FMT5; SELF1; SELF2; SELF3; SELF4; SELF5,Homo sapiens,Amsterdam,ERR1297518,27126044,SAMEA3882549,Illumina HiSeq 2000,FMT_metabolic_syndrome_2016,Metabolic Syndrome,Fecal Microbiota Transplantation,"10 subjects: 5 allogenic FMT recipients, 5 autologous FMT (placebo); Three lean donors, unrelated to recipients; 55 fecal samples total sequenced; Samples collected pre-FMT and 4 times post-FMT; Metabolic syndrome patients; No antibiotics for ≥3 months before treatment; 164 fecal metagenomes analyzed across three study groups; 1105 detected prokaryotic species; 11.8 million variant positions identified; 109 metagenomes from 48 healthy FMT-naïve individuals as control; 42 species tracked at strain level across 5 phyla; Determinant positions ranged 66 to 161,800 per species (median 15,550)"
27126044,No,3,Month,single-nucleotide variants (SNVs); donor-specific SNVs; recipient-specific SNVs; species composition; microbial diversity,percentage (%); mean percentage across species,69.3±21.8% at 2 days post-FMT; 37.6±16.6% at 3 months post-FMT; 50.7±10.1% coexistence in shared species; 39±23% species resistance; 44±14% species coexistence,Netherlands,colon,2009/2010,Metabolic Syndrome,species composition shifts; donor microbiota colonization; strain coexistence patterns; microbial diversity changes,FMT1; FMT2; FMT3; FMT4; FMT5; SELF1; SELF2; SELF3; SELF4; SELF5,Homo sapiens,Amsterdam,ERR1297656,27126044,SAMEA3882523,Illumina HiSeq 2000,FMT_metabolic_syndrome_2016,Metabolic Syndrome,Fecal Microbiota Transplantation,"10 subjects: 5 allogenic FMT recipients, 5 autologous FMT (placebo); Three lean donors, unrelated to recipients; 55 fecal samples total sequenced; Samples collected pre-FMT and 4 times post-FMT; Metabolic syndrome patients; No antibiotics for ≥3 months before treatment; 164 fecal metagenomes analyzed across three study groups; 1105 detected prokaryotic species; 11.8 million variant positions identified; 109 metagenomes from 48 healthy FMT-naïve individuals as control; 42 species tracked at strain level across 5 phyla; Determinant positions ranged 66 to 161,800 per species (median 15,550)"
27126044,No,3,Month,single-nucleotide variants (SNVs); donor-specific SNVs; recipient-specific SNVs; species composition; microbial diversity,percentage (%); mean percentage across species,69.3±21.8% at 2 days post-FMT; 37.6±16.6% at 3 months post-FMT; 50.7±10.1% coexistence in shared species; 39±23% species resistance; 44±14% species coexistence,Netherlands,colon,2009/2010,Metabolic Syndrome,species composition shifts; donor microbiota colonization; strain coexistence patterns; microbial diversity changes,FMT1; FMT2; FMT3; FMT4; FMT5; SELF1; SELF2; SELF3; SELF4; SELF5,Homo sapiens,Amsterdam,ERR1297522,27126044,SAMEA3882545,Illumina HiSeq 2000,FMT_metabolic_syndrome_2016,Metabolic Syndrome,Fecal Microbiota Transplantation,"10 subjects: 5 allogenic FMT recipients, 5 autologous FMT (placebo); Three lean donors, unrelated to recipients; 55 fecal samples total sequenced; Samples collected pre-FMT and 4 times post-FMT; Metabolic syndrome patients; No antibiotics for ≥3 months before treatment; 164 fecal metagenomes analyzed across three study groups; 1105 detected prokaryotic species; 11.8 million variant positions identified; 109 metagenomes from 48 healthy FMT-naïve individuals as control; 42 species tracked at strain level across 5 phyla; Determinant positions ranged 66 to 161,800 per species (median 15,550)"
27126044,No,3,Month,single-nucleotide variants (SNVs); donor-specific SNVs; recipient-specific SNVs; species composition; microbial diversity,percentage (%); mean percentage across species,69.3±21.8% at 2 days post-FMT; 37.6±16.6% at 3 months post-FMT; 50.7±10.1% coexistence in shared species; 39±23% species resistance; 44±14% species coexistence,Netherlands,colon,2009/2010,Metabolic Syndrome,species composition shifts; donor microbiota colonization; strain coexistence patterns; microbial diversity changes,FMT1; FMT2; FMT3; FMT4; FMT5; SELF1; SELF2; SELF3; SELF4; SELF5,Homo sapiens,Amsterdam,ERR1297642,27126044,SAMEA3882551,Illumina HiSeq 2000,FMT_metabolic_syndrome_2016,Metabolic Syndrome,Fecal Microbiota Transplantation,"10 subjects: 5 allogenic FMT recipients, 5 autologous FMT (placebo); Three lean donors, unrelated to recipients; 55 fecal samples total sequenced; Samples collected pre-FMT and 4 times post-FMT; Metabolic syndrome patients; No antibiotics for ≥3 months before treatment; 164 fecal metagenomes analyzed across three study groups; 1105 detected prokaryotic species; 11.8 million variant positions identified; 109 metagenomes from 48 healthy FMT-naïve individuals as control; 42 species tracked at strain level across 5 phyla; Determinant positions ranged 66 to 161,800 per species (median 15,550)"
27126044,No,3,Month,single-nucleotide variants (SNVs); donor-specific SNVs; recipient-specific SNVs; species composition; microbial diversity,percentage (%); mean percentage across species,69.3±21.8% at 2 days post-FMT; 37.6±16.6% at 3 months post-FMT; 50.7±10.1% coexistence in shared species; 39±23% species resistance; 44±14% species coexistence,Netherlands,colon,2009/2010,Metabolic Syndrome,species composition shifts; donor microbiota colonization; strain coexistence patterns; microbial diversity changes,FMT1; FMT2; FMT3; FMT4; FMT5; SELF1; SELF2; SELF3; SELF4; SELF5,Homo sapiens,Amsterdam,ERR1297660,27126044,SAMEA3882536,Illumina HiSeq 2000,FMT_metabolic_syndrome_2016,Metabolic Syndrome,Fecal Microbiota Transplantation,"10 subjects: 5 allogenic FMT recipients, 5 autologous FMT (placebo); Three lean donors, unrelated to recipients; 55 fecal samples total sequenced; Samples collected pre-FMT and 4 times post-FMT; Metabolic syndrome patients; No antibiotics for ≥3 months before treatment; 164 fecal metagenomes analyzed across three study groups; 1105 detected prokaryotic species; 11.8 million variant positions identified; 109 metagenomes from 48 healthy FMT-naïve individuals as control; 42 species tracked at strain level across 5 phyla; Determinant positions ranged 66 to 161,800 per species (median 15,550)"
27126044,No,3,Month,single-nucleotide variants (SNVs); donor-specific SNVs; recipient-specific SNVs; species composition; microbial diversity,percentage (%); mean percentage across species,69.3±21.8% at 2 days post-FMT; 37.6±16.6% at 3 months post-FMT; 50.7±10.1% coexistence in shared species; 39±23% species resistance; 44±14% species coexistence,Netherlands,colon,2009/2010,Metabolic Syndrome,species composition shifts; donor microbiota colonization; strain coexistence patterns; microbial diversity changes,FMT1; FMT2; FMT3; FMT4; FMT5; SELF1; SELF2; SELF3; SELF4; SELF5,Homo sapiens,Amsterdam,ERR1297523,27126044,SAMEA3882518,Illumina HiSeq 2000,FMT_metabolic_syndrome_2016,Metabolic Syndrome,Fecal Microbiota Transplantation,"10 subjects: 5 allogenic FMT recipients, 5 autologous FMT (placebo); Three lean donors, unrelated to recipients; 55 fecal samples total sequenced; Samples collected pre-FMT and 4 times post-FMT; Metabolic syndrome patients; No antibiotics for ≥3 months before treatment; 164 fecal metagenomes analyzed across three study groups; 1105 detected prokaryotic species; 11.8 million variant positions identified; 109 metagenomes from 48 healthy FMT-naïve individuals as control; 42 species tracked at strain level across 5 phyla; Determinant positions ranged 66 to 161,800 per species (median 15,550)"
27126044,No,3,Month,single-nucleotide variants (SNVs); donor-specific SNVs; recipient-specific SNVs; species composition; microbial diversity,percentage (%); mean percentage across species,69.3±21.8% at 2 days post-FMT; 37.6±16.6% at 3 months post-FMT; 50.7±10.1% coexistence in shared species; 39±23% species resistance; 44±14% species coexistence,Netherlands,colon,2009/2010,Metabolic Syndrome,species composition shifts; donor microbiota colonization; strain coexistence patterns; microbial diversity changes,FMT1; FMT2; FMT3; FMT4; FMT5; SELF1; SELF2; SELF3; SELF4; SELF5,Homo sapiens,Amsterdam,ERR1297662,27126044,SAMEA3882508,Illumina HiSeq 2000,FMT_metabolic_syndrome_2016,Metabolic Syndrome,Fecal Microbiota Transplantation,"10 subjects: 5 allogenic FMT recipients, 5 autologous FMT (placebo); Three lean donors, unrelated to recipients; 55 fecal samples total sequenced; Samples collected pre-FMT and 4 times post-FMT; Metabolic syndrome patients; No antibiotics for ≥3 months before treatment; 164 fecal metagenomes analyzed across three study groups; 1105 detected prokaryotic species; 11.8 million variant positions identified; 109 metagenomes from 48 healthy FMT-naïve individuals as control; 42 species tracked at strain level across 5 phyla; Determinant positions ranged 66 to 161,800 per species (median 15,550)"
27126044,No,3,Month,single-nucleotide variants (SNVs); donor-specific SNVs; recipient-specific SNVs; species composition; microbial diversity,percentage (%); mean percentage across species,69.3±21.8% at 2 days post-FMT; 37.6±16.6% at 3 months post-FMT; 50.7±10.1% coexistence in shared species; 39±23% species resistance; 44±14% species coexistence,Netherlands,colon,2009/2010,Metabolic Syndrome,species composition shifts; donor microbiota colonization; strain coexistence patterns; microbial diversity changes,FMT1; FMT2; FMT3; FMT4; FMT5; SELF1; SELF2; SELF3; SELF4; SELF5,Homo sapiens,Amsterdam,ERR1297643,27126044,SAMEA3882552,Illumina HiSeq 2000,FMT_metabolic_syndrome_2016,Metabolic Syndrome,Fecal Microbiota Transplantation,"10 subjects: 5 allogenic FMT recipients, 5 autologous FMT (placebo); Three lean donors, unrelated to recipients; 55 fecal samples total sequenced; Samples collected pre-FMT and 4 times post-FMT; Metabolic syndrome patients; No antibiotics for ≥3 months before treatment; 164 fecal metagenomes analyzed across three study groups; 1105 detected prokaryotic species; 11.8 million variant positions identified; 109 metagenomes from 48 healthy FMT-naïve individuals as control; 42 species tracked at strain level across 5 phyla; Determinant positions ranged 66 to 161,800 per species (median 15,550)"
27126044,No,3,Month,single-nucleotide variants (SNVs); donor-specific SNVs; recipient-specific SNVs; species composition; microbial diversity,percentage (%); mean percentage across species,69.3±21.8% at 2 days post-FMT; 37.6±16.6% at 3 months post-FMT; 50.7±10.1% coexistence in shared species; 39±23% species resistance; 44±14% species coexistence,Netherlands,colon,2009/2010,Metabolic Syndrome,species composition shifts; donor microbiota colonization; strain coexistence patterns; microbial diversity changes,FMT1; FMT2; FMT3; FMT4; FMT5; SELF1; SELF2; SELF3; SELF4; SELF5,Homo sapiens,Amsterdam,ERR1297526,27126044,SAMEA3882513,Illumina HiSeq 2000,FMT_metabolic_syndrome_2016,Metabolic Syndrome,Fecal Microbiota Transplantation,"10 subjects: 5 allogenic FMT recipients, 5 autologous FMT (placebo); Three lean donors, unrelated to recipients; 55 fecal samples total sequenced; Samples collected pre-FMT and 4 times post-FMT; Metabolic syndrome patients; No antibiotics for ≥3 months before treatment; 164 fecal metagenomes analyzed across three study groups; 1105 detected prokaryotic species; 11.8 million variant positions identified; 109 metagenomes from 48 healthy FMT-naïve individuals as control; 42 species tracked at strain level across 5 phyla; Determinant positions ranged 66 to 161,800 per species (median 15,550)"
27126044,No,3,Month,single-nucleotide variants (SNVs); donor-specific SNVs; recipient-specific SNVs; species composition; microbial diversity,percentage (%); mean percentage across species,69.3±21.8% at 2 days post-FMT; 37.6±16.6% at 3 months post-FMT; 50.7±10.1% coexistence in shared species; 39±23% species resistance; 44±14% species coexistence,Netherlands,colon,2009/2010,Metabolic Syndrome,species composition shifts; donor microbiota colonization; strain coexistence patterns; microbial diversity changes,FMT1; FMT2; FMT3; FMT4; FMT5; SELF1; SELF2; SELF3; SELF4; SELF5,Homo sapiens,Amsterdam,ERR1297672,27126044,SAMEA3882518,Illumina HiSeq 2000,FMT_metabolic_syndrome_2016,Metabolic Syndrome,Fecal Microbiota Transplantation,"10 subjects: 5 allogenic FMT recipients, 5 autologous FMT (placebo); Three lean donors, unrelated to recipients; 55 fecal samples total sequenced; Samples collected pre-FMT and 4 times post-FMT; Metabolic syndrome patients; No antibiotics for ≥3 months before treatment; 164 fecal metagenomes analyzed across three study groups; 1105 detected prokaryotic species; 11.8 million variant positions identified; 109 metagenomes from 48 healthy FMT-naïve individuals as control; 42 species tracked at strain level across 5 phyla; Determinant positions ranged 66 to 161,800 per species (median 15,550)"
27126044,No,3,Month,single-nucleotide variants (SNVs); donor-specific SNVs; recipient-specific SNVs; species composition; microbial diversity,percentage (%); mean percentage across species,69.3±21.8% at 2 days post-FMT; 37.6±16.6% at 3 months post-FMT; 50.7±10.1% coexistence in shared species; 39±23% species resistance; 44±14% species coexistence,Netherlands,colon,2009/2010,Metabolic Syndrome,species composition shifts; donor microbiota colonization; strain coexistence patterns; microbial diversity changes,FMT1; FMT2; FMT3; FMT4; FMT5; SELF1; SELF2; SELF3; SELF4; SELF5,Homo sapiens,Amsterdam,ERR1297527,27126044,SAMEA3882555,Illumina HiSeq 2000,FMT_metabolic_syndrome_2016,Metabolic Syndrome,Fecal Microbiota Transplantation,"10 subjects: 5 allogenic FMT recipients, 5 autologous FMT (placebo); Three lean donors, unrelated to recipients; 55 fecal samples total sequenced; Samples collected pre-FMT and 4 times post-FMT; Metabolic syndrome patients; No antibiotics for ≥3 months before treatment; 164 fecal metagenomes analyzed across three study groups; 1105 detected prokaryotic species; 11.8 million variant positions identified; 109 metagenomes from 48 healthy FMT-naïve individuals as control; 42 species tracked at strain level across 5 phyla; Determinant positions ranged 66 to 161,800 per species (median 15,550)"
27126044,No,3,Month,single-nucleotide variants (SNVs); donor-specific SNVs; recipient-specific SNVs; species composition; microbial diversity,percentage (%); mean percentage across species,69.3±21.8% at 2 days post-FMT; 37.6±16.6% at 3 months post-FMT; 50.7±10.1% coexistence in shared species; 39±23% species resistance; 44±14% species coexistence,Netherlands,colon,2009/2010,Metabolic Syndrome,species composition shifts; donor microbiota colonization; strain coexistence patterns; microbial diversity changes,FMT1; FMT2; FMT3; FMT4; FMT5; SELF1; SELF2; SELF3; SELF4; SELF5,Homo sapiens,Amsterdam,ERR1297681,27126044,SAMEA3882508,Illumina HiSeq 2000,FMT_metabolic_syndrome_2016,Metabolic Syndrome,Fecal Microbiota Transplantation,"10 subjects: 5 allogenic FMT recipients, 5 autologous FMT (placebo); Three lean donors, unrelated to recipients; 55 fecal samples total sequenced; Samples collected pre-FMT and 4 times post-FMT; Metabolic syndrome patients; No antibiotics for ≥3 months before treatment; 164 fecal metagenomes analyzed across three study groups; 1105 detected prokaryotic species; 11.8 million variant positions identified; 109 metagenomes from 48 healthy FMT-naïve individuals as control; 42 species tracked at strain level across 5 phyla; Determinant positions ranged 66 to 161,800 per species (median 15,550)"
27126044,No,3,Month,single-nucleotide variants (SNVs); donor-specific SNVs; recipient-specific SNVs; species composition; microbial diversity,percentage (%); mean percentage across species,69.3±21.8% at 2 days post-FMT; 37.6±16.6% at 3 months post-FMT; 50.7±10.1% coexistence in shared species; 39±23% species resistance; 44±14% species coexistence,Netherlands,colon,2009/2010,Metabolic Syndrome,species composition shifts; donor microbiota colonization; strain coexistence patterns; microbial diversity changes,FMT1; FMT2; FMT3; FMT4; FMT5; SELF1; SELF2; SELF3; SELF4; SELF5,Homo sapiens,Amsterdam,ERR1297644,27126044,SAMEA3882504,Illumina HiSeq 2000,FMT_metabolic_syndrome_2016,Metabolic Syndrome,Fecal Microbiota Transplantation,"10 subjects: 5 allogenic FMT recipients, 5 autologous FMT (placebo); Three lean donors, unrelated to recipients; 55 fecal samples total sequenced; Samples collected pre-FMT and 4 times post-FMT; Metabolic syndrome patients; No antibiotics for ≥3 months before treatment; 164 fecal metagenomes analyzed across three study groups; 1105 detected prokaryotic species; 11.8 million variant positions identified; 109 metagenomes from 48 healthy FMT-naïve individuals as control; 42 species tracked at strain level across 5 phyla; Determinant positions ranged 66 to 161,800 per species (median 15,550)"
27126044,No,3,Month,single-nucleotide variants (SNVs); donor-specific SNVs; recipient-specific SNVs; species composition; microbial diversity,percentage (%); mean percentage across species,69.3±21.8% at 2 days post-FMT; 37.6±16.6% at 3 months post-FMT; 50.7±10.1% coexistence in shared species; 39±23% species resistance; 44±14% species coexistence,Netherlands,colon,2009/2010,Metabolic Syndrome,species composition shifts; donor microbiota colonization; strain coexistence patterns; microbial diversity changes,FMT1; FMT2; FMT3; FMT4; FMT5; SELF1; SELF2; SELF3; SELF4; SELF5,Homo sapiens,Amsterdam,ERR1297529,27126044,SAMEA3882548,Illumina HiSeq 2000,FMT_metabolic_syndrome_2016,Metabolic Syndrome,Fecal Microbiota Transplantation,"10 subjects: 5 allogenic FMT recipients, 5 autologous FMT (placebo); Three lean donors, unrelated to recipients; 55 fecal samples total sequenced; Samples collected pre-FMT and 4 times post-FMT; Metabolic syndrome patients; No antibiotics for ≥3 months before treatment; 164 fecal metagenomes analyzed across three study groups; 1105 detected prokaryotic species; 11.8 million variant positions identified; 109 metagenomes from 48 healthy FMT-naïve individuals as control; 42 species tracked at strain level across 5 phyla; Determinant positions ranged 66 to 161,800 per species (median 15,550)"
27126044,No,3,Month,single-nucleotide variants (SNVs); donor-specific SNVs; recipient-specific SNVs; species composition; microbial diversity,percentage (%); mean percentage across species,69.3±21.8% at 2 days post-FMT; 37.6±16.6% at 3 months post-FMT; 50.7±10.1% coexistence in shared species; 39±23% species resistance; 44±14% species coexistence,Netherlands,colon,2009/2010,Metabolic Syndrome,species composition shifts; donor microbiota colonization; strain coexistence patterns; microbial diversity changes,FMT1; FMT2; FMT3; FMT4; FMT5; SELF1; SELF2; SELF3; SELF4; SELF5,Homo sapiens,Amsterdam,ERR1297683,27126044,SAMEA3882529,Illumina HiSeq 2000,FMT_metabolic_syndrome_2016,Metabolic Syndrome,Fecal Microbiota Transplantation,"10 subjects: 5 allogenic FMT recipients, 5 autologous FMT (placebo); Three lean donors, unrelated to recipients; 55 fecal samples total sequenced; Samples collected pre-FMT and 4 times post-FMT; Metabolic syndrome patients; No antibiotics for ≥3 months before treatment; 164 fecal metagenomes analyzed across three study groups; 1105 detected prokaryotic species; 11.8 million variant positions identified; 109 metagenomes from 48 healthy FMT-naïve individuals as control; 42 species tracked at strain level across 5 phyla; Determinant positions ranged 66 to 161,800 per species (median 15,550)"
27126044,No,3,Month,single-nucleotide variants (SNVs); donor-specific SNVs; recipient-specific SNVs; species composition; microbial diversity,percentage (%); mean percentage across species,69.3±21.8% at 2 days post-FMT; 37.6±16.6% at 3 months post-FMT; 50.7±10.1% coexistence in shared species; 39±23% species resistance; 44±14% species coexistence,Netherlands,colon,2009/2010,Metabolic Syndrome,species composition shifts; donor microbiota colonization; strain coexistence patterns; microbial diversity changes,FMT1; FMT2; FMT3; FMT4; FMT5; SELF1; SELF2; SELF3; SELF4; SELF5,Homo sapiens,Amsterdam,ERR1297530,27126044,SAMEA3882532,Illumina HiSeq 2000,FMT_metabolic_syndrome_2016,Metabolic Syndrome,Fecal Microbiota Transplantation,"10 subjects: 5 allogenic FMT recipients, 5 autologous FMT (placebo); Three lean donors, unrelated to recipients; 55 fecal samples total sequenced; Samples collected pre-FMT and 4 times post-FMT; Metabolic syndrome patients; No antibiotics for ≥3 months before treatment; 164 fecal metagenomes analyzed across three study groups; 1105 detected prokaryotic species; 11.8 million variant positions identified; 109 metagenomes from 48 healthy FMT-naïve individuals as control; 42 species tracked at strain level across 5 phyla; Determinant positions ranged 66 to 161,800 per species (median 15,550)"
27126044,No,3,Month,single-nucleotide variants (SNVs); donor-specific SNVs; recipient-specific SNVs; species composition; microbial diversity,percentage (%); mean percentage across species,69.3±21.8% at 2 days post-FMT; 37.6±16.6% at 3 months post-FMT; 50.7±10.1% coexistence in shared species; 39±23% species resistance; 44±14% species coexistence,Netherlands,colon,2009/2010,Metabolic Syndrome,species composition shifts; donor microbiota colonization; strain coexistence patterns; microbial diversity changes,FMT1; FMT2; FMT3; FMT4; FMT5; SELF1; SELF2; SELF3; SELF4; SELF5,Homo sapiens,Amsterdam,ERR1297646,27126044,SAMEA3882533,Illumina HiSeq 2000,FMT_metabolic_syndrome_2016,Metabolic Syndrome,Fecal Microbiota Transplantation,"10 subjects: 5 allogenic FMT recipients, 5 autologous FMT (placebo); Three lean donors, unrelated to recipients; 55 fecal samples total sequenced; Samples collected pre-FMT and 4 times post-FMT; Metabolic syndrome patients; No antibiotics for ≥3 months before treatment; 164 fecal metagenomes analyzed across three study groups; 1105 detected prokaryotic species; 11.8 million variant positions identified; 109 metagenomes from 48 healthy FMT-naïve individuals as control; 42 species tracked at strain level across 5 phyla; Determinant positions ranged 66 to 161,800 per species (median 15,550)"
27126044,No,3,Month,single-nucleotide variants (SNVs); donor-specific SNVs; recipient-specific SNVs; species composition; microbial diversity,percentage (%); mean percentage across species,69.3±21.8% at 2 days post-FMT; 37.6±16.6% at 3 months post-FMT; 50.7±10.1% coexistence in shared species; 39±23% species resistance; 44±14% species coexistence,Netherlands,colon,2009/2010,Metabolic Syndrome,species composition shifts; donor microbiota colonization; strain coexistence patterns; microbial diversity changes,FMT1; FMT2; FMT3; FMT4; FMT5; SELF1; SELF2; SELF3; SELF4; SELF5,Homo sapiens,Amsterdam,ERR1297687,27126044,SAMEA3882546,Illumina HiSeq 2000,FMT_metabolic_syndrome_2016,Metabolic Syndrome,Fecal Microbiota Transplantation,"10 subjects: 5 allogenic FMT recipients, 5 autologous FMT (placebo); Three lean donors, unrelated to recipients; 55 fecal samples total sequenced; Samples collected pre-FMT and 4 times post-FMT; Metabolic syndrome patients; No antibiotics for ≥3 months before treatment; 164 fecal metagenomes analyzed across three study groups; 1105 detected prokaryotic species; 11.8 million variant positions identified; 109 metagenomes from 48 healthy FMT-naïve individuals as control; 42 species tracked at strain level across 5 phyla; Determinant positions ranged 66 to 161,800 per species (median 15,550)"
27126044,No,3,Month,single-nucleotide variants (SNVs); donor-specific SNVs; recipient-specific SNVs; species composition; microbial diversity,percentage (%); mean percentage across species,69.3±21.8% at 2 days post-FMT; 37.6±16.6% at 3 months post-FMT; 50.7±10.1% coexistence in shared species; 39±23% species resistance; 44±14% species coexistence,Netherlands,colon,2009/2010,Metabolic Syndrome,species composition shifts; donor microbiota colonization; strain coexistence patterns; microbial diversity changes,FMT1; FMT2; FMT3; FMT4; FMT5; SELF1; SELF2; SELF3; SELF4; SELF5,Homo sapiens,Amsterdam,ERR1297532,27126044,SAMEA3882537,Illumina HiSeq 2000,FMT_metabolic_syndrome_2016,Metabolic Syndrome,Fecal Microbiota Transplantation,"10 subjects: 5 allogenic FMT recipients, 5 autologous FMT (placebo); Three lean donors, unrelated to recipients; 55 fecal samples total sequenced; Samples collected pre-FMT and 4 times post-FMT; Metabolic syndrome patients; No antibiotics for ≥3 months before treatment; 164 fecal metagenomes analyzed across three study groups; 1105 detected prokaryotic species; 11.8 million variant positions identified; 109 metagenomes from 48 healthy FMT-naïve individuals as control; 42 species tracked at strain level across 5 phyla; Determinant positions ranged 66 to 161,800 per species (median 15,550)"
27126044,No,3,Month,single-nucleotide variants (SNVs); donor-specific SNVs; recipient-specific SNVs; species composition; microbial diversity,percentage (%); mean percentage across species,69.3±21.8% at 2 days post-FMT; 37.6±16.6% at 3 months post-FMT; 50.7±10.1% coexistence in shared species; 39±23% species resistance; 44±14% species coexistence,Netherlands,colon,2009/2010,Metabolic Syndrome,species composition shifts; donor microbiota colonization; strain coexistence patterns; microbial diversity changes,FMT1; FMT2; FMT3; FMT4; FMT5; SELF1; SELF2; SELF3; SELF4; SELF5,Homo sapiens,Amsterdam,ERR1297688,27126044,SAMEA3882522,Illumina HiSeq 2000,FMT_metabolic_syndrome_2016,Metabolic Syndrome,Fecal Microbiota Transplantation,"10 subjects: 5 allogenic FMT recipients, 5 autologous FMT (placebo); Three lean donors, unrelated to recipients; 55 fecal samples total sequenced; Samples collected pre-FMT and 4 times post-FMT; Metabolic syndrome patients; No antibiotics for ≥3 months before treatment; 164 fecal metagenomes analyzed across three study groups; 1105 detected prokaryotic species; 11.8 million variant positions identified; 109 metagenomes from 48 healthy FMT-naïve individuals as control; 42 species tracked at strain level across 5 phyla; Determinant positions ranged 66 to 161,800 per species (median 15,550)"
27126044,No,3,Month,single-nucleotide variants (SNVs); donor-specific SNVs; recipient-specific SNVs; species composition; microbial diversity,percentage (%); mean percentage across species,69.3±21.8% at 2 days post-FMT; 37.6±16.6% at 3 months post-FMT; 50.7±10.1% coexistence in shared species; 39±23% species resistance; 44±14% species coexistence,Netherlands,colon,2009/2010,Metabolic Syndrome,species composition shifts; donor microbiota colonization; strain coexistence patterns; microbial diversity changes,FMT1; FMT2; FMT3; FMT4; FMT5; SELF1; SELF2; SELF3; SELF4; SELF5,Homo sapiens,Amsterdam,ERR1297647,27126044,SAMEA3882556,Illumina HiSeq 2000,FMT_metabolic_syndrome_2016,Metabolic Syndrome,Fecal Microbiota Transplantation,"10 subjects: 5 allogenic FMT recipients, 5 autologous FMT (placebo); Three lean donors, unrelated to recipients; 55 fecal samples total sequenced; Samples collected pre-FMT and 4 times post-FMT; Metabolic syndrome patients; No antibiotics for ≥3 months before treatment; 164 fecal metagenomes analyzed across three study groups; 1105 detected prokaryotic species; 11.8 million variant positions identified; 109 metagenomes from 48 healthy FMT-naïve individuals as control; 42 species tracked at strain level across 5 phyla; Determinant positions ranged 66 to 161,800 per species (median 15,550)"
27126044,No,3,Month,single-nucleotide variants (SNVs); donor-specific SNVs; recipient-specific SNVs; species composition; microbial diversity,percentage (%); mean percentage across species,69.3±21.8% at 2 days post-FMT; 37.6±16.6% at 3 months post-FMT; 50.7±10.1% coexistence in shared species; 39±23% species resistance; 44±14% species coexistence,Netherlands,colon,2009/2010,Metabolic Syndrome,species composition shifts; donor microbiota colonization; strain coexistence patterns; microbial diversity changes,FMT1; FMT2; FMT3; FMT4; FMT5; SELF1; SELF2; SELF3; SELF4; SELF5,Homo sapiens,Amsterdam,ERR1297536,27126044,SAMEA3882552,Illumina HiSeq 2000,FMT_metabolic_syndrome_2016,Metabolic Syndrome,Fecal Microbiota Transplantation,"10 subjects: 5 allogenic FMT recipients, 5 autologous FMT (placebo); Three lean donors, unrelated to recipients; 55 fecal samples total sequenced; Samples collected pre-FMT and 4 times post-FMT; Metabolic syndrome patients; No antibiotics for ≥3 months before treatment; 164 fecal metagenomes analyzed across three study groups; 1105 detected prokaryotic species; 11.8 million variant positions identified; 109 metagenomes from 48 healthy FMT-naïve individuals as control; 42 species tracked at strain level across 5 phyla; Determinant positions ranged 66 to 161,800 per species (median 15,550)"
27126044,No,3,Month,single-nucleotide variants (SNVs); donor-specific SNVs; recipient-specific SNVs; species composition; microbial diversity,percentage (%); mean percentage across species,69.3±21.8% at 2 days post-FMT; 37.6±16.6% at 3 months post-FMT; 50.7±10.1% coexistence in shared species; 39±23% species resistance; 44±14% species coexistence,Netherlands,colon,2009/2010,Metabolic Syndrome,species composition shifts; donor microbiota colonization; strain coexistence patterns; microbial diversity changes,FMT1; FMT2; FMT3; FMT4; FMT5; SELF1; SELF2; SELF3; SELF4; SELF5,Homo sapiens,Amsterdam,ERR1297693,27126044,SAMEA3882538,Illumina HiSeq 2000,FMT_metabolic_syndrome_2016,Metabolic Syndrome,Fecal Microbiota Transplantation,"10 subjects: 5 allogenic FMT recipients, 5 autologous FMT (placebo); Three lean donors, unrelated to recipients; 55 fecal samples total sequenced; Samples collected pre-FMT and 4 times post-FMT; Metabolic syndrome patients; No antibiotics for ≥3 months before treatment; 164 fecal metagenomes analyzed across three study groups; 1105 detected prokaryotic species; 11.8 million variant positions identified; 109 metagenomes from 48 healthy FMT-naïve individuals as control; 42 species tracked at strain level across 5 phyla; Determinant positions ranged 66 to 161,800 per species (median 15,550)"
27126044,No,3,Month,single-nucleotide variants (SNVs); donor-specific SNVs; recipient-specific SNVs; species composition; microbial diversity,percentage (%); mean percentage across species,69.3±21.8% at 2 days post-FMT; 37.6±16.6% at 3 months post-FMT; 50.7±10.1% coexistence in shared species; 39±23% species resistance; 44±14% species coexistence,Netherlands,colon,2009/2010,Metabolic Syndrome,species composition shifts; donor microbiota colonization; strain coexistence patterns; microbial diversity changes,FMT1; FMT2; FMT3; FMT4; FMT5; SELF1; SELF2; SELF3; SELF4; SELF5,Homo sapiens,Amsterdam,ERR1297701,27126044,SAMEA3882527,Illumina HiSeq 2000,FMT_metabolic_syndrome_2016,Metabolic Syndrome,Fecal Microbiota Transplantation,"10 subjects: 5 allogenic FMT recipients, 5 autologous FMT (placebo); Three lean donors, unrelated to recipients; 55 fecal samples total sequenced; Samples collected pre-FMT and 4 times post-FMT; Metabolic syndrome patients; No antibiotics for ≥3 months before treatment; 164 fecal metagenomes analyzed across three study groups; 1105 detected prokaryotic species; 11.8 million variant positions identified; 109 metagenomes from 48 healthy FMT-naïve individuals as control; 42 species tracked at strain level across 5 phyla; Determinant positions ranged 66 to 161,800 per species (median 15,550)"
27126044,No,3,Month,single-nucleotide variants (SNVs); donor-specific SNVs; recipient-specific SNVs; species composition; microbial diversity,percentage (%); mean percentage across species,69.3±21.8% at 2 days post-FMT; 37.6±16.6% at 3 months post-FMT; 50.7±10.1% coexistence in shared species; 39±23% species resistance; 44±14% species coexistence,Netherlands,colon,2009/2010,Metabolic Syndrome,species composition shifts; donor microbiota colonization; strain coexistence patterns; microbial diversity changes,FMT1; FMT2; FMT3; FMT4; FMT5; SELF1; SELF2; SELF3; SELF4; SELF5,Homo sapiens,Amsterdam,ERR1297652,27126044,SAMEA3882517,Illumina HiSeq 2000,FMT_metabolic_syndrome_2016,Metabolic Syndrome,Fecal Microbiota Transplantation,"10 subjects: 5 allogenic FMT recipients, 5 autologous FMT (placebo); Three lean donors, unrelated to recipients; 55 fecal samples total sequenced; Samples collected pre-FMT and 4 times post-FMT; Metabolic syndrome patients; No antibiotics for ≥3 months before treatment; 164 fecal metagenomes analyzed across three study groups; 1105 detected prokaryotic species; 11.8 million variant positions identified; 109 metagenomes from 48 healthy FMT-naïve individuals as control; 42 species tracked at strain level across 5 phyla; Determinant positions ranged 66 to 161,800 per species (median 15,550)"
27126044,No,3,Month,single-nucleotide variants (SNVs); donor-specific SNVs; recipient-specific SNVs; species composition; microbial diversity,percentage (%); mean percentage across species,69.3±21.8% at 2 days post-FMT; 37.6±16.6% at 3 months post-FMT; 50.7±10.1% coexistence in shared species; 39±23% species resistance; 44±14% species coexistence,Netherlands,colon,2009/2010,Metabolic Syndrome,species composition shifts; donor microbiota colonization; strain coexistence patterns; microbial diversity changes,FMT1; FMT2; FMT3; FMT4; FMT5; SELF1; SELF2; SELF3; SELF4; SELF5,Homo sapiens,Amsterdam,ERR1297540,27126044,SAMEA3882543,Illumina HiSeq 2000,FMT_metabolic_syndrome_2016,Metabolic Syndrome,Fecal Microbiota Transplantation,"10 subjects: 5 allogenic FMT recipients, 5 autologous FMT (placebo); Three lean donors, unrelated to recipients; 55 fecal samples total sequenced; Samples collected pre-FMT and 4 times post-FMT; Metabolic syndrome patients; No antibiotics for ≥3 months before treatment; 164 fecal metagenomes analyzed across three study groups; 1105 detected prokaryotic species; 11.8 million variant positions identified; 109 metagenomes from 48 healthy FMT-naïve individuals as control; 42 species tracked at strain level across 5 phyla; Determinant positions ranged 66 to 161,800 per species (median 15,550)"
27126044,No,3,Month,single-nucleotide variants (SNVs); donor-specific SNVs; recipient-specific SNVs; species composition; microbial diversity,percentage (%); mean percentage across species,69.3±21.8% at 2 days post-FMT; 37.6±16.6% at 3 months post-FMT; 50.7±10.1% coexistence in shared species; 39±23% species resistance; 44±14% species coexistence,Netherlands,colon,2009/2010,Metabolic Syndrome,species composition shifts; donor microbiota colonization; strain coexistence patterns; microbial diversity changes,FMT1; FMT2; FMT3; FMT4; FMT5; SELF1; SELF2; SELF3; SELF4; SELF5,Homo sapiens,Amsterdam,ERR1297706,27126044,SAMEA3882541,Illumina HiSeq 2000,FMT_metabolic_syndrome_2016,Metabolic Syndrome,Fecal Microbiota Transplantation,"10 subjects: 5 allogenic FMT recipients, 5 autologous FMT (placebo); Three lean donors, unrelated to recipients; 55 fecal samples total sequenced; Samples collected pre-FMT and 4 times post-FMT; Metabolic syndrome patients; No antibiotics for ≥3 months before treatment; 164 fecal metagenomes analyzed across three study groups; 1105 detected prokaryotic species; 11.8 million variant positions identified; 109 metagenomes from 48 healthy FMT-naïve individuals as control; 42 species tracked at strain level across 5 phyla; Determinant positions ranged 66 to 161,800 per species (median 15,550)"
27126044,No,3,Month,single-nucleotide variants (SNVs); donor-specific SNVs; recipient-specific SNVs; species composition; microbial diversity,percentage (%); mean percentage across species,69.3±21.8% at 2 days post-FMT; 37.6±16.6% at 3 months post-FMT; 50.7±10.1% coexistence in shared species; 39±23% species resistance; 44±14% species coexistence,Netherlands,colon,2009/2010,Metabolic Syndrome,species composition shifts; donor microbiota colonization; strain coexistence patterns; microbial diversity changes,FMT1; FMT2; FMT3; FMT4; FMT5; SELF1; SELF2; SELF3; SELF4; SELF5,Homo sapiens,Amsterdam,ERR1297708,27126044,SAMEA3882532,Illumina HiSeq 2000,FMT_metabolic_syndrome_2016,Metabolic Syndrome,Fecal Microbiota Transplantation,"10 subjects: 5 allogenic FMT recipients, 5 autologous FMT (placebo); Three lean donors, unrelated to recipients; 55 fecal samples total sequenced; Samples collected pre-FMT and 4 times post-FMT; Metabolic syndrome patients; No antibiotics for ≥3 months before treatment; 164 fecal metagenomes analyzed across three study groups; 1105 detected prokaryotic species; 11.8 million variant positions identified; 109 metagenomes from 48 healthy FMT-naïve individuals as control; 42 species tracked at strain level across 5 phyla; Determinant positions ranged 66 to 161,800 per species (median 15,550)"
27126044,No,3,Month,single-nucleotide variants (SNVs); donor-specific SNVs; recipient-specific SNVs; species composition; microbial diversity,percentage (%); mean percentage across species,69.3±21.8% at 2 days post-FMT; 37.6±16.6% at 3 months post-FMT; 50.7±10.1% coexistence in shared species; 39±23% species resistance; 44±14% species coexistence,Netherlands,colon,2009/2010,Metabolic Syndrome,species composition shifts; donor microbiota colonization; strain coexistence patterns; microbial diversity changes,FMT1; FMT2; FMT3; FMT4; FMT5; SELF1; SELF2; SELF3; SELF4; SELF5,Homo sapiens,Amsterdam,ERR1297653,27126044,SAMEA3882512,Illumina HiSeq 2000,FMT_metabolic_syndrome_2016,Metabolic Syndrome,Fecal Microbiota Transplantation,"10 subjects: 5 allogenic FMT recipients, 5 autologous FMT (placebo); Three lean donors, unrelated to recipients; 55 fecal samples total sequenced; Samples collected pre-FMT and 4 times post-FMT; Metabolic syndrome patients; No antibiotics for ≥3 months before treatment; 164 fecal metagenomes analyzed across three study groups; 1105 detected prokaryotic species; 11.8 million variant positions identified; 109 metagenomes from 48 healthy FMT-naïve individuals as control; 42 species tracked at strain level across 5 phyla; Determinant positions ranged 66 to 161,800 per species (median 15,550)"
27126044,No,3,Month,single-nucleotide variants (SNVs); donor-specific SNVs; recipient-specific SNVs; species composition; microbial diversity,percentage (%); mean percentage across species,69.3±21.8% at 2 days post-FMT; 37.6±16.6% at 3 months post-FMT; 50.7±10.1% coexistence in shared species; 39±23% species resistance; 44±14% species coexistence,Netherlands,colon,2009/2010,Metabolic Syndrome,species composition shifts; donor microbiota colonization; strain coexistence patterns; microbial diversity changes,FMT1; FMT2; FMT3; FMT4; FMT5; SELF1; SELF2; SELF3; SELF4; SELF5,Homo sapiens,Amsterdam,ERR1297541,27126044,SAMEA3882520,Illumina HiSeq 2000,FMT_metabolic_syndrome_2016,Metabolic Syndrome,Fecal Microbiota Transplantation,"10 subjects: 5 allogenic FMT recipients, 5 autologous FMT (placebo); Three lean donors, unrelated to recipients; 55 fecal samples total sequenced; Samples collected pre-FMT and 4 times post-FMT; Metabolic syndrome patients; No antibiotics for ≥3 months before treatment; 164 fecal metagenomes analyzed across three study groups; 1105 detected prokaryotic species; 11.8 million variant positions identified; 109 metagenomes from 48 healthy FMT-naïve individuals as control; 42 species tracked at strain level across 5 phyla; Determinant positions ranged 66 to 161,800 per species (median 15,550)"
27126044,No,3,Month,single-nucleotide variants (SNVs); donor-specific SNVs; recipient-specific SNVs; species composition; microbial diversity,percentage (%); mean percentage across species,69.3±21.8% at 2 days post-FMT; 37.6±16.6% at 3 months post-FMT; 50.7±10.1% coexistence in shared species; 39±23% species resistance; 44±14% species coexistence,Netherlands,colon,2009/2010,Metabolic Syndrome,species composition shifts; donor microbiota colonization; strain coexistence patterns; microbial diversity changes,FMT1; FMT2; FMT3; FMT4; FMT5; SELF1; SELF2; SELF3; SELF4; SELF5,Homo sapiens,Amsterdam,ERR1297714,27126044,SAMEA3882529,Illumina HiSeq 2000,FMT_metabolic_syndrome_2016,Metabolic Syndrome,Fecal Microbiota Transplantation,"10 subjects: 5 allogenic FMT recipients, 5 autologous FMT (placebo); Three lean donors, unrelated to recipients; 55 fecal samples total sequenced; Samples collected pre-FMT and 4 times post-FMT; Metabolic syndrome patients; No antibiotics for ≥3 months before treatment; 164 fecal metagenomes analyzed across three study groups; 1105 detected prokaryotic species; 11.8 million variant positions identified; 109 metagenomes from 48 healthy FMT-naïve individuals as control; 42 species tracked at strain level across 5 phyla; Determinant positions ranged 66 to 161,800 per species (median 15,550)"
27126044,No,3,Month,single-nucleotide variants (SNVs); donor-specific SNVs; recipient-specific SNVs; species composition; microbial diversity,percentage (%); mean percentage across species,69.3±21.8% at 2 days post-FMT; 37.6±16.6% at 3 months post-FMT; 50.7±10.1% coexistence in shared species; 39±23% species resistance; 44±14% species coexistence,Netherlands,colon,2009/2010,Metabolic Syndrome,species composition shifts; donor microbiota colonization; strain coexistence patterns; microbial diversity changes,FMT1; FMT2; FMT3; FMT4; FMT5; SELF1; SELF2; SELF3; SELF4; SELF5,Homo sapiens,Amsterdam,ERR1297657,27126044,SAMEA3882542,Illumina HiSeq 2000,FMT_metabolic_syndrome_2016,Metabolic Syndrome,Fecal Microbiota Transplantation,"10 subjects: 5 allogenic FMT recipients, 5 autologous FMT (placebo); Three lean donors, unrelated to recipients; 55 fecal samples total sequenced; Samples collected pre-FMT and 4 times post-FMT; Metabolic syndrome patients; No antibiotics for ≥3 months before treatment; 164 fecal metagenomes analyzed across three study groups; 1105 detected prokaryotic species; 11.8 million variant positions identified; 109 metagenomes from 48 healthy FMT-naïve individuals as control; 42 species tracked at strain level across 5 phyla; Determinant positions ranged 66 to 161,800 per species (median 15,550)"
27126044,No,3,Month,single-nucleotide variants (SNVs); donor-specific SNVs; recipient-specific SNVs; species composition; microbial diversity,percentage (%); mean percentage across species,69.3±21.8% at 2 days post-FMT; 37.6±16.6% at 3 months post-FMT; 50.7±10.1% coexistence in shared species; 39±23% species resistance; 44±14% species coexistence,Netherlands,colon,2009/2010,Metabolic Syndrome,species composition shifts; donor microbiota colonization; strain coexistence patterns; microbial diversity changes,FMT1; FMT2; FMT3; FMT4; FMT5; SELF1; SELF2; SELF3; SELF4; SELF5,Homo sapiens,Amsterdam,ERR1297543,27126044,SAMEA3882547,Illumina HiSeq 2000,FMT_metabolic_syndrome_2016,Metabolic Syndrome,Fecal Microbiota Transplantation,"10 subjects: 5 allogenic FMT recipients, 5 autologous FMT (placebo); Three lean donors, unrelated to recipients; 55 fecal samples total sequenced; Samples collected pre-FMT and 4 times post-FMT; Metabolic syndrome patients; No antibiotics for ≥3 months before treatment; 164 fecal metagenomes analyzed across three study groups; 1105 detected prokaryotic species; 11.8 million variant positions identified; 109 metagenomes from 48 healthy FMT-naïve individuals as control; 42 species tracked at strain level across 5 phyla; Determinant positions ranged 66 to 161,800 per species (median 15,550)"
27126044,No,3,Month,single-nucleotide variants (SNVs); donor-specific SNVs; recipient-specific SNVs; species composition; microbial diversity,percentage (%); mean percentage across species,69.3±21.8% at 2 days post-FMT; 37.6±16.6% at 3 months post-FMT; 50.7±10.1% coexistence in shared species; 39±23% species resistance; 44±14% species coexistence,Netherlands,colon,2009/2010,Metabolic Syndrome,species composition shifts; donor microbiota colonization; strain coexistence patterns; microbial diversity changes,FMT1; FMT2; FMT3; FMT4; FMT5; SELF1; SELF2; SELF3; SELF4; SELF5,Homo sapiens,Amsterdam,ERR1297715,27126044,SAMEA3882513,Illumina HiSeq 2000,FMT_metabolic_syndrome_2016,Metabolic Syndrome,Fecal Microbiota Transplantation,"10 subjects: 5 allogenic FMT recipients, 5 autologous FMT (placebo); Three lean donors, unrelated to recipients; 55 fecal samples total sequenced; Samples collected pre-FMT and 4 times post-FMT; Metabolic syndrome patients; No antibiotics for ≥3 months before treatment; 164 fecal metagenomes analyzed across three study groups; 1105 detected prokaryotic species; 11.8 million variant positions identified; 109 metagenomes from 48 healthy FMT-naïve individuals as control; 42 species tracked at strain level across 5 phyla; Determinant positions ranged 66 to 161,800 per species (median 15,550)"
27126044,No,3,Month,single-nucleotide variants (SNVs); donor-specific SNVs; recipient-specific SNVs; species composition; microbial diversity,percentage (%); mean percentage across species,69.3±21.8% at 2 days post-FMT; 37.6±16.6% at 3 months post-FMT; 50.7±10.1% coexistence in shared species; 39±23% species resistance; 44±14% species coexistence,Netherlands,colon,2009/2010,Metabolic Syndrome,species composition shifts; donor microbiota colonization; strain coexistence patterns; microbial diversity changes,FMT1; FMT2; FMT3; FMT4; FMT5; SELF1; SELF2; SELF3; SELF4; SELF5,Homo sapiens,Amsterdam,ERR1297717,27126044,SAMEA3882536,Illumina HiSeq 2000,FMT_metabolic_syndrome_2016,Metabolic Syndrome,Fecal Microbiota Transplantation,"10 subjects: 5 allogenic FMT recipients, 5 autologous FMT (placebo); Three lean donors, unrelated to recipients; 55 fecal samples total sequenced; Samples collected pre-FMT and 4 times post-FMT; Metabolic syndrome patients; No antibiotics for ≥3 months before treatment; 164 fecal metagenomes analyzed across three study groups; 1105 detected prokaryotic species; 11.8 million variant positions identified; 109 metagenomes from 48 healthy FMT-naïve individuals as control; 42 species tracked at strain level across 5 phyla; Determinant positions ranged 66 to 161,800 per species (median 15,550)"
27126044,No,3,Month,single-nucleotide variants (SNVs); donor-specific SNVs; recipient-specific SNVs; species composition; microbial diversity,percentage (%); mean percentage across species,69.3±21.8% at 2 days post-FMT; 37.6±16.6% at 3 months post-FMT; 50.7±10.1% coexistence in shared species; 39±23% species resistance; 44±14% species coexistence,Netherlands,colon,2009/2010,Metabolic Syndrome,species composition shifts; donor microbiota colonization; strain coexistence patterns; microbial diversity changes,FMT1; FMT2; FMT3; FMT4; FMT5; SELF1; SELF2; SELF3; SELF4; SELF5,Homo sapiens,Amsterdam,ERR1297544,27126044,SAMEA3882506,Illumina HiSeq 2000,FMT_metabolic_syndrome_2016,Metabolic Syndrome,Fecal Microbiota Transplantation,"10 subjects: 5 allogenic FMT recipients, 5 autologous FMT (placebo); Three lean donors, unrelated to recipients; 55 fecal samples total sequenced; Samples collected pre-FMT and 4 times post-FMT; Metabolic syndrome patients; No antibiotics for ≥3 months before treatment; 164 fecal metagenomes analyzed across three study groups; 1105 detected prokaryotic species; 11.8 million variant positions identified; 109 metagenomes from 48 healthy FMT-naïve individuals as control; 42 species tracked at strain level across 5 phyla; Determinant positions ranged 66 to 161,800 per species (median 15,550)"
27126044,No,3,Month,single-nucleotide variants (SNVs); donor-specific SNVs; recipient-specific SNVs; species composition; microbial diversity,percentage (%); mean percentage across species,69.3±21.8% at 2 days post-FMT; 37.6±16.6% at 3 months post-FMT; 50.7±10.1% coexistence in shared species; 39±23% species resistance; 44±14% species coexistence,Netherlands,colon,2009/2010,Metabolic Syndrome,species composition shifts; donor microbiota colonization; strain coexistence patterns; microbial diversity changes,FMT1; FMT2; FMT3; FMT4; FMT5; SELF1; SELF2; SELF3; SELF4; SELF5,Homo sapiens,Amsterdam,ERR1297658,27126044,SAMEA3882530,Illumina HiSeq 2000,FMT_metabolic_syndrome_2016,Metabolic Syndrome,Fecal Microbiota Transplantation,"10 subjects: 5 allogenic FMT recipients, 5 autologous FMT (placebo); Three lean donors, unrelated to recipients; 55 fecal samples total sequenced; Samples collected pre-FMT and 4 times post-FMT; Metabolic syndrome patients; No antibiotics for ≥3 months before treatment; 164 fecal metagenomes analyzed across three study groups; 1105 detected prokaryotic species; 11.8 million variant positions identified; 109 metagenomes from 48 healthy FMT-naïve individuals as control; 42 species tracked at strain level across 5 phyla; Determinant positions ranged 66 to 161,800 per species (median 15,550)"
27126044,No,3,Month,single-nucleotide variants (SNVs); donor-specific SNVs; recipient-specific SNVs; species composition; microbial diversity,percentage (%); mean percentage across species,69.3±21.8% at 2 days post-FMT; 37.6±16.6% at 3 months post-FMT; 50.7±10.1% coexistence in shared species; 39±23% species resistance; 44±14% species coexistence,Netherlands,colon,2009/2010,Metabolic Syndrome,species composition shifts; donor microbiota colonization; strain coexistence patterns; microbial diversity changes,FMT1; FMT2; FMT3; FMT4; FMT5; SELF1; SELF2; SELF3; SELF4; SELF5,Homo sapiens,Amsterdam,ERR1297718,27126044,SAMEA3882510,Illumina HiSeq 2000,FMT_metabolic_syndrome_2016,Metabolic Syndrome,Fecal Microbiota Transplantation,"10 subjects: 5 allogenic FMT recipients, 5 autologous FMT (placebo); Three lean donors, unrelated to recipients; 55 fecal samples total sequenced; Samples collected pre-FMT and 4 times post-FMT; Metabolic syndrome patients; No antibiotics for ≥3 months before treatment; 164 fecal metagenomes analyzed across three study groups; 1105 detected prokaryotic species; 11.8 million variant positions identified; 109 metagenomes from 48 healthy FMT-naïve individuals as control; 42 species tracked at strain level across 5 phyla; Determinant positions ranged 66 to 161,800 per species (median 15,550)"
27126044,No,3,Month,single-nucleotide variants (SNVs); donor-specific SNVs; recipient-specific SNVs; species composition; microbial diversity,percentage (%); mean percentage across species,69.3±21.8% at 2 days post-FMT; 37.6±16.6% at 3 months post-FMT; 50.7±10.1% coexistence in shared species; 39±23% species resistance; 44±14% species coexistence,Netherlands,colon,2009/2010,Metabolic Syndrome,species composition shifts; donor microbiota colonization; strain coexistence patterns; microbial diversity changes,FMT1; FMT2; FMT3; FMT4; FMT5; SELF1; SELF2; SELF3; SELF4; SELF5,Homo sapiens,Amsterdam,ERR1297548,27126044,SAMEA3882536,Illumina HiSeq 2000,FMT_metabolic_syndrome_2016,Metabolic Syndrome,Fecal Microbiota Transplantation,"10 subjects: 5 allogenic FMT recipients, 5 autologous FMT (placebo); Three lean donors, unrelated to recipients; 55 fecal samples total sequenced; Samples collected pre-FMT and 4 times post-FMT; Metabolic syndrome patients; No antibiotics for ≥3 months before treatment; 164 fecal metagenomes analyzed across three study groups; 1105 detected prokaryotic species; 11.8 million variant positions identified; 109 metagenomes from 48 healthy FMT-naïve individuals as control; 42 species tracked at strain level across 5 phyla; Determinant positions ranged 66 to 161,800 per species (median 15,550)"
27126044,No,3,Month,single-nucleotide variants (SNVs); donor-specific SNVs; recipient-specific SNVs; species composition; microbial diversity,percentage (%); mean percentage across species,69.3±21.8% at 2 days post-FMT; 37.6±16.6% at 3 months post-FMT; 50.7±10.1% coexistence in shared species; 39±23% species resistance; 44±14% species coexistence,Netherlands,colon,2009/2010,Metabolic Syndrome,species composition shifts; donor microbiota colonization; strain coexistence patterns; microbial diversity changes,FMT1; FMT2; FMT3; FMT4; FMT5; SELF1; SELF2; SELF3; SELF4; SELF5,Homo sapiens,Amsterdam,ERR1297720,27126044,SAMEA3882536,Illumina HiSeq 2000,FMT_metabolic_syndrome_2016,Metabolic Syndrome,Fecal Microbiota Transplantation,"10 subjects: 5 allogenic FMT recipients, 5 autologous FMT (placebo); Three lean donors, unrelated to recipients; 55 fecal samples total sequenced; Samples collected pre-FMT and 4 times post-FMT; Metabolic syndrome patients; No antibiotics for ≥3 months before treatment; 164 fecal metagenomes analyzed across three study groups; 1105 detected prokaryotic species; 11.8 million variant positions identified; 109 metagenomes from 48 healthy FMT-naïve individuals as control; 42 species tracked at strain level across 5 phyla; Determinant positions ranged 66 to 161,800 per species (median 15,550)"
27126044,No,3,Month,single-nucleotide variants (SNVs); donor-specific SNVs; recipient-specific SNVs; species composition; microbial diversity,percentage (%); mean percentage across species,69.3±21.8% at 2 days post-FMT; 37.6±16.6% at 3 months post-FMT; 50.7±10.1% coexistence in shared species; 39±23% species resistance; 44±14% species coexistence,Netherlands,colon,2009/2010,Metabolic Syndrome,species composition shifts; donor microbiota colonization; strain coexistence patterns; microbial diversity changes,FMT1; FMT2; FMT3; FMT4; FMT5; SELF1; SELF2; SELF3; SELF4; SELF5,Homo sapiens,Amsterdam,ERR1297659,27126044,SAMEA3882553,Illumina HiSeq 2000,FMT_metabolic_syndrome_2016,Metabolic Syndrome,Fecal Microbiota Transplantation,"10 subjects: 5 allogenic FMT recipients, 5 autologous FMT (placebo); Three lean donors, unrelated to recipients; 55 fecal samples total sequenced; Samples collected pre-FMT and 4 times post-FMT; Metabolic syndrome patients; No antibiotics for ≥3 months before treatment; 164 fecal metagenomes analyzed across three study groups; 1105 detected prokaryotic species; 11.8 million variant positions identified; 109 metagenomes from 48 healthy FMT-naïve individuals as control; 42 species tracked at strain level across 5 phyla; Determinant positions ranged 66 to 161,800 per species (median 15,550)"
27126044,No,3,Month,single-nucleotide variants (SNVs); donor-specific SNVs; recipient-specific SNVs; species composition; microbial diversity,percentage (%); mean percentage across species,69.3±21.8% at 2 days post-FMT; 37.6±16.6% at 3 months post-FMT; 50.7±10.1% coexistence in shared species; 39±23% species resistance; 44±14% species coexistence,Netherlands,colon,2009/2010,Metabolic Syndrome,species composition shifts; donor microbiota colonization; strain coexistence patterns; microbial diversity changes,FMT1; FMT2; FMT3; FMT4; FMT5; SELF1; SELF2; SELF3; SELF4; SELF5,Homo sapiens,Amsterdam,ERR1297552,27126044,SAMEA3882517,Illumina HiSeq 2000,FMT_metabolic_syndrome_2016,Metabolic Syndrome,Fecal Microbiota Transplantation,"10 subjects: 5 allogenic FMT recipients, 5 autologous FMT (placebo); Three lean donors, unrelated to recipients; 55 fecal samples total sequenced; Samples collected pre-FMT and 4 times post-FMT; Metabolic syndrome patients; No antibiotics for ≥3 months before treatment; 164 fecal metagenomes analyzed across three study groups; 1105 detected prokaryotic species; 11.8 million variant positions identified; 109 metagenomes from 48 healthy FMT-naïve individuals as control; 42 species tracked at strain level across 5 phyla; Determinant positions ranged 66 to 161,800 per species (median 15,550)"
27126044,No,3,Month,single-nucleotide variants (SNVs); donor-specific SNVs; recipient-specific SNVs; species composition; microbial diversity,percentage (%); mean percentage across species,69.3±21.8% at 2 days post-FMT; 37.6±16.6% at 3 months post-FMT; 50.7±10.1% coexistence in shared species; 39±23% species resistance; 44±14% species coexistence,Netherlands,colon,2009/2010,Metabolic Syndrome,species composition shifts; donor microbiota colonization; strain coexistence patterns; microbial diversity changes,FMT1; FMT2; FMT3; FMT4; FMT5; SELF1; SELF2; SELF3; SELF4; SELF5,Homo sapiens,Amsterdam,ERR1297723,27126044,SAMEA3882513,Illumina HiSeq 2000,FMT_metabolic_syndrome_2016,Metabolic Syndrome,Fecal Microbiota Transplantation,"10 subjects: 5 allogenic FMT recipients, 5 autologous FMT (placebo); Three lean donors, unrelated to recipients; 55 fecal samples total sequenced; Samples collected pre-FMT and 4 times post-FMT; Metabolic syndrome patients; No antibiotics for ≥3 months before treatment; 164 fecal metagenomes analyzed across three study groups; 1105 detected prokaryotic species; 11.8 million variant positions identified; 109 metagenomes from 48 healthy FMT-naïve individuals as control; 42 species tracked at strain level across 5 phyla; Determinant positions ranged 66 to 161,800 per species (median 15,550)"
27126044,No,3,Month,single-nucleotide variants (SNVs); donor-specific SNVs; recipient-specific SNVs; species composition; microbial diversity,percentage (%); mean percentage across species,69.3±21.8% at 2 days post-FMT; 37.6±16.6% at 3 months post-FMT; 50.7±10.1% coexistence in shared species; 39±23% species resistance; 44±14% species coexistence,Netherlands,colon,2009/2010,Metabolic Syndrome,species composition shifts; donor microbiota colonization; strain coexistence patterns; microbial diversity changes,FMT1; FMT2; FMT3; FMT4; FMT5; SELF1; SELF2; SELF3; SELF4; SELF5,Homo sapiens,Amsterdam,ERR1297558,27126044,SAMEA3882520,Illumina HiSeq 2000,FMT_metabolic_syndrome_2016,Metabolic Syndrome,Fecal Microbiota Transplantation,"10 subjects: 5 allogenic FMT recipients, 5 autologous FMT (placebo); Three lean donors, unrelated to recipients; 55 fecal samples total sequenced; Samples collected pre-FMT and 4 times post-FMT; Metabolic syndrome patients; No antibiotics for ≥3 months before treatment; 164 fecal metagenomes analyzed across three study groups; 1105 detected prokaryotic species; 11.8 million variant positions identified; 109 metagenomes from 48 healthy FMT-naïve individuals as control; 42 species tracked at strain level across 5 phyla; Determinant positions ranged 66 to 161,800 per species (median 15,550)"
27126044,No,3,Month,single-nucleotide variants (SNVs); donor-specific SNVs; recipient-specific SNVs; species composition; microbial diversity,percentage (%); mean percentage across species,69.3±21.8% at 2 days post-FMT; 37.6±16.6% at 3 months post-FMT; 50.7±10.1% coexistence in shared species; 39±23% species resistance; 44±14% species coexistence,Netherlands,colon,2009/2010,Metabolic Syndrome,species composition shifts; donor microbiota colonization; strain coexistence patterns; microbial diversity changes,FMT1; FMT2; FMT3; FMT4; FMT5; SELF1; SELF2; SELF3; SELF4; SELF5,Homo sapiens,Amsterdam,ERR1297661,27126044,SAMEA3882539,Illumina HiSeq 2000,FMT_metabolic_syndrome_2016,Metabolic Syndrome,Fecal Microbiota Transplantation,"10 subjects: 5 allogenic FMT recipients, 5 autologous FMT (placebo); Three lean donors, unrelated to recipients; 55 fecal samples total sequenced; Samples collected pre-FMT and 4 times post-FMT; Metabolic syndrome patients; No antibiotics for ≥3 months before treatment; 164 fecal metagenomes analyzed across three study groups; 1105 detected prokaryotic species; 11.8 million variant positions identified; 109 metagenomes from 48 healthy FMT-naïve individuals as control; 42 species tracked at strain level across 5 phyla; Determinant positions ranged 66 to 161,800 per species (median 15,550)"
27126044,No,3,Month,single-nucleotide variants (SNVs); donor-specific SNVs; recipient-specific SNVs; species composition; microbial diversity,percentage (%); mean percentage across species,69.3±21.8% at 2 days post-FMT; 37.6±16.6% at 3 months post-FMT; 50.7±10.1% coexistence in shared species; 39±23% species resistance; 44±14% species coexistence,Netherlands,colon,2009/2010,Metabolic Syndrome,species composition shifts; donor microbiota colonization; strain coexistence patterns; microbial diversity changes,FMT1; FMT2; FMT3; FMT4; FMT5; SELF1; SELF2; SELF3; SELF4; SELF5,Homo sapiens,Amsterdam,ERR1297724,27126044,SAMEA3882510,Illumina HiSeq 2000,FMT_metabolic_syndrome_2016,Metabolic Syndrome,Fecal Microbiota Transplantation,"10 subjects: 5 allogenic FMT recipients, 5 autologous FMT (placebo); Three lean donors, unrelated to recipients; 55 fecal samples total sequenced; Samples collected pre-FMT and 4 times post-FMT; Metabolic syndrome patients; No antibiotics for ≥3 months before treatment; 164 fecal metagenomes analyzed across three study groups; 1105 detected prokaryotic species; 11.8 million variant positions identified; 109 metagenomes from 48 healthy FMT-naïve individuals as control; 42 species tracked at strain level across 5 phyla; Determinant positions ranged 66 to 161,800 per species (median 15,550)"
27126044,No,3,Month,single-nucleotide variants (SNVs); donor-specific SNVs; recipient-specific SNVs; species composition; microbial diversity,percentage (%); mean percentage across species,69.3±21.8% at 2 days post-FMT; 37.6±16.6% at 3 months post-FMT; 50.7±10.1% coexistence in shared species; 39±23% species resistance; 44±14% species coexistence,Netherlands,colon,2009/2010,Metabolic Syndrome,species composition shifts; donor microbiota colonization; strain coexistence patterns; microbial diversity changes,FMT1; FMT2; FMT3; FMT4; FMT5; SELF1; SELF2; SELF3; SELF4; SELF5,Homo sapiens,Amsterdam,ERR1297560,27126044,SAMEA3882534,Illumina HiSeq 2000,FMT_metabolic_syndrome_2016,Metabolic Syndrome,Fecal Microbiota Transplantation,"10 subjects: 5 allogenic FMT recipients, 5 autologous FMT (placebo); Three lean donors, unrelated to recipients; 55 fecal samples total sequenced; Samples collected pre-FMT and 4 times post-FMT; Metabolic syndrome patients; No antibiotics for ≥3 months before treatment; 164 fecal metagenomes analyzed across three study groups; 1105 detected prokaryotic species; 11.8 million variant positions identified; 109 metagenomes from 48 healthy FMT-naïve individuals as control; 42 species tracked at strain level across 5 phyla; Determinant positions ranged 66 to 161,800 per species (median 15,550)"
27126044,No,3,Month,single-nucleotide variants (SNVs); donor-specific SNVs; recipient-specific SNVs; species composition; microbial diversity,percentage (%); mean percentage across species,69.3±21.8% at 2 days post-FMT; 37.6±16.6% at 3 months post-FMT; 50.7±10.1% coexistence in shared species; 39±23% species resistance; 44±14% species coexistence,Netherlands,colon,2009/2010,Metabolic Syndrome,species composition shifts; donor microbiota colonization; strain coexistence patterns; microbial diversity changes,FMT1; FMT2; FMT3; FMT4; FMT5; SELF1; SELF2; SELF3; SELF4; SELF5,Homo sapiens,Amsterdam,ERR1297561,27126044,SAMEA3882519,Illumina HiSeq 2000,FMT_metabolic_syndrome_2016,Metabolic Syndrome,Fecal Microbiota Transplantation,"10 subjects: 5 allogenic FMT recipients, 5 autologous FMT (placebo); Three lean donors, unrelated to recipients; 55 fecal samples total sequenced; Samples collected pre-FMT and 4 times post-FMT; Metabolic syndrome patients; No antibiotics for ≥3 months before treatment; 164 fecal metagenomes analyzed across three study groups; 1105 detected prokaryotic species; 11.8 million variant positions identified; 109 metagenomes from 48 healthy FMT-naïve individuals as control; 42 species tracked at strain level across 5 phyla; Determinant positions ranged 66 to 161,800 per species (median 15,550)"
27126044,No,3,Month,single-nucleotide variants (SNVs); donor-specific SNVs; recipient-specific SNVs; species composition; microbial diversity,percentage (%); mean percentage across species,69.3±21.8% at 2 days post-FMT; 37.6±16.6% at 3 months post-FMT; 50.7±10.1% coexistence in shared species; 39±23% species resistance; 44±14% species coexistence,Netherlands,colon,2009/2010,Metabolic Syndrome,species composition shifts; donor microbiota colonization; strain coexistence patterns; microbial diversity changes,FMT1; FMT2; FMT3; FMT4; FMT5; SELF1; SELF2; SELF3; SELF4; SELF5,Homo sapiens,Amsterdam,ERR1297725,27126044,SAMEA3882528,Illumina HiSeq 2000,FMT_metabolic_syndrome_2016,Metabolic Syndrome,Fecal Microbiota Transplantation,"10 subjects: 5 allogenic FMT recipients, 5 autologous FMT (placebo); Three lean donors, unrelated to recipients; 55 fecal samples total sequenced; Samples collected pre-FMT and 4 times post-FMT; Metabolic syndrome patients; No antibiotics for ≥3 months before treatment; 164 fecal metagenomes analyzed across three study groups; 1105 detected prokaryotic species; 11.8 million variant positions identified; 109 metagenomes from 48 healthy FMT-naïve individuals as control; 42 species tracked at strain level across 5 phyla; Determinant positions ranged 66 to 161,800 per species (median 15,550)"
27126044,No,3,Month,single-nucleotide variants (SNVs); donor-specific SNVs; recipient-specific SNVs; species composition; microbial diversity,percentage (%); mean percentage across species,69.3±21.8% at 2 days post-FMT; 37.6±16.6% at 3 months post-FMT; 50.7±10.1% coexistence in shared species; 39±23% species resistance; 44±14% species coexistence,Netherlands,colon,2009/2010,Metabolic Syndrome,species composition shifts; donor microbiota colonization; strain coexistence patterns; microbial diversity changes,FMT1; FMT2; FMT3; FMT4; FMT5; SELF1; SELF2; SELF3; SELF4; SELF5,Homo sapiens,Amsterdam,ERR1297564,27126044,SAMEA3882525,Illumina HiSeq 2000,FMT_metabolic_syndrome_2016,Metabolic Syndrome,Fecal Microbiota Transplantation,"10 subjects: 5 allogenic FMT recipients, 5 autologous FMT (placebo); Three lean donors, unrelated to recipients; 55 fecal samples total sequenced; Samples collected pre-FMT and 4 times post-FMT; Metabolic syndrome patients; No antibiotics for ≥3 months before treatment; 164 fecal metagenomes analyzed across three study groups; 1105 detected prokaryotic species; 11.8 million variant positions identified; 109 metagenomes from 48 healthy FMT-naïve individuals as control; 42 species tracked at strain level across 5 phyla; Determinant positions ranged 66 to 161,800 per species (median 15,550)"
27126044,No,3,Month,single-nucleotide variants (SNVs); donor-specific SNVs; recipient-specific SNVs; species composition; microbial diversity,percentage (%); mean percentage across species,69.3±21.8% at 2 days post-FMT; 37.6±16.6% at 3 months post-FMT; 50.7±10.1% coexistence in shared species; 39±23% species resistance; 44±14% species coexistence,Netherlands,colon,2009/2010,Metabolic Syndrome,species composition shifts; donor microbiota colonization; strain coexistence patterns; microbial diversity changes,FMT1; FMT2; FMT3; FMT4; FMT5; SELF1; SELF2; SELF3; SELF4; SELF5,Homo sapiens,Amsterdam,ERR1297729,27126044,SAMEA3882531,Illumina HiSeq 2000,FMT_metabolic_syndrome_2016,Metabolic Syndrome,Fecal Microbiota Transplantation,"10 subjects: 5 allogenic FMT recipients, 5 autologous FMT (placebo); Three lean donors, unrelated to recipients; 55 fecal samples total sequenced; Samples collected pre-FMT and 4 times post-FMT; Metabolic syndrome patients; No antibiotics for ≥3 months before treatment; 164 fecal metagenomes analyzed across three study groups; 1105 detected prokaryotic species; 11.8 million variant positions identified; 109 metagenomes from 48 healthy FMT-naïve individuals as control; 42 species tracked at strain level across 5 phyla; Determinant positions ranged 66 to 161,800 per species (median 15,550)"
27126044,No,3,Month,single-nucleotide variants (SNVs); donor-specific SNVs; recipient-specific SNVs; species composition; microbial diversity,percentage (%); mean percentage across species,69.3±21.8% at 2 days post-FMT; 37.6±16.6% at 3 months post-FMT; 50.7±10.1% coexistence in shared species; 39±23% species resistance; 44±14% species coexistence,Netherlands,colon,2009/2010,Metabolic Syndrome,species composition shifts; donor microbiota colonization; strain coexistence patterns; microbial diversity changes,FMT1; FMT2; FMT3; FMT4; FMT5; SELF1; SELF2; SELF3; SELF4; SELF5,Homo sapiens,Amsterdam,ERR1297565,27126044,SAMEA3882551,Illumina HiSeq 2000,FMT_metabolic_syndrome_2016,Metabolic Syndrome,Fecal Microbiota Transplantation,"10 subjects: 5 allogenic FMT recipients, 5 autologous FMT (placebo); Three lean donors, unrelated to recipients; 55 fecal samples total sequenced; Samples collected pre-FMT and 4 times post-FMT; Metabolic syndrome patients; No antibiotics for ≥3 months before treatment; 164 fecal metagenomes analyzed across three study groups; 1105 detected prokaryotic species; 11.8 million variant positions identified; 109 metagenomes from 48 healthy FMT-naïve individuals as control; 42 species tracked at strain level across 5 phyla; Determinant positions ranged 66 to 161,800 per species (median 15,550)"
27126044,No,3,Month,single-nucleotide variants (SNVs); donor-specific SNVs; recipient-specific SNVs; species composition; microbial diversity,percentage (%); mean percentage across species,69.3±21.8% at 2 days post-FMT; 37.6±16.6% at 3 months post-FMT; 50.7±10.1% coexistence in shared species; 39±23% species resistance; 44±14% species coexistence,Netherlands,colon,2009/2010,Metabolic Syndrome,species composition shifts; donor microbiota colonization; strain coexistence patterns; microbial diversity changes,FMT1; FMT2; FMT3; FMT4; FMT5; SELF1; SELF2; SELF3; SELF4; SELF5,Homo sapiens,Amsterdam,ERR1297730,27126044,SAMEA3882525,Illumina HiSeq 2000,FMT_metabolic_syndrome_2016,Metabolic Syndrome,Fecal Microbiota Transplantation,"10 subjects: 5 allogenic FMT recipients, 5 autologous FMT (placebo); Three lean donors, unrelated to recipients; 55 fecal samples total sequenced; Samples collected pre-FMT and 4 times post-FMT; Metabolic syndrome patients; No antibiotics for ≥3 months before treatment; 164 fecal metagenomes analyzed across three study groups; 1105 detected prokaryotic species; 11.8 million variant positions identified; 109 metagenomes from 48 healthy FMT-naïve individuals as control; 42 species tracked at strain level across 5 phyla; Determinant positions ranged 66 to 161,800 per species (median 15,550)"
27126044,No,3,Month,single-nucleotide variants (SNVs); donor-specific SNVs; recipient-specific SNVs; species composition; microbial diversity,percentage (%); mean percentage across species,69.3±21.8% at 2 days post-FMT; 37.6±16.6% at 3 months post-FMT; 50.7±10.1% coexistence in shared species; 39±23% species resistance; 44±14% species coexistence,Netherlands,colon,2009/2010,Metabolic Syndrome,species composition shifts; donor microbiota colonization; strain coexistence patterns; microbial diversity changes,FMT1; FMT2; FMT3; FMT4; FMT5; SELF1; SELF2; SELF3; SELF4; SELF5,Homo sapiens,Amsterdam,ERR1297566,27126044,SAMEA3882522,Illumina HiSeq 2000,FMT_metabolic_syndrome_2016,Metabolic Syndrome,Fecal Microbiota Transplantation,"10 subjects: 5 allogenic FMT recipients, 5 autologous FMT (placebo); Three lean donors, unrelated to recipients; 55 fecal samples total sequenced; Samples collected pre-FMT and 4 times post-FMT; Metabolic syndrome patients; No antibiotics for ≥3 months before treatment; 164 fecal metagenomes analyzed across three study groups; 1105 detected prokaryotic species; 11.8 million variant positions identified; 109 metagenomes from 48 healthy FMT-naïve individuals as control; 42 species tracked at strain level across 5 phyla; Determinant positions ranged 66 to 161,800 per species (median 15,550)"
27126044,No,3,Month,single-nucleotide variants (SNVs); donor-specific SNVs; recipient-specific SNVs; species composition; microbial diversity,percentage (%); mean percentage across species,69.3±21.8% at 2 days post-FMT; 37.6±16.6% at 3 months post-FMT; 50.7±10.1% coexistence in shared species; 39±23% species resistance; 44±14% species coexistence,Netherlands,colon,2009/2010,Metabolic Syndrome,species composition shifts; donor microbiota colonization; strain coexistence patterns; microbial diversity changes,FMT1; FMT2; FMT3; FMT4; FMT5; SELF1; SELF2; SELF3; SELF4; SELF5,Homo sapiens,Amsterdam,ERR1297733,27126044,SAMEA3882513,Illumina HiSeq 2000,FMT_metabolic_syndrome_2016,Metabolic Syndrome,Fecal Microbiota Transplantation,"10 subjects: 5 allogenic FMT recipients, 5 autologous FMT (placebo); Three lean donors, unrelated to recipients; 55 fecal samples total sequenced; Samples collected pre-FMT and 4 times post-FMT; Metabolic syndrome patients; No antibiotics for ≥3 months before treatment; 164 fecal metagenomes analyzed across three study groups; 1105 detected prokaryotic species; 11.8 million variant positions identified; 109 metagenomes from 48 healthy FMT-naïve individuals as control; 42 species tracked at strain level across 5 phyla; Determinant positions ranged 66 to 161,800 per species (median 15,550)"
27126044,No,3,Month,single-nucleotide variants (SNVs); donor-specific SNVs; recipient-specific SNVs; species composition; microbial diversity,percentage (%); mean percentage across species,69.3±21.8% at 2 days post-FMT; 37.6±16.6% at 3 months post-FMT; 50.7±10.1% coexistence in shared species; 39±23% species resistance; 44±14% species coexistence,Netherlands,colon,2009/2010,Metabolic Syndrome,species composition shifts; donor microbiota colonization; strain coexistence patterns; microbial diversity changes,FMT1; FMT2; FMT3; FMT4; FMT5; SELF1; SELF2; SELF3; SELF4; SELF5,Homo sapiens,Amsterdam,ERR1297570,27126044,SAMEA3882508,Illumina HiSeq 2000,FMT_metabolic_syndrome_2016,Metabolic Syndrome,Fecal Microbiota Transplantation,"10 subjects: 5 allogenic FMT recipients, 5 autologous FMT (placebo); Three lean donors, unrelated to recipients; 55 fecal samples total sequenced; Samples collected pre-FMT and 4 times post-FMT; Metabolic syndrome patients; No antibiotics for ≥3 months before treatment; 164 fecal metagenomes analyzed across three study groups; 1105 detected prokaryotic species; 11.8 million variant positions identified; 109 metagenomes from 48 healthy FMT-naïve individuals as control; 42 species tracked at strain level across 5 phyla; Determinant positions ranged 66 to 161,800 per species (median 15,550)"
27126044,No,3,Month,single-nucleotide variants (SNVs); donor-specific SNVs; recipient-specific SNVs; species composition; microbial diversity,percentage (%); mean percentage across species,69.3±21.8% at 2 days post-FMT; 37.6±16.6% at 3 months post-FMT; 50.7±10.1% coexistence in shared species; 39±23% species resistance; 44±14% species coexistence,Netherlands,colon,2009/2010,Metabolic Syndrome,species composition shifts; donor microbiota colonization; strain coexistence patterns; microbial diversity changes,FMT1; FMT2; FMT3; FMT4; FMT5; SELF1; SELF2; SELF3; SELF4; SELF5,Homo sapiens,Amsterdam,ERR1297734,27126044,SAMEA3882518,Illumina HiSeq 2000,FMT_metabolic_syndrome_2016,Metabolic Syndrome,Fecal Microbiota Transplantation,"10 subjects: 5 allogenic FMT recipients, 5 autologous FMT (placebo); Three lean donors, unrelated to recipients; 55 fecal samples total sequenced; Samples collected pre-FMT and 4 times post-FMT; Metabolic syndrome patients; No antibiotics for ≥3 months before treatment; 164 fecal metagenomes analyzed across three study groups; 1105 detected prokaryotic species; 11.8 million variant positions identified; 109 metagenomes from 48 healthy FMT-naïve individuals as control; 42 species tracked at strain level across 5 phyla; Determinant positions ranged 66 to 161,800 per species (median 15,550)"
27126044,No,3,Month,single-nucleotide variants (SNVs); donor-specific SNVs; recipient-specific SNVs; species composition; microbial diversity,percentage (%); mean percentage across species,69.3±21.8% at 2 days post-FMT; 37.6±16.6% at 3 months post-FMT; 50.7±10.1% coexistence in shared species; 39±23% species resistance; 44±14% species coexistence,Netherlands,colon,2009/2010,Metabolic Syndrome,species composition shifts; donor microbiota colonization; strain coexistence patterns; microbial diversity changes,FMT1; FMT2; FMT3; FMT4; FMT5; SELF1; SELF2; SELF3; SELF4; SELF5,Homo sapiens,Amsterdam,ERR1297572,27126044,SAMEA3882540,Illumina HiSeq 2000,FMT_metabolic_syndrome_2016,Metabolic Syndrome,Fecal Microbiota Transplantation,"10 subjects: 5 allogenic FMT recipients, 5 autologous FMT (placebo); Three lean donors, unrelated to recipients; 55 fecal samples total sequenced; Samples collected pre-FMT and 4 times post-FMT; Metabolic syndrome patients; No antibiotics for ≥3 months before treatment; 164 fecal metagenomes analyzed across three study groups; 1105 detected prokaryotic species; 11.8 million variant positions identified; 109 metagenomes from 48 healthy FMT-naïve individuals as control; 42 species tracked at strain level across 5 phyla; Determinant positions ranged 66 to 161,800 per species (median 15,550)"
27126044,No,3,Month,single-nucleotide variants (SNVs); donor-specific SNVs; recipient-specific SNVs; species composition; microbial diversity,percentage (%); mean percentage across species,69.3±21.8% at 2 days post-FMT; 37.6±16.6% at 3 months post-FMT; 50.7±10.1% coexistence in shared species; 39±23% species resistance; 44±14% species coexistence,Netherlands,colon,2009/2010,Metabolic Syndrome,species composition shifts; donor microbiota colonization; strain coexistence patterns; microbial diversity changes,FMT1; FMT2; FMT3; FMT4; FMT5; SELF1; SELF2; SELF3; SELF4; SELF5,Homo sapiens,Amsterdam,ERR1297744,27126044,SAMEA3882519,Illumina HiSeq 2000,FMT_metabolic_syndrome_2016,Metabolic Syndrome,Fecal Microbiota Transplantation,"10 subjects: 5 allogenic FMT recipients, 5 autologous FMT (placebo); Three lean donors, unrelated to recipients; 55 fecal samples total sequenced; Samples collected pre-FMT and 4 times post-FMT; Metabolic syndrome patients; No antibiotics for ≥3 months before treatment; 164 fecal metagenomes analyzed across three study groups; 1105 detected prokaryotic species; 11.8 million variant positions identified; 109 metagenomes from 48 healthy FMT-naïve individuals as control; 42 species tracked at strain level across 5 phyla; Determinant positions ranged 66 to 161,800 per species (median 15,550)"
27126044,No,3,Month,single-nucleotide variants (SNVs); donor-specific SNVs; recipient-specific SNVs; species composition; microbial diversity,percentage (%); mean percentage across species,69.3±21.8% at 2 days post-FMT; 37.6±16.6% at 3 months post-FMT; 50.7±10.1% coexistence in shared species; 39±23% species resistance; 44±14% species coexistence,Netherlands,colon,2009/2010,Metabolic Syndrome,species composition shifts; donor microbiota colonization; strain coexistence patterns; microbial diversity changes,FMT1; FMT2; FMT3; FMT4; FMT5; SELF1; SELF2; SELF3; SELF4; SELF5,Homo sapiens,Amsterdam,ERR1297575,27126044,SAMEA3882506,Illumina HiSeq 2000,FMT_metabolic_syndrome_2016,Metabolic Syndrome,Fecal Microbiota Transplantation,"10 subjects: 5 allogenic FMT recipients, 5 autologous FMT (placebo); Three lean donors, unrelated to recipients; 55 fecal samples total sequenced; Samples collected pre-FMT and 4 times post-FMT; Metabolic syndrome patients; No antibiotics for ≥3 months before treatment; 164 fecal metagenomes analyzed across three study groups; 1105 detected prokaryotic species; 11.8 million variant positions identified; 109 metagenomes from 48 healthy FMT-naïve individuals as control; 42 species tracked at strain level across 5 phyla; Determinant positions ranged 66 to 161,800 per species (median 15,550)"
27126044,No,3,Month,single-nucleotide variants (SNVs); donor-specific SNVs; recipient-specific SNVs; species composition; microbial diversity,percentage (%); mean percentage across species,69.3±21.8% at 2 days post-FMT; 37.6±16.6% at 3 months post-FMT; 50.7±10.1% coexistence in shared species; 39±23% species resistance; 44±14% species coexistence,Netherlands,colon,2009/2010,Metabolic Syndrome,species composition shifts; donor microbiota colonization; strain coexistence patterns; microbial diversity changes,FMT1; FMT2; FMT3; FMT4; FMT5; SELF1; SELF2; SELF3; SELF4; SELF5,Homo sapiens,Amsterdam,ERR1297749,27126044,SAMEA3882534,Illumina HiSeq 2000,FMT_metabolic_syndrome_2016,Metabolic Syndrome,Fecal Microbiota Transplantation,"10 subjects: 5 allogenic FMT recipients, 5 autologous FMT (placebo); Three lean donors, unrelated to recipients; 55 fecal samples total sequenced; Samples collected pre-FMT and 4 times post-FMT; Metabolic syndrome patients; No antibiotics for ≥3 months before treatment; 164 fecal metagenomes analyzed across three study groups; 1105 detected prokaryotic species; 11.8 million variant positions identified; 109 metagenomes from 48 healthy FMT-naïve individuals as control; 42 species tracked at strain level across 5 phyla; Determinant positions ranged 66 to 161,800 per species (median 15,550)"
27126044,No,3,Month,single-nucleotide variants (SNVs); donor-specific SNVs; recipient-specific SNVs; species composition; microbial diversity,percentage (%); mean percentage across species,69.3±21.8% at 2 days post-FMT; 37.6±16.6% at 3 months post-FMT; 50.7±10.1% coexistence in shared species; 39±23% species resistance; 44±14% species coexistence,Netherlands,colon,2009/2010,Metabolic Syndrome,species composition shifts; donor microbiota colonization; strain coexistence patterns; microbial diversity changes,FMT1; FMT2; FMT3; FMT4; FMT5; SELF1; SELF2; SELF3; SELF4; SELF5,Homo sapiens,Amsterdam,ERR1297663,27126044,SAMEA3882516,Illumina HiSeq 2000,FMT_metabolic_syndrome_2016,Metabolic Syndrome,Fecal Microbiota Transplantation,"10 subjects: 5 allogenic FMT recipients, 5 autologous FMT (placebo); Three lean donors, unrelated to recipients; 55 fecal samples total sequenced; Samples collected pre-FMT and 4 times post-FMT; Metabolic syndrome patients; No antibiotics for ≥3 months before treatment; 164 fecal metagenomes analyzed across three study groups; 1105 detected prokaryotic species; 11.8 million variant positions identified; 109 metagenomes from 48 healthy FMT-naïve individuals as control; 42 species tracked at strain level across 5 phyla; Determinant positions ranged 66 to 161,800 per species (median 15,550)"
27126044,No,3,Month,single-nucleotide variants (SNVs); donor-specific SNVs; recipient-specific SNVs; species composition; microbial diversity,percentage (%); mean percentage across species,69.3±21.8% at 2 days post-FMT; 37.6±16.6% at 3 months post-FMT; 50.7±10.1% coexistence in shared species; 39±23% species resistance; 44±14% species coexistence,Netherlands,colon,2009/2010,Metabolic Syndrome,species composition shifts; donor microbiota colonization; strain coexistence patterns; microbial diversity changes,FMT1; FMT2; FMT3; FMT4; FMT5; SELF1; SELF2; SELF3; SELF4; SELF5,Homo sapiens,Amsterdam,ERR1297578,27126044,SAMEA3882541,Illumina HiSeq 2000,FMT_metabolic_syndrome_2016,Metabolic Syndrome,Fecal Microbiota Transplantation,"10 subjects: 5 allogenic FMT recipients, 5 autologous FMT (placebo); Three lean donors, unrelated to recipients; 55 fecal samples total sequenced; Samples collected pre-FMT and 4 times post-FMT; Metabolic syndrome patients; No antibiotics for ≥3 months before treatment; 164 fecal metagenomes analyzed across three study groups; 1105 detected prokaryotic species; 11.8 million variant positions identified; 109 metagenomes from 48 healthy FMT-naïve individuals as control; 42 species tracked at strain level across 5 phyla; Determinant positions ranged 66 to 161,800 per species (median 15,550)"
27126044,No,3,Month,single-nucleotide variants (SNVs); donor-specific SNVs; recipient-specific SNVs; species composition; microbial diversity,percentage (%); mean percentage across species,69.3±21.8% at 2 days post-FMT; 37.6±16.6% at 3 months post-FMT; 50.7±10.1% coexistence in shared species; 39±23% species resistance; 44±14% species coexistence,Netherlands,colon,2009/2010,Metabolic Syndrome,species composition shifts; donor microbiota colonization; strain coexistence patterns; microbial diversity changes,FMT1; FMT2; FMT3; FMT4; FMT5; SELF1; SELF2; SELF3; SELF4; SELF5,Homo sapiens,Amsterdam,ERR1297753,27126044,SAMEA3882513,Illumina HiSeq 2000,FMT_metabolic_syndrome_2016,Metabolic Syndrome,Fecal Microbiota Transplantation,"10 subjects: 5 allogenic FMT recipients, 5 autologous FMT (placebo); Three lean donors, unrelated to recipients; 55 fecal samples total sequenced; Samples collected pre-FMT and 4 times post-FMT; Metabolic syndrome patients; No antibiotics for ≥3 months before treatment; 164 fecal metagenomes analyzed across three study groups; 1105 detected prokaryotic species; 11.8 million variant positions identified; 109 metagenomes from 48 healthy FMT-naïve individuals as control; 42 species tracked at strain level across 5 phyla; Determinant positions ranged 66 to 161,800 per species (median 15,550)"
27126044,No,3,Month,single-nucleotide variants (SNVs); donor-specific SNVs; recipient-specific SNVs; species composition; microbial diversity,percentage (%); mean percentage across species,69.3±21.8% at 2 days post-FMT; 37.6±16.6% at 3 months post-FMT; 50.7±10.1% coexistence in shared species; 39±23% species resistance; 44±14% species coexistence,Netherlands,colon,2009/2010,Metabolic Syndrome,species composition shifts; donor microbiota colonization; strain coexistence patterns; microbial diversity changes,FMT1; FMT2; FMT3; FMT4; FMT5; SELF1; SELF2; SELF3; SELF4; SELF5,Homo sapiens,Amsterdam,ERR1297579,27126044,SAMEA3882519,Illumina HiSeq 2000,FMT_metabolic_syndrome_2016,Metabolic Syndrome,Fecal Microbiota Transplantation,"10 subjects: 5 allogenic FMT recipients, 5 autologous FMT (placebo); Three lean donors, unrelated to recipients; 55 fecal samples total sequenced; Samples collected pre-FMT and 4 times post-FMT; Metabolic syndrome patients; No antibiotics for ≥3 months before treatment; 164 fecal metagenomes analyzed across three study groups; 1105 detected prokaryotic species; 11.8 million variant positions identified; 109 metagenomes from 48 healthy FMT-naïve individuals as control; 42 species tracked at strain level across 5 phyla; Determinant positions ranged 66 to 161,800 per species (median 15,550)"
27126044,No,3,Month,single-nucleotide variants (SNVs); donor-specific SNVs; recipient-specific SNVs; species composition; microbial diversity,percentage (%); mean percentage across species,69.3±21.8% at 2 days post-FMT; 37.6±16.6% at 3 months post-FMT; 50.7±10.1% coexistence in shared species; 39±23% species resistance; 44±14% species coexistence,Netherlands,colon,2009/2010,Metabolic Syndrome,species composition shifts; donor microbiota colonization; strain coexistence patterns; microbial diversity changes,FMT1; FMT2; FMT3; FMT4; FMT5; SELF1; SELF2; SELF3; SELF4; SELF5,Homo sapiens,Amsterdam,ERR1297665,27126044,SAMEA3882547,Illumina HiSeq 2000,FMT_metabolic_syndrome_2016,Metabolic Syndrome,Fecal Microbiota Transplantation,"10 subjects: 5 allogenic FMT recipients, 5 autologous FMT (placebo); Three lean donors, unrelated to recipients; 55 fecal samples total sequenced; Samples collected pre-FMT and 4 times post-FMT; Metabolic syndrome patients; No antibiotics for ≥3 months before treatment; 164 fecal metagenomes analyzed across three study groups; 1105 detected prokaryotic species; 11.8 million variant positions identified; 109 metagenomes from 48 healthy FMT-naïve individuals as control; 42 species tracked at strain level across 5 phyla; Determinant positions ranged 66 to 161,800 per species (median 15,550)"
27126044,No,3,Month,single-nucleotide variants (SNVs); donor-specific SNVs; recipient-specific SNVs; species composition; microbial diversity,percentage (%); mean percentage across species,69.3±21.8% at 2 days post-FMT; 37.6±16.6% at 3 months post-FMT; 50.7±10.1% coexistence in shared species; 39±23% species resistance; 44±14% species coexistence,Netherlands,colon,2009/2010,Metabolic Syndrome,species composition shifts; donor microbiota colonization; strain coexistence patterns; microbial diversity changes,FMT1; FMT2; FMT3; FMT4; FMT5; SELF1; SELF2; SELF3; SELF4; SELF5,Homo sapiens,Amsterdam,ERR1297754,27126044,SAMEA3882531,Illumina HiSeq 2000,FMT_metabolic_syndrome_2016,Metabolic Syndrome,Fecal Microbiota Transplantation,"10 subjects: 5 allogenic FMT recipients, 5 autologous FMT (placebo); Three lean donors, unrelated to recipients; 55 fecal samples total sequenced; Samples collected pre-FMT and 4 times post-FMT; Metabolic syndrome patients; No antibiotics for ≥3 months before treatment; 164 fecal metagenomes analyzed across three study groups; 1105 detected prokaryotic species; 11.8 million variant positions identified; 109 metagenomes from 48 healthy FMT-naïve individuals as control; 42 species tracked at strain level across 5 phyla; Determinant positions ranged 66 to 161,800 per species (median 15,550)"
27126044,No,3,Month,single-nucleotide variants (SNVs); donor-specific SNVs; recipient-specific SNVs; species composition; microbial diversity,percentage (%); mean percentage across species,69.3±21.8% at 2 days post-FMT; 37.6±16.6% at 3 months post-FMT; 50.7±10.1% coexistence in shared species; 39±23% species resistance; 44±14% species coexistence,Netherlands,colon,2009/2010,Metabolic Syndrome,species composition shifts; donor microbiota colonization; strain coexistence patterns; microbial diversity changes,FMT1; FMT2; FMT3; FMT4; FMT5; SELF1; SELF2; SELF3; SELF4; SELF5,Homo sapiens,Amsterdam,ERR1297759,27126044,SAMEA3882517,Illumina HiSeq 2000,FMT_metabolic_syndrome_2016,Metabolic Syndrome,Fecal Microbiota Transplantation,"10 subjects: 5 allogenic FMT recipients, 5 autologous FMT (placebo); Three lean donors, unrelated to recipients; 55 fecal samples total sequenced; Samples collected pre-FMT and 4 times post-FMT; Metabolic syndrome patients; No antibiotics for ≥3 months before treatment; 164 fecal metagenomes analyzed across three study groups; 1105 detected prokaryotic species; 11.8 million variant positions identified; 109 metagenomes from 48 healthy FMT-naïve individuals as control; 42 species tracked at strain level across 5 phyla; Determinant positions ranged 66 to 161,800 per species (median 15,550)"
27126044,No,3,Month,single-nucleotide variants (SNVs); donor-specific SNVs; recipient-specific SNVs; species composition; microbial diversity,percentage (%); mean percentage across species,69.3±21.8% at 2 days post-FMT; 37.6±16.6% at 3 months post-FMT; 50.7±10.1% coexistence in shared species; 39±23% species resistance; 44±14% species coexistence,Netherlands,colon,2009/2010,Metabolic Syndrome,species composition shifts; donor microbiota colonization; strain coexistence patterns; microbial diversity changes,FMT1; FMT2; FMT3; FMT4; FMT5; SELF1; SELF2; SELF3; SELF4; SELF5,Homo sapiens,Amsterdam,ERR1297580,27126044,SAMEA3882514,Illumina HiSeq 2000,FMT_metabolic_syndrome_2016,Metabolic Syndrome,Fecal Microbiota Transplantation,"10 subjects: 5 allogenic FMT recipients, 5 autologous FMT (placebo); Three lean donors, unrelated to recipients; 55 fecal samples total sequenced; Samples collected pre-FMT and 4 times post-FMT; Metabolic syndrome patients; No antibiotics for ≥3 months before treatment; 164 fecal metagenomes analyzed across three study groups; 1105 detected prokaryotic species; 11.8 million variant positions identified; 109 metagenomes from 48 healthy FMT-naïve individuals as control; 42 species tracked at strain level across 5 phyla; Determinant positions ranged 66 to 161,800 per species (median 15,550)"
27126044,No,3,Month,single-nucleotide variants (SNVs); donor-specific SNVs; recipient-specific SNVs; species composition; microbial diversity,percentage (%); mean percentage across species,69.3±21.8% at 2 days post-FMT; 37.6±16.6% at 3 months post-FMT; 50.7±10.1% coexistence in shared species; 39±23% species resistance; 44±14% species coexistence,Netherlands,colon,2009/2010,Metabolic Syndrome,species composition shifts; donor microbiota colonization; strain coexistence patterns; microbial diversity changes,FMT1; FMT2; FMT3; FMT4; FMT5; SELF1; SELF2; SELF3; SELF4; SELF5,Homo sapiens,Amsterdam,ERR1297666,27126044,SAMEA3882522,Illumina HiSeq 2000,FMT_metabolic_syndrome_2016,Metabolic Syndrome,Fecal Microbiota Transplantation,"10 subjects: 5 allogenic FMT recipients, 5 autologous FMT (placebo); Three lean donors, unrelated to recipients; 55 fecal samples total sequenced; Samples collected pre-FMT and 4 times post-FMT; Metabolic syndrome patients; No antibiotics for ≥3 months before treatment; 164 fecal metagenomes analyzed across three study groups; 1105 detected prokaryotic species; 11.8 million variant positions identified; 109 metagenomes from 48 healthy FMT-naïve individuals as control; 42 species tracked at strain level across 5 phyla; Determinant positions ranged 66 to 161,800 per species (median 15,550)"
27126044,No,3,Month,single-nucleotide variants (SNVs); donor-specific SNVs; recipient-specific SNVs; species composition; microbial diversity,percentage (%); mean percentage across species,69.3±21.8% at 2 days post-FMT; 37.6±16.6% at 3 months post-FMT; 50.7±10.1% coexistence in shared species; 39±23% species resistance; 44±14% species coexistence,Netherlands,colon,2009/2010,Metabolic Syndrome,species composition shifts; donor microbiota colonization; strain coexistence patterns; microbial diversity changes,FMT1; FMT2; FMT3; FMT4; FMT5; SELF1; SELF2; SELF3; SELF4; SELF5,Homo sapiens,Amsterdam,ERR1297760,27126044,SAMEA3882505,Illumina HiSeq 2000,FMT_metabolic_syndrome_2016,Metabolic Syndrome,Fecal Microbiota Transplantation,"10 subjects: 5 allogenic FMT recipients, 5 autologous FMT (placebo); Three lean donors, unrelated to recipients; 55 fecal samples total sequenced; Samples collected pre-FMT and 4 times post-FMT; Metabolic syndrome patients; No antibiotics for ≥3 months before treatment; 164 fecal metagenomes analyzed across three study groups; 1105 detected prokaryotic species; 11.8 million variant positions identified; 109 metagenomes from 48 healthy FMT-naïve individuals as control; 42 species tracked at strain level across 5 phyla; Determinant positions ranged 66 to 161,800 per species (median 15,550)"
27126044,No,3,Month,single-nucleotide variants (SNVs); donor-specific SNVs; recipient-specific SNVs; species composition; microbial diversity,percentage (%); mean percentage across species,69.3±21.8% at 2 days post-FMT; 37.6±16.6% at 3 months post-FMT; 50.7±10.1% coexistence in shared species; 39±23% species resistance; 44±14% species coexistence,Netherlands,colon,2009/2010,Metabolic Syndrome,species composition shifts; donor microbiota colonization; strain coexistence patterns; microbial diversity changes,FMT1; FMT2; FMT3; FMT4; FMT5; SELF1; SELF2; SELF3; SELF4; SELF5,Homo sapiens,Amsterdam,ERR1297582,27126044,SAMEA3882514,Illumina HiSeq 2000,FMT_metabolic_syndrome_2016,Metabolic Syndrome,Fecal Microbiota Transplantation,"10 subjects: 5 allogenic FMT recipients, 5 autologous FMT (placebo); Three lean donors, unrelated to recipients; 55 fecal samples total sequenced; Samples collected pre-FMT and 4 times post-FMT; Metabolic syndrome patients; No antibiotics for ≥3 months before treatment; 164 fecal metagenomes analyzed across three study groups; 1105 detected prokaryotic species; 11.8 million variant positions identified; 109 metagenomes from 48 healthy FMT-naïve individuals as control; 42 species tracked at strain level across 5 phyla; Determinant positions ranged 66 to 161,800 per species (median 15,550)"
27126044,No,3,Month,single-nucleotide variants (SNVs); donor-specific SNVs; recipient-specific SNVs; species composition; microbial diversity,percentage (%); mean percentage across species,69.3±21.8% at 2 days post-FMT; 37.6±16.6% at 3 months post-FMT; 50.7±10.1% coexistence in shared species; 39±23% species resistance; 44±14% species coexistence,Netherlands,colon,2009/2010,Metabolic Syndrome,species composition shifts; donor microbiota colonization; strain coexistence patterns; microbial diversity changes,FMT1; FMT2; FMT3; FMT4; FMT5; SELF1; SELF2; SELF3; SELF4; SELF5,Homo sapiens,Amsterdam,ERR1297764,27126044,SAMEA3882507,Illumina HiSeq 2000,FMT_metabolic_syndrome_2016,Metabolic Syndrome,Fecal Microbiota Transplantation,"10 subjects: 5 allogenic FMT recipients, 5 autologous FMT (placebo); Three lean donors, unrelated to recipients; 55 fecal samples total sequenced; Samples collected pre-FMT and 4 times post-FMT; Metabolic syndrome patients; No antibiotics for ≥3 months before treatment; 164 fecal metagenomes analyzed across three study groups; 1105 detected prokaryotic species; 11.8 million variant positions identified; 109 metagenomes from 48 healthy FMT-naïve individuals as control; 42 species tracked at strain level across 5 phyla; Determinant positions ranged 66 to 161,800 per species (median 15,550)"
27126044,No,3,Month,single-nucleotide variants (SNVs); donor-specific SNVs; recipient-specific SNVs; species composition; microbial diversity,percentage (%); mean percentage across species,69.3±21.8% at 2 days post-FMT; 37.6±16.6% at 3 months post-FMT; 50.7±10.1% coexistence in shared species; 39±23% species resistance; 44±14% species coexistence,Netherlands,colon,2009/2010,Metabolic Syndrome,species composition shifts; donor microbiota colonization; strain coexistence patterns; microbial diversity changes,FMT1; FMT2; FMT3; FMT4; FMT5; SELF1; SELF2; SELF3; SELF4; SELF5,Homo sapiens,Amsterdam,ERR1297667,27126044,SAMEA3882531,Illumina HiSeq 2000,FMT_metabolic_syndrome_2016,Metabolic Syndrome,Fecal Microbiota Transplantation,"10 subjects: 5 allogenic FMT recipients, 5 autologous FMT (placebo); Three lean donors, unrelated to recipients; 55 fecal samples total sequenced; Samples collected pre-FMT and 4 times post-FMT; Metabolic syndrome patients; No antibiotics for ≥3 months before treatment; 164 fecal metagenomes analyzed across three study groups; 1105 detected prokaryotic species; 11.8 million variant positions identified; 109 metagenomes from 48 healthy FMT-naïve individuals as control; 42 species tracked at strain level across 5 phyla; Determinant positions ranged 66 to 161,800 per species (median 15,550)"
27126044,No,3,Month,single-nucleotide variants (SNVs); donor-specific SNVs; recipient-specific SNVs; species composition; microbial diversity,percentage (%); mean percentage across species,69.3±21.8% at 2 days post-FMT; 37.6±16.6% at 3 months post-FMT; 50.7±10.1% coexistence in shared species; 39±23% species resistance; 44±14% species coexistence,Netherlands,colon,2009/2010,Metabolic Syndrome,species composition shifts; donor microbiota colonization; strain coexistence patterns; microbial diversity changes,FMT1; FMT2; FMT3; FMT4; FMT5; SELF1; SELF2; SELF3; SELF4; SELF5,Homo sapiens,Amsterdam,ERR1297765,27126044,SAMEA3882530,Illumina HiSeq 2000,FMT_metabolic_syndrome_2016,Metabolic Syndrome,Fecal Microbiota Transplantation,"10 subjects: 5 allogenic FMT recipients, 5 autologous FMT (placebo); Three lean donors, unrelated to recipients; 55 fecal samples total sequenced; Samples collected pre-FMT and 4 times post-FMT; Metabolic syndrome patients; No antibiotics for ≥3 months before treatment; 164 fecal metagenomes analyzed across three study groups; 1105 detected prokaryotic species; 11.8 million variant positions identified; 109 metagenomes from 48 healthy FMT-naïve individuals as control; 42 species tracked at strain level across 5 phyla; Determinant positions ranged 66 to 161,800 per species (median 15,550)"
27126044,No,3,Month,single-nucleotide variants (SNVs); donor-specific SNVs; recipient-specific SNVs; species composition; microbial diversity,percentage (%); mean percentage across species,69.3±21.8% at 2 days post-FMT; 37.6±16.6% at 3 months post-FMT; 50.7±10.1% coexistence in shared species; 39±23% species resistance; 44±14% species coexistence,Netherlands,colon,2009/2010,Metabolic Syndrome,species composition shifts; donor microbiota colonization; strain coexistence patterns; microbial diversity changes,FMT1; FMT2; FMT3; FMT4; FMT5; SELF1; SELF2; SELF3; SELF4; SELF5,Homo sapiens,Amsterdam,ERR1297589,27126044,SAMEA3882554,Illumina HiSeq 2000,FMT_metabolic_syndrome_2016,Metabolic Syndrome,Fecal Microbiota Transplantation,"10 subjects: 5 allogenic FMT recipients, 5 autologous FMT (placebo); Three lean donors, unrelated to recipients; 55 fecal samples total sequenced; Samples collected pre-FMT and 4 times post-FMT; Metabolic syndrome patients; No antibiotics for ≥3 months before treatment; 164 fecal metagenomes analyzed across three study groups; 1105 detected prokaryotic species; 11.8 million variant positions identified; 109 metagenomes from 48 healthy FMT-naïve individuals as control; 42 species tracked at strain level across 5 phyla; Determinant positions ranged 66 to 161,800 per species (median 15,550)"
27126044,No,3,Month,single-nucleotide variants (SNVs); donor-specific SNVs; recipient-specific SNVs; species composition; microbial diversity,percentage (%); mean percentage across species,69.3±21.8% at 2 days post-FMT; 37.6±16.6% at 3 months post-FMT; 50.7±10.1% coexistence in shared species; 39±23% species resistance; 44±14% species coexistence,Netherlands,colon,2009/2010,Metabolic Syndrome,species composition shifts; donor microbiota colonization; strain coexistence patterns; microbial diversity changes,FMT1; FMT2; FMT3; FMT4; FMT5; SELF1; SELF2; SELF3; SELF4; SELF5,Homo sapiens,Amsterdam,ERR1297668,27126044,SAMEA3882534,Illumina HiSeq 2000,FMT_metabolic_syndrome_2016,Metabolic Syndrome,Fecal Microbiota Transplantation,"10 subjects: 5 allogenic FMT recipients, 5 autologous FMT (placebo); Three lean donors, unrelated to recipients; 55 fecal samples total sequenced; Samples collected pre-FMT and 4 times post-FMT; Metabolic syndrome patients; No antibiotics for ≥3 months before treatment; 164 fecal metagenomes analyzed across three study groups; 1105 detected prokaryotic species; 11.8 million variant positions identified; 109 metagenomes from 48 healthy FMT-naïve individuals as control; 42 species tracked at strain level across 5 phyla; Determinant positions ranged 66 to 161,800 per species (median 15,550)"
27126044,No,3,Month,single-nucleotide variants (SNVs); donor-specific SNVs; recipient-specific SNVs; species composition; microbial diversity,percentage (%); mean percentage across species,69.3±21.8% at 2 days post-FMT; 37.6±16.6% at 3 months post-FMT; 50.7±10.1% coexistence in shared species; 39±23% species resistance; 44±14% species coexistence,Netherlands,colon,2009/2010,Metabolic Syndrome,species composition shifts; donor microbiota colonization; strain coexistence patterns; microbial diversity changes,FMT1; FMT2; FMT3; FMT4; FMT5; SELF1; SELF2; SELF3; SELF4; SELF5,Homo sapiens,Amsterdam,ERR1297774,27126044,SAMEA3882555,Illumina HiSeq 2000,FMT_metabolic_syndrome_2016,Metabolic Syndrome,Fecal Microbiota Transplantation,"10 subjects: 5 allogenic FMT recipients, 5 autologous FMT (placebo); Three lean donors, unrelated to recipients; 55 fecal samples total sequenced; Samples collected pre-FMT and 4 times post-FMT; Metabolic syndrome patients; No antibiotics for ≥3 months before treatment; 164 fecal metagenomes analyzed across three study groups; 1105 detected prokaryotic species; 11.8 million variant positions identified; 109 metagenomes from 48 healthy FMT-naïve individuals as control; 42 species tracked at strain level across 5 phyla; Determinant positions ranged 66 to 161,800 per species (median 15,550)"
27126044,No,3,Month,single-nucleotide variants (SNVs); donor-specific SNVs; recipient-specific SNVs; species composition; microbial diversity,percentage (%); mean percentage across species,69.3±21.8% at 2 days post-FMT; 37.6±16.6% at 3 months post-FMT; 50.7±10.1% coexistence in shared species; 39±23% species resistance; 44±14% species coexistence,Netherlands,colon,2009/2010,Metabolic Syndrome,species composition shifts; donor microbiota colonization; strain coexistence patterns; microbial diversity changes,FMT1; FMT2; FMT3; FMT4; FMT5; SELF1; SELF2; SELF3; SELF4; SELF5,Homo sapiens,Amsterdam,ERR1297596,27126044,SAMEA3882524,Illumina HiSeq 2000,FMT_metabolic_syndrome_2016,Metabolic Syndrome,Fecal Microbiota Transplantation,"10 subjects: 5 allogenic FMT recipients, 5 autologous FMT (placebo); Three lean donors, unrelated to recipients; 55 fecal samples total sequenced; Samples collected pre-FMT and 4 times post-FMT; Metabolic syndrome patients; No antibiotics for ≥3 months before treatment; 164 fecal metagenomes analyzed across three study groups; 1105 detected prokaryotic species; 11.8 million variant positions identified; 109 metagenomes from 48 healthy FMT-naïve individuals as control; 42 species tracked at strain level across 5 phyla; Determinant positions ranged 66 to 161,800 per species (median 15,550)"
27126044,No,3,Month,single-nucleotide variants (SNVs); donor-specific SNVs; recipient-specific SNVs; species composition; microbial diversity,percentage (%); mean percentage across species,69.3±21.8% at 2 days post-FMT; 37.6±16.6% at 3 months post-FMT; 50.7±10.1% coexistence in shared species; 39±23% species resistance; 44±14% species coexistence,Netherlands,colon,2009/2010,Metabolic Syndrome,species composition shifts; donor microbiota colonization; strain coexistence patterns; microbial diversity changes,FMT1; FMT2; FMT3; FMT4; FMT5; SELF1; SELF2; SELF3; SELF4; SELF5,Homo sapiens,Amsterdam,ERR1297775,27126044,SAMEA3882507,Illumina HiSeq 2000,FMT_metabolic_syndrome_2016,Metabolic Syndrome,Fecal Microbiota Transplantation,"10 subjects: 5 allogenic FMT recipients, 5 autologous FMT (placebo); Three lean donors, unrelated to recipients; 55 fecal samples total sequenced; Samples collected pre-FMT and 4 times post-FMT; Metabolic syndrome patients; No antibiotics for ≥3 months before treatment; 164 fecal metagenomes analyzed across three study groups; 1105 detected prokaryotic species; 11.8 million variant positions identified; 109 metagenomes from 48 healthy FMT-naïve individuals as control; 42 species tracked at strain level across 5 phyla; Determinant positions ranged 66 to 161,800 per species (median 15,550)"
27126044,No,3,Month,single-nucleotide variants (SNVs); donor-specific SNVs; recipient-specific SNVs; species composition; microbial diversity,percentage (%); mean percentage across species,69.3±21.8% at 2 days post-FMT; 37.6±16.6% at 3 months post-FMT; 50.7±10.1% coexistence in shared species; 39±23% species resistance; 44±14% species coexistence,Netherlands,colon,2009/2010,Metabolic Syndrome,species composition shifts; donor microbiota colonization; strain coexistence patterns; microbial diversity changes,FMT1; FMT2; FMT3; FMT4; FMT5; SELF1; SELF2; SELF3; SELF4; SELF5,Homo sapiens,Amsterdam,ERR1297780,27126044,SAMEA3882505,Illumina HiSeq 2000,FMT_metabolic_syndrome_2016,Metabolic Syndrome,Fecal Microbiota Transplantation,"10 subjects: 5 allogenic FMT recipients, 5 autologous FMT (placebo); Three lean donors, unrelated to recipients; 55 fecal samples total sequenced; Samples collected pre-FMT and 4 times post-FMT; Metabolic syndrome patients; No antibiotics for ≥3 months before treatment; 164 fecal metagenomes analyzed across three study groups; 1105 detected prokaryotic species; 11.8 million variant positions identified; 109 metagenomes from 48 healthy FMT-naïve individuals as control; 42 species tracked at strain level across 5 phyla; Determinant positions ranged 66 to 161,800 per species (median 15,550)"
27126044,No,3,Month,single-nucleotide variants (SNVs); donor-specific SNVs; recipient-specific SNVs; species composition; microbial diversity,percentage (%); mean percentage across species,69.3±21.8% at 2 days post-FMT; 37.6±16.6% at 3 months post-FMT; 50.7±10.1% coexistence in shared species; 39±23% species resistance; 44±14% species coexistence,Netherlands,colon,2009/2010,Metabolic Syndrome,species composition shifts; donor microbiota colonization; strain coexistence patterns; microbial diversity changes,FMT1; FMT2; FMT3; FMT4; FMT5; SELF1; SELF2; SELF3; SELF4; SELF5,Homo sapiens,Amsterdam,ERR1297597,27126044,SAMEA3882526,Illumina HiSeq 2000,FMT_metabolic_syndrome_2016,Metabolic Syndrome,Fecal Microbiota Transplantation,"10 subjects: 5 allogenic FMT recipients, 5 autologous FMT (placebo); Three lean donors, unrelated to recipients; 55 fecal samples total sequenced; Samples collected pre-FMT and 4 times post-FMT; Metabolic syndrome patients; No antibiotics for ≥3 months before treatment; 164 fecal metagenomes analyzed across three study groups; 1105 detected prokaryotic species; 11.8 million variant positions identified; 109 metagenomes from 48 healthy FMT-naïve individuals as control; 42 species tracked at strain level across 5 phyla; Determinant positions ranged 66 to 161,800 per species (median 15,550)"
27126044,No,3,Month,single-nucleotide variants (SNVs); donor-specific SNVs; recipient-specific SNVs; species composition; microbial diversity,percentage (%); mean percentage across species,69.3±21.8% at 2 days post-FMT; 37.6±16.6% at 3 months post-FMT; 50.7±10.1% coexistence in shared species; 39±23% species resistance; 44±14% species coexistence,Netherlands,colon,2009/2010,Metabolic Syndrome,species composition shifts; donor microbiota colonization; strain coexistence patterns; microbial diversity changes,FMT1; FMT2; FMT3; FMT4; FMT5; SELF1; SELF2; SELF3; SELF4; SELF5,Homo sapiens,Amsterdam,ERR1297787,27126044,SAMEA3882518,Illumina HiSeq 2000,FMT_metabolic_syndrome_2016,Metabolic Syndrome,Fecal Microbiota Transplantation,"10 subjects: 5 allogenic FMT recipients, 5 autologous FMT (placebo); Three lean donors, unrelated to recipients; 55 fecal samples total sequenced; Samples collected pre-FMT and 4 times post-FMT; Metabolic syndrome patients; No antibiotics for ≥3 months before treatment; 164 fecal metagenomes analyzed across three study groups; 1105 detected prokaryotic species; 11.8 million variant positions identified; 109 metagenomes from 48 healthy FMT-naïve individuals as control; 42 species tracked at strain level across 5 phyla; Determinant positions ranged 66 to 161,800 per species (median 15,550)"
27126044,No,3,Month,single-nucleotide variants (SNVs); donor-specific SNVs; recipient-specific SNVs; species composition; microbial diversity,percentage (%); mean percentage across species,69.3±21.8% at 2 days post-FMT; 37.6±16.6% at 3 months post-FMT; 50.7±10.1% coexistence in shared species; 39±23% species resistance; 44±14% species coexistence,Netherlands,colon,2009/2010,Metabolic Syndrome,species composition shifts; donor microbiota colonization; strain coexistence patterns; microbial diversity changes,FMT1; FMT2; FMT3; FMT4; FMT5; SELF1; SELF2; SELF3; SELF4; SELF5,Homo sapiens,Amsterdam,ERR1297602,27126044,SAMEA3882509,Illumina HiSeq 2000,FMT_metabolic_syndrome_2016,Metabolic Syndrome,Fecal Microbiota Transplantation,"10 subjects: 5 allogenic FMT recipients, 5 autologous FMT (placebo); Three lean donors, unrelated to recipients; 55 fecal samples total sequenced; Samples collected pre-FMT and 4 times post-FMT; Metabolic syndrome patients; No antibiotics for ≥3 months before treatment; 164 fecal metagenomes analyzed across three study groups; 1105 detected prokaryotic species; 11.8 million variant positions identified; 109 metagenomes from 48 healthy FMT-naïve individuals as control; 42 species tracked at strain level across 5 phyla; Determinant positions ranged 66 to 161,800 per species (median 15,550)"
27126044,No,3,Month,single-nucleotide variants (SNVs); donor-specific SNVs; recipient-specific SNVs; species composition; microbial diversity,percentage (%); mean percentage across species,69.3±21.8% at 2 days post-FMT; 37.6±16.6% at 3 months post-FMT; 50.7±10.1% coexistence in shared species; 39±23% species resistance; 44±14% species coexistence,Netherlands,colon,2009/2010,Metabolic Syndrome,species composition shifts; donor microbiota colonization; strain coexistence patterns; microbial diversity changes,FMT1; FMT2; FMT3; FMT4; FMT5; SELF1; SELF2; SELF3; SELF4; SELF5,Homo sapiens,Amsterdam,ERR1297669,27126044,SAMEA3882511,Illumina HiSeq 2000,FMT_metabolic_syndrome_2016,Metabolic Syndrome,Fecal Microbiota Transplantation,"10 subjects: 5 allogenic FMT recipients, 5 autologous FMT (placebo); Three lean donors, unrelated to recipients; 55 fecal samples total sequenced; Samples collected pre-FMT and 4 times post-FMT; Metabolic syndrome patients; No antibiotics for ≥3 months before treatment; 164 fecal metagenomes analyzed across three study groups; 1105 detected prokaryotic species; 11.8 million variant positions identified; 109 metagenomes from 48 healthy FMT-naïve individuals as control; 42 species tracked at strain level across 5 phyla; Determinant positions ranged 66 to 161,800 per species (median 15,550)"
27126044,No,3,Month,single-nucleotide variants (SNVs); donor-specific SNVs; recipient-specific SNVs; species composition; microbial diversity,percentage (%); mean percentage across species,69.3±21.8% at 2 days post-FMT; 37.6±16.6% at 3 months post-FMT; 50.7±10.1% coexistence in shared species; 39±23% species resistance; 44±14% species coexistence,Netherlands,colon,2009/2010,Metabolic Syndrome,species composition shifts; donor microbiota colonization; strain coexistence patterns; microbial diversity changes,FMT1; FMT2; FMT3; FMT4; FMT5; SELF1; SELF2; SELF3; SELF4; SELF5,Homo sapiens,Amsterdam,ERR1297788,27126044,SAMEA3882556,Illumina HiSeq 2000,FMT_metabolic_syndrome_2016,Metabolic Syndrome,Fecal Microbiota Transplantation,"10 subjects: 5 allogenic FMT recipients, 5 autologous FMT (placebo); Three lean donors, unrelated to recipients; 55 fecal samples total sequenced; Samples collected pre-FMT and 4 times post-FMT; Metabolic syndrome patients; No antibiotics for ≥3 months before treatment; 164 fecal metagenomes analyzed across three study groups; 1105 detected prokaryotic species; 11.8 million variant positions identified; 109 metagenomes from 48 healthy FMT-naïve individuals as control; 42 species tracked at strain level across 5 phyla; Determinant positions ranged 66 to 161,800 per species (median 15,550)"
27126044,No,3,Month,single-nucleotide variants (SNVs); donor-specific SNVs; recipient-specific SNVs; species composition; microbial diversity,percentage (%); mean percentage across species,69.3±21.8% at 2 days post-FMT; 37.6±16.6% at 3 months post-FMT; 50.7±10.1% coexistence in shared species; 39±23% species resistance; 44±14% species coexistence,Netherlands,colon,2009/2010,Metabolic Syndrome,species composition shifts; donor microbiota colonization; strain coexistence patterns; microbial diversity changes,FMT1; FMT2; FMT3; FMT4; FMT5; SELF1; SELF2; SELF3; SELF4; SELF5,Homo sapiens,Amsterdam,ERR1297604,27126044,SAMEA3882542,Illumina HiSeq 2000,FMT_metabolic_syndrome_2016,Metabolic Syndrome,Fecal Microbiota Transplantation,"10 subjects: 5 allogenic FMT recipients, 5 autologous FMT (placebo); Three lean donors, unrelated to recipients; 55 fecal samples total sequenced; Samples collected pre-FMT and 4 times post-FMT; Metabolic syndrome patients; No antibiotics for ≥3 months before treatment; 164 fecal metagenomes analyzed across three study groups; 1105 detected prokaryotic species; 11.8 million variant positions identified; 109 metagenomes from 48 healthy FMT-naïve individuals as control; 42 species tracked at strain level across 5 phyla; Determinant positions ranged 66 to 161,800 per species (median 15,550)"
27126044,No,3,Month,single-nucleotide variants (SNVs); donor-specific SNVs; recipient-specific SNVs; species composition; microbial diversity,percentage (%); mean percentage across species,69.3±21.8% at 2 days post-FMT; 37.6±16.6% at 3 months post-FMT; 50.7±10.1% coexistence in shared species; 39±23% species resistance; 44±14% species coexistence,Netherlands,colon,2009/2010,Metabolic Syndrome,species composition shifts; donor microbiota colonization; strain coexistence patterns; microbial diversity changes,FMT1; FMT2; FMT3; FMT4; FMT5; SELF1; SELF2; SELF3; SELF4; SELF5,Homo sapiens,Amsterdam,ERR1297792,27126044,SAMEA3882526,Illumina HiSeq 2000,FMT_metabolic_syndrome_2016,Metabolic Syndrome,Fecal Microbiota Transplantation,"10 subjects: 5 allogenic FMT recipients, 5 autologous FMT (placebo); Three lean donors, unrelated to recipients; 55 fecal samples total sequenced; Samples collected pre-FMT and 4 times post-FMT; Metabolic syndrome patients; No antibiotics for ≥3 months before treatment; 164 fecal metagenomes analyzed across three study groups; 1105 detected prokaryotic species; 11.8 million variant positions identified; 109 metagenomes from 48 healthy FMT-naïve individuals as control; 42 species tracked at strain level across 5 phyla; Determinant positions ranged 66 to 161,800 per species (median 15,550)"
27126044,No,3,Month,single-nucleotide variants (SNVs); donor-specific SNVs; recipient-specific SNVs; species composition; microbial diversity,percentage (%); mean percentage across species,69.3±21.8% at 2 days post-FMT; 37.6±16.6% at 3 months post-FMT; 50.7±10.1% coexistence in shared species; 39±23% species resistance; 44±14% species coexistence,Netherlands,colon,2009/2010,Metabolic Syndrome,species composition shifts; donor microbiota colonization; strain coexistence patterns; microbial diversity changes,FMT1; FMT2; FMT3; FMT4; FMT5; SELF1; SELF2; SELF3; SELF4; SELF5,Homo sapiens,Amsterdam,ERR1297679,27126044,SAMEA3882537,Illumina HiSeq 2000,FMT_metabolic_syndrome_2016,Metabolic Syndrome,Fecal Microbiota Transplantation,"10 subjects: 5 allogenic FMT recipients, 5 autologous FMT (placebo); Three lean donors, unrelated to recipients; 55 fecal samples total sequenced; Samples collected pre-FMT and 4 times post-FMT; Metabolic syndrome patients; No antibiotics for ≥3 months before treatment; 164 fecal metagenomes analyzed across three study groups; 1105 detected prokaryotic species; 11.8 million variant positions identified; 109 metagenomes from 48 healthy FMT-naïve individuals as control; 42 species tracked at strain level across 5 phyla; Determinant positions ranged 66 to 161,800 per species (median 15,550)"
27126044,No,3,Month,single-nucleotide variants (SNVs); donor-specific SNVs; recipient-specific SNVs; species composition; microbial diversity,percentage (%); mean percentage across species,69.3±21.8% at 2 days post-FMT; 37.6±16.6% at 3 months post-FMT; 50.7±10.1% coexistence in shared species; 39±23% species resistance; 44±14% species coexistence,Netherlands,colon,2009/2010,Metabolic Syndrome,species composition shifts; donor microbiota colonization; strain coexistence patterns; microbial diversity changes,FMT1; FMT2; FMT3; FMT4; FMT5; SELF1; SELF2; SELF3; SELF4; SELF5,Homo sapiens,Amsterdam,ERR1297606,27126044,SAMEA3882519,Illumina HiSeq 2000,FMT_metabolic_syndrome_2016,Metabolic Syndrome,Fecal Microbiota Transplantation,"10 subjects: 5 allogenic FMT recipients, 5 autologous FMT (placebo); Three lean donors, unrelated to recipients; 55 fecal samples total sequenced; Samples collected pre-FMT and 4 times post-FMT; Metabolic syndrome patients; No antibiotics for ≥3 months before treatment; 164 fecal metagenomes analyzed across three study groups; 1105 detected prokaryotic species; 11.8 million variant positions identified; 109 metagenomes from 48 healthy FMT-naïve individuals as control; 42 species tracked at strain level across 5 phyla; Determinant positions ranged 66 to 161,800 per species (median 15,550)"
27126044,No,3,Month,single-nucleotide variants (SNVs); donor-specific SNVs; recipient-specific SNVs; species composition; microbial diversity,percentage (%); mean percentage across species,69.3±21.8% at 2 days post-FMT; 37.6±16.6% at 3 months post-FMT; 50.7±10.1% coexistence in shared species; 39±23% species resistance; 44±14% species coexistence,Netherlands,colon,2009/2010,Metabolic Syndrome,species composition shifts; donor microbiota colonization; strain coexistence patterns; microbial diversity changes,FMT1; FMT2; FMT3; FMT4; FMT5; SELF1; SELF2; SELF3; SELF4; SELF5,Homo sapiens,Amsterdam,ERR1297793,27126044,SAMEA3882543,Illumina HiSeq 2000,FMT_metabolic_syndrome_2016,Metabolic Syndrome,Fecal Microbiota Transplantation,"10 subjects: 5 allogenic FMT recipients, 5 autologous FMT (placebo); Three lean donors, unrelated to recipients; 55 fecal samples total sequenced; Samples collected pre-FMT and 4 times post-FMT; Metabolic syndrome patients; No antibiotics for ≥3 months before treatment; 164 fecal metagenomes analyzed across three study groups; 1105 detected prokaryotic species; 11.8 million variant positions identified; 109 metagenomes from 48 healthy FMT-naïve individuals as control; 42 species tracked at strain level across 5 phyla; Determinant positions ranged 66 to 161,800 per species (median 15,550)"
27126044,No,3,Month,single-nucleotide variants (SNVs); donor-specific SNVs; recipient-specific SNVs; species composition; microbial diversity,percentage (%); mean percentage across species,69.3±21.8% at 2 days post-FMT; 37.6±16.6% at 3 months post-FMT; 50.7±10.1% coexistence in shared species; 39±23% species resistance; 44±14% species coexistence,Netherlands,colon,2009/2010,Metabolic Syndrome,species composition shifts; donor microbiota colonization; strain coexistence patterns; microbial diversity changes,FMT1; FMT2; FMT3; FMT4; FMT5; SELF1; SELF2; SELF3; SELF4; SELF5,Homo sapiens,Amsterdam,ERR1297680,27126044,SAMEA3882506,Illumina HiSeq 2000,FMT_metabolic_syndrome_2016,Metabolic Syndrome,Fecal Microbiota Transplantation,"10 subjects: 5 allogenic FMT recipients, 5 autologous FMT (placebo); Three lean donors, unrelated to recipients; 55 fecal samples total sequenced; Samples collected pre-FMT and 4 times post-FMT; Metabolic syndrome patients; No antibiotics for ≥3 months before treatment; 164 fecal metagenomes analyzed across three study groups; 1105 detected prokaryotic species; 11.8 million variant positions identified; 109 metagenomes from 48 healthy FMT-naïve individuals as control; 42 species tracked at strain level across 5 phyla; Determinant positions ranged 66 to 161,800 per species (median 15,550)"
27126044,No,3,Month,single-nucleotide variants (SNVs); donor-specific SNVs; recipient-specific SNVs; species composition; microbial diversity,percentage (%); mean percentage across species,69.3±21.8% at 2 days post-FMT; 37.6±16.6% at 3 months post-FMT; 50.7±10.1% coexistence in shared species; 39±23% species resistance; 44±14% species coexistence,Netherlands,colon,2009/2010,Metabolic Syndrome,species composition shifts; donor microbiota colonization; strain coexistence patterns; microbial diversity changes,FMT1; FMT2; FMT3; FMT4; FMT5; SELF1; SELF2; SELF3; SELF4; SELF5,Homo sapiens,Amsterdam,ERR1297609,27126044,SAMEA3882530,Illumina HiSeq 2000,FMT_metabolic_syndrome_2016,Metabolic Syndrome,Fecal Microbiota Transplantation,"10 subjects: 5 allogenic FMT recipients, 5 autologous FMT (placebo); Three lean donors, unrelated to recipients; 55 fecal samples total sequenced; Samples collected pre-FMT and 4 times post-FMT; Metabolic syndrome patients; No antibiotics for ≥3 months before treatment; 164 fecal metagenomes analyzed across three study groups; 1105 detected prokaryotic species; 11.8 million variant positions identified; 109 metagenomes from 48 healthy FMT-naïve individuals as control; 42 species tracked at strain level across 5 phyla; Determinant positions ranged 66 to 161,800 per species (median 15,550)"
27126044,No,3,Month,single-nucleotide variants (SNVs); donor-specific SNVs; recipient-specific SNVs; species composition; microbial diversity,percentage (%); mean percentage across species,69.3±21.8% at 2 days post-FMT; 37.6±16.6% at 3 months post-FMT; 50.7±10.1% coexistence in shared species; 39±23% species resistance; 44±14% species coexistence,Netherlands,colon,2009/2010,Metabolic Syndrome,species composition shifts; donor microbiota colonization; strain coexistence patterns; microbial diversity changes,FMT1; FMT2; FMT3; FMT4; FMT5; SELF1; SELF2; SELF3; SELF4; SELF5,Homo sapiens,Amsterdam,ERR1297796,27126044,SAMEA3882506,Illumina HiSeq 2000,FMT_metabolic_syndrome_2016,Metabolic Syndrome,Fecal Microbiota Transplantation,"10 subjects: 5 allogenic FMT recipients, 5 autologous FMT (placebo); Three lean donors, unrelated to recipients; 55 fecal samples total sequenced; Samples collected pre-FMT and 4 times post-FMT; Metabolic syndrome patients; No antibiotics for ≥3 months before treatment; 164 fecal metagenomes analyzed across three study groups; 1105 detected prokaryotic species; 11.8 million variant positions identified; 109 metagenomes from 48 healthy FMT-naïve individuals as control; 42 species tracked at strain level across 5 phyla; Determinant positions ranged 66 to 161,800 per species (median 15,550)"
27126044,No,3,Month,single-nucleotide variants (SNVs); donor-specific SNVs; recipient-specific SNVs; species composition; microbial diversity,percentage (%); mean percentage across species,69.3±21.8% at 2 days post-FMT; 37.6±16.6% at 3 months post-FMT; 50.7±10.1% coexistence in shared species; 39±23% species resistance; 44±14% species coexistence,Netherlands,colon,2009/2010,Metabolic Syndrome,species composition shifts; donor microbiota colonization; strain coexistence patterns; microbial diversity changes,FMT1; FMT2; FMT3; FMT4; FMT5; SELF1; SELF2; SELF3; SELF4; SELF5,Homo sapiens,Amsterdam,ERR1297682,27126044,SAMEA3882508,Illumina HiSeq 2000,FMT_metabolic_syndrome_2016,Metabolic Syndrome,Fecal Microbiota Transplantation,"10 subjects: 5 allogenic FMT recipients, 5 autologous FMT (placebo); Three lean donors, unrelated to recipients; 55 fecal samples total sequenced; Samples collected pre-FMT and 4 times post-FMT; Metabolic syndrome patients; No antibiotics for ≥3 months before treatment; 164 fecal metagenomes analyzed across three study groups; 1105 detected prokaryotic species; 11.8 million variant positions identified; 109 metagenomes from 48 healthy FMT-naïve individuals as control; 42 species tracked at strain level across 5 phyla; Determinant positions ranged 66 to 161,800 per species (median 15,550)"
27126044,No,3,Month,single-nucleotide variants (SNVs); donor-specific SNVs; recipient-specific SNVs; species composition; microbial diversity,percentage (%); mean percentage across species,69.3±21.8% at 2 days post-FMT; 37.6±16.6% at 3 months post-FMT; 50.7±10.1% coexistence in shared species; 39±23% species resistance; 44±14% species coexistence,Netherlands,colon,2009/2010,Metabolic Syndrome,species composition shifts; donor microbiota colonization; strain coexistence patterns; microbial diversity changes,FMT1; FMT2; FMT3; FMT4; FMT5; SELF1; SELF2; SELF3; SELF4; SELF5,Homo sapiens,Amsterdam,ERR1297610,27126044,SAMEA3882514,Illumina HiSeq 2000,FMT_metabolic_syndrome_2016,Metabolic Syndrome,Fecal Microbiota Transplantation,"10 subjects: 5 allogenic FMT recipients, 5 autologous FMT (placebo); Three lean donors, unrelated to recipients; 55 fecal samples total sequenced; Samples collected pre-FMT and 4 times post-FMT; Metabolic syndrome patients; No antibiotics for ≥3 months before treatment; 164 fecal metagenomes analyzed across three study groups; 1105 detected prokaryotic species; 11.8 million variant positions identified; 109 metagenomes from 48 healthy FMT-naïve individuals as control; 42 species tracked at strain level across 5 phyla; Determinant positions ranged 66 to 161,800 per species (median 15,550)"
27126044,No,3,Month,single-nucleotide variants (SNVs); donor-specific SNVs; recipient-specific SNVs; species composition; microbial diversity,percentage (%); mean percentage across species,69.3±21.8% at 2 days post-FMT; 37.6±16.6% at 3 months post-FMT; 50.7±10.1% coexistence in shared species; 39±23% species resistance; 44±14% species coexistence,Netherlands,colon,2009/2010,Metabolic Syndrome,species composition shifts; donor microbiota colonization; strain coexistence patterns; microbial diversity changes,FMT1; FMT2; FMT3; FMT4; FMT5; SELF1; SELF2; SELF3; SELF4; SELF5,Homo sapiens,Amsterdam,ERR1297797,27126044,SAMEA3882503,Illumina HiSeq 2000,FMT_metabolic_syndrome_2016,Metabolic Syndrome,Fecal Microbiota Transplantation,"10 subjects: 5 allogenic FMT recipients, 5 autologous FMT (placebo); Three lean donors, unrelated to recipients; 55 fecal samples total sequenced; Samples collected pre-FMT and 4 times post-FMT; Metabolic syndrome patients; No antibiotics for ≥3 months before treatment; 164 fecal metagenomes analyzed across three study groups; 1105 detected prokaryotic species; 11.8 million variant positions identified; 109 metagenomes from 48 healthy FMT-naïve individuals as control; 42 species tracked at strain level across 5 phyla; Determinant positions ranged 66 to 161,800 per species (median 15,550)"
27126044,No,3,Month,single-nucleotide variants (SNVs); donor-specific SNVs; recipient-specific SNVs; species composition; microbial diversity,percentage (%); mean percentage across species,69.3±21.8% at 2 days post-FMT; 37.6±16.6% at 3 months post-FMT; 50.7±10.1% coexistence in shared species; 39±23% species resistance; 44±14% species coexistence,Netherlands,colon,2009/2010,Metabolic Syndrome,species composition shifts; donor microbiota colonization; strain coexistence patterns; microbial diversity changes,FMT1; FMT2; FMT3; FMT4; FMT5; SELF1; SELF2; SELF3; SELF4; SELF5,Homo sapiens,Amsterdam,ERR1297684,27126044,SAMEA3882524,Illumina HiSeq 2000,FMT_metabolic_syndrome_2016,Metabolic Syndrome,Fecal Microbiota Transplantation,"10 subjects: 5 allogenic FMT recipients, 5 autologous FMT (placebo); Three lean donors, unrelated to recipients; 55 fecal samples total sequenced; Samples collected pre-FMT and 4 times post-FMT; Metabolic syndrome patients; No antibiotics for ≥3 months before treatment; 164 fecal metagenomes analyzed across three study groups; 1105 detected prokaryotic species; 11.8 million variant positions identified; 109 metagenomes from 48 healthy FMT-naïve individuals as control; 42 species tracked at strain level across 5 phyla; Determinant positions ranged 66 to 161,800 per species (median 15,550)"
27126044,No,3,Month,single-nucleotide variants (SNVs); donor-specific SNVs; recipient-specific SNVs; species composition; microbial diversity,percentage (%); mean percentage across species,69.3±21.8% at 2 days post-FMT; 37.6±16.6% at 3 months post-FMT; 50.7±10.1% coexistence in shared species; 39±23% species resistance; 44±14% species coexistence,Netherlands,colon,2009/2010,Metabolic Syndrome,species composition shifts; donor microbiota colonization; strain coexistence patterns; microbial diversity changes,FMT1; FMT2; FMT3; FMT4; FMT5; SELF1; SELF2; SELF3; SELF4; SELF5,Homo sapiens,Amsterdam,ERR1297615,27126044,SAMEA3882543,Illumina HiSeq 2000,FMT_metabolic_syndrome_2016,Metabolic Syndrome,Fecal Microbiota Transplantation,"10 subjects: 5 allogenic FMT recipients, 5 autologous FMT (placebo); Three lean donors, unrelated to recipients; 55 fecal samples total sequenced; Samples collected pre-FMT and 4 times post-FMT; Metabolic syndrome patients; No antibiotics for ≥3 months before treatment; 164 fecal metagenomes analyzed across three study groups; 1105 detected prokaryotic species; 11.8 million variant positions identified; 109 metagenomes from 48 healthy FMT-naïve individuals as control; 42 species tracked at strain level across 5 phyla; Determinant positions ranged 66 to 161,800 per species (median 15,550)"
27126044,No,3,Month,single-nucleotide variants (SNVs); donor-specific SNVs; recipient-specific SNVs; species composition; microbial diversity,percentage (%); mean percentage across species,69.3±21.8% at 2 days post-FMT; 37.6±16.6% at 3 months post-FMT; 50.7±10.1% coexistence in shared species; 39±23% species resistance; 44±14% species coexistence,Netherlands,colon,2009/2010,Metabolic Syndrome,species composition shifts; donor microbiota colonization; strain coexistence patterns; microbial diversity changes,FMT1; FMT2; FMT3; FMT4; FMT5; SELF1; SELF2; SELF3; SELF4; SELF5,Homo sapiens,Amsterdam,ERR1297800,27126044,SAMEA3882554,Illumina HiSeq 2000,FMT_metabolic_syndrome_2016,Metabolic Syndrome,Fecal Microbiota Transplantation,"10 subjects: 5 allogenic FMT recipients, 5 autologous FMT (placebo); Three lean donors, unrelated to recipients; 55 fecal samples total sequenced; Samples collected pre-FMT and 4 times post-FMT; Metabolic syndrome patients; No antibiotics for ≥3 months before treatment; 164 fecal metagenomes analyzed across three study groups; 1105 detected prokaryotic species; 11.8 million variant positions identified; 109 metagenomes from 48 healthy FMT-naïve individuals as control; 42 species tracked at strain level across 5 phyla; Determinant positions ranged 66 to 161,800 per species (median 15,550)"
27126044,No,3,Month,single-nucleotide variants (SNVs); donor-specific SNVs; recipient-specific SNVs; species composition; microbial diversity,percentage (%); mean percentage across species,69.3±21.8% at 2 days post-FMT; 37.6±16.6% at 3 months post-FMT; 50.7±10.1% coexistence in shared species; 39±23% species resistance; 44±14% species coexistence,Netherlands,colon,2009/2010,Metabolic Syndrome,species composition shifts; donor microbiota colonization; strain coexistence patterns; microbial diversity changes,FMT1; FMT2; FMT3; FMT4; FMT5; SELF1; SELF2; SELF3; SELF4; SELF5,Homo sapiens,Amsterdam,ERR1297616,27126044,SAMEA3882545,Illumina HiSeq 2000,FMT_metabolic_syndrome_2016,Metabolic Syndrome,Fecal Microbiota Transplantation,"10 subjects: 5 allogenic FMT recipients, 5 autologous FMT (placebo); Three lean donors, unrelated to recipients; 55 fecal samples total sequenced; Samples collected pre-FMT and 4 times post-FMT; Metabolic syndrome patients; No antibiotics for ≥3 months before treatment; 164 fecal metagenomes analyzed across three study groups; 1105 detected prokaryotic species; 11.8 million variant positions identified; 109 metagenomes from 48 healthy FMT-naïve individuals as control; 42 species tracked at strain level across 5 phyla; Determinant positions ranged 66 to 161,800 per species (median 15,550)"
27126044,No,3,Month,single-nucleotide variants (SNVs); donor-specific SNVs; recipient-specific SNVs; species composition; microbial diversity,percentage (%); mean percentage across species,69.3±21.8% at 2 days post-FMT; 37.6±16.6% at 3 months post-FMT; 50.7±10.1% coexistence in shared species; 39±23% species resistance; 44±14% species coexistence,Netherlands,colon,2009/2010,Metabolic Syndrome,species composition shifts; donor microbiota colonization; strain coexistence patterns; microbial diversity changes,FMT1; FMT2; FMT3; FMT4; FMT5; SELF1; SELF2; SELF3; SELF4; SELF5,Homo sapiens,Amsterdam,ERR1297802,27126044,SAMEA3882511,Illumina HiSeq 2000,FMT_metabolic_syndrome_2016,Metabolic Syndrome,Fecal Microbiota Transplantation,"10 subjects: 5 allogenic FMT recipients, 5 autologous FMT (placebo); Three lean donors, unrelated to recipients; 55 fecal samples total sequenced; Samples collected pre-FMT and 4 times post-FMT; Metabolic syndrome patients; No antibiotics for ≥3 months before treatment; 164 fecal metagenomes analyzed across three study groups; 1105 detected prokaryotic species; 11.8 million variant positions identified; 109 metagenomes from 48 healthy FMT-naïve individuals as control; 42 species tracked at strain level across 5 phyla; Determinant positions ranged 66 to 161,800 per species (median 15,550)"
27126044,No,3,Month,single-nucleotide variants (SNVs); donor-specific SNVs; recipient-specific SNVs; species composition; microbial diversity,percentage (%); mean percentage across species,69.3±21.8% at 2 days post-FMT; 37.6±16.6% at 3 months post-FMT; 50.7±10.1% coexistence in shared species; 39±23% species resistance; 44±14% species coexistence,Netherlands,colon,2009/2010,Metabolic Syndrome,species composition shifts; donor microbiota colonization; strain coexistence patterns; microbial diversity changes,FMT1; FMT2; FMT3; FMT4; FMT5; SELF1; SELF2; SELF3; SELF4; SELF5,Homo sapiens,Amsterdam,ERR1297619,27126044,SAMEA3882544,Illumina HiSeq 2000,FMT_metabolic_syndrome_2016,Metabolic Syndrome,Fecal Microbiota Transplantation,"10 subjects: 5 allogenic FMT recipients, 5 autologous FMT (placebo); Three lean donors, unrelated to recipients; 55 fecal samples total sequenced; Samples collected pre-FMT and 4 times post-FMT; Metabolic syndrome patients; No antibiotics for ≥3 months before treatment; 164 fecal metagenomes analyzed across three study groups; 1105 detected prokaryotic species; 11.8 million variant positions identified; 109 metagenomes from 48 healthy FMT-naïve individuals as control; 42 species tracked at strain level across 5 phyla; Determinant positions ranged 66 to 161,800 per species (median 15,550)"
27126044,No,3,Month,single-nucleotide variants (SNVs); donor-specific SNVs; recipient-specific SNVs; species composition; microbial diversity,percentage (%); mean percentage across species,69.3±21.8% at 2 days post-FMT; 37.6±16.6% at 3 months post-FMT; 50.7±10.1% coexistence in shared species; 39±23% species resistance; 44±14% species coexistence,Netherlands,colon,2009/2010,Metabolic Syndrome,species composition shifts; donor microbiota colonization; strain coexistence patterns; microbial diversity changes,FMT1; FMT2; FMT3; FMT4; FMT5; SELF1; SELF2; SELF3; SELF4; SELF5,Homo sapiens,Amsterdam,ERR1297804,27126044,SAMEA3882520,Illumina HiSeq 2000,FMT_metabolic_syndrome_2016,Metabolic Syndrome,Fecal Microbiota Transplantation,"10 subjects: 5 allogenic FMT recipients, 5 autologous FMT (placebo); Three lean donors, unrelated to recipients; 55 fecal samples total sequenced; Samples collected pre-FMT and 4 times post-FMT; Metabolic syndrome patients; No antibiotics for ≥3 months before treatment; 164 fecal metagenomes analyzed across three study groups; 1105 detected prokaryotic species; 11.8 million variant positions identified; 109 metagenomes from 48 healthy FMT-naïve individuals as control; 42 species tracked at strain level across 5 phyla; Determinant positions ranged 66 to 161,800 per species (median 15,550)"
27126044,No,3,Month,single-nucleotide variants (SNVs); donor-specific SNVs; recipient-specific SNVs; species composition; microbial diversity,percentage (%); mean percentage across species,69.3±21.8% at 2 days post-FMT; 37.6±16.6% at 3 months post-FMT; 50.7±10.1% coexistence in shared species; 39±23% species resistance; 44±14% species coexistence,Netherlands,colon,2009/2010,Metabolic Syndrome,species composition shifts; donor microbiota colonization; strain coexistence patterns; microbial diversity changes,FMT1; FMT2; FMT3; FMT4; FMT5; SELF1; SELF2; SELF3; SELF4; SELF5,Homo sapiens,Amsterdam,ERR1297623,27126044,SAMEA3882527,Illumina HiSeq 2000,FMT_metabolic_syndrome_2016,Metabolic Syndrome,Fecal Microbiota Transplantation,"10 subjects: 5 allogenic FMT recipients, 5 autologous FMT (placebo); Three lean donors, unrelated to recipients; 55 fecal samples total sequenced; Samples collected pre-FMT and 4 times post-FMT; Metabolic syndrome patients; No antibiotics for ≥3 months before treatment; 164 fecal metagenomes analyzed across three study groups; 1105 detected prokaryotic species; 11.8 million variant positions identified; 109 metagenomes from 48 healthy FMT-naïve individuals as control; 42 species tracked at strain level across 5 phyla; Determinant positions ranged 66 to 161,800 per species (median 15,550)"
27126044,No,3,Month,single-nucleotide variants (SNVs); donor-specific SNVs; recipient-specific SNVs; species composition; microbial diversity,percentage (%); mean percentage across species,69.3±21.8% at 2 days post-FMT; 37.6±16.6% at 3 months post-FMT; 50.7±10.1% coexistence in shared species; 39±23% species resistance; 44±14% species coexistence,Netherlands,colon,2009/2010,Metabolic Syndrome,species composition shifts; donor microbiota colonization; strain coexistence patterns; microbial diversity changes,FMT1; FMT2; FMT3; FMT4; FMT5; SELF1; SELF2; SELF3; SELF4; SELF5,Homo sapiens,Amsterdam,ERR1297806,27126044,SAMEA3882519,Illumina HiSeq 2000,FMT_metabolic_syndrome_2016,Metabolic Syndrome,Fecal Microbiota Transplantation,"10 subjects: 5 allogenic FMT recipients, 5 autologous FMT (placebo); Three lean donors, unrelated to recipients; 55 fecal samples total sequenced; Samples collected pre-FMT and 4 times post-FMT; Metabolic syndrome patients; No antibiotics for ≥3 months before treatment; 164 fecal metagenomes analyzed across three study groups; 1105 detected prokaryotic species; 11.8 million variant positions identified; 109 metagenomes from 48 healthy FMT-naïve individuals as control; 42 species tracked at strain level across 5 phyla; Determinant positions ranged 66 to 161,800 per species (median 15,550)"
27126044,No,3,Month,single-nucleotide variants (SNVs); donor-specific SNVs; recipient-specific SNVs; species composition; microbial diversity,percentage (%); mean percentage across species,69.3±21.8% at 2 days post-FMT; 37.6±16.6% at 3 months post-FMT; 50.7±10.1% coexistence in shared species; 39±23% species resistance; 44±14% species coexistence,Netherlands,colon,2009/2010,Metabolic Syndrome,species composition shifts; donor microbiota colonization; strain coexistence patterns; microbial diversity changes,FMT1; FMT2; FMT3; FMT4; FMT5; SELF1; SELF2; SELF3; SELF4; SELF5,Homo sapiens,Amsterdam,ERR1297807,27126044,SAMEA3882533,Illumina HiSeq 2000,FMT_metabolic_syndrome_2016,Metabolic Syndrome,Fecal Microbiota Transplantation,"10 subjects: 5 allogenic FMT recipients, 5 autologous FMT (placebo); Three lean donors, unrelated to recipients; 55 fecal samples total sequenced; Samples collected pre-FMT and 4 times post-FMT; Metabolic syndrome patients; No antibiotics for ≥3 months before treatment; 164 fecal metagenomes analyzed across three study groups; 1105 detected prokaryotic species; 11.8 million variant positions identified; 109 metagenomes from 48 healthy FMT-naïve individuals as control; 42 species tracked at strain level across 5 phyla; Determinant positions ranged 66 to 161,800 per species (median 15,550)"
27126044,No,3,Month,single-nucleotide variants (SNVs); donor-specific SNVs; recipient-specific SNVs; species composition; microbial diversity,percentage (%); mean percentage across species,69.3±21.8% at 2 days post-FMT; 37.6±16.6% at 3 months post-FMT; 50.7±10.1% coexistence in shared species; 39±23% species resistance; 44±14% species coexistence,Netherlands,colon,2009/2010,Metabolic Syndrome,species composition shifts; donor microbiota colonization; strain coexistence patterns; microbial diversity changes,FMT1; FMT2; FMT3; FMT4; FMT5; SELF1; SELF2; SELF3; SELF4; SELF5,Homo sapiens,Amsterdam,ERR1297631,27126044,SAMEA3882510,Illumina HiSeq 2000,FMT_metabolic_syndrome_2016,Metabolic Syndrome,Fecal Microbiota Transplantation,"10 subjects: 5 allogenic FMT recipients, 5 autologous FMT (placebo); Three lean donors, unrelated to recipients; 55 fecal samples total sequenced; Samples collected pre-FMT and 4 times post-FMT; Metabolic syndrome patients; No antibiotics for ≥3 months before treatment; 164 fecal metagenomes analyzed across three study groups; 1105 detected prokaryotic species; 11.8 million variant positions identified; 109 metagenomes from 48 healthy FMT-naïve individuals as control; 42 species tracked at strain level across 5 phyla; Determinant positions ranged 66 to 161,800 per species (median 15,550)"
27126044,No,3,Month,single-nucleotide variants (SNVs); donor-specific SNVs; recipient-specific SNVs; species composition; microbial diversity,percentage (%); mean percentage across species,69.3±21.8% at 2 days post-FMT; 37.6±16.6% at 3 months post-FMT; 50.7±10.1% coexistence in shared species; 39±23% species resistance; 44±14% species coexistence,Netherlands,colon,2009/2010,Metabolic Syndrome,species composition shifts; donor microbiota colonization; strain coexistence patterns; microbial diversity changes,FMT1; FMT2; FMT3; FMT4; FMT5; SELF1; SELF2; SELF3; SELF4; SELF5,Homo sapiens,Amsterdam,ERR1297635,27126044,SAMEA3882547,Illumina HiSeq 2000,FMT_metabolic_syndrome_2016,Metabolic Syndrome,Fecal Microbiota Transplantation,"10 subjects: 5 allogenic FMT recipients, 5 autologous FMT (placebo); Three lean donors, unrelated to recipients; 55 fecal samples total sequenced; Samples collected pre-FMT and 4 times post-FMT; Metabolic syndrome patients; No antibiotics for ≥3 months before treatment; 164 fecal metagenomes analyzed across three study groups; 1105 detected prokaryotic species; 11.8 million variant positions identified; 109 metagenomes from 48 healthy FMT-naïve individuals as control; 42 species tracked at strain level across 5 phyla; Determinant positions ranged 66 to 161,800 per species (median 15,550)"
27126044,No,3,Month,single-nucleotide variants (SNVs); donor-specific SNVs; recipient-specific SNVs; species composition; microbial diversity,percentage (%); mean percentage across species,69.3±21.8% at 2 days post-FMT; 37.6±16.6% at 3 months post-FMT; 50.7±10.1% coexistence in shared species; 39±23% species resistance; 44±14% species coexistence,Netherlands,colon,2009/2010,Metabolic Syndrome,species composition shifts; donor microbiota colonization; strain coexistence patterns; microbial diversity changes,FMT1; FMT2; FMT3; FMT4; FMT5; SELF1; SELF2; SELF3; SELF4; SELF5,Homo sapiens,Amsterdam,ERR1297808,27126044,SAMEA3882535,Illumina HiSeq 2000,FMT_metabolic_syndrome_2016,Metabolic Syndrome,Fecal Microbiota Transplantation,"10 subjects: 5 allogenic FMT recipients, 5 autologous FMT (placebo); Three lean donors, unrelated to recipients; 55 fecal samples total sequenced; Samples collected pre-FMT and 4 times post-FMT; Metabolic syndrome patients; No antibiotics for ≥3 months before treatment; 164 fecal metagenomes analyzed across three study groups; 1105 detected prokaryotic species; 11.8 million variant positions identified; 109 metagenomes from 48 healthy FMT-naïve individuals as control; 42 species tracked at strain level across 5 phyla; Determinant positions ranged 66 to 161,800 per species (median 15,550)"
27126044,No,3,Month,single-nucleotide variants (SNVs); donor-specific SNVs; recipient-specific SNVs; species composition; microbial diversity,percentage (%); mean percentage across species,69.3±21.8% at 2 days post-FMT; 37.6±16.6% at 3 months post-FMT; 50.7±10.1% coexistence in shared species; 39±23% species resistance; 44±14% species coexistence,Netherlands,colon,2009/2010,Metabolic Syndrome,species composition shifts; donor microbiota colonization; strain coexistence patterns; microbial diversity changes,FMT1; FMT2; FMT3; FMT4; FMT5; SELF1; SELF2; SELF3; SELF4; SELF5,Homo sapiens,Amsterdam,ERR1297636,27126044,SAMEA3882538,Illumina HiSeq 2000,FMT_metabolic_syndrome_2016,Metabolic Syndrome,Fecal Microbiota Transplantation,"10 subjects: 5 allogenic FMT recipients, 5 autologous FMT (placebo); Three lean donors, unrelated to recipients; 55 fecal samples total sequenced; Samples collected pre-FMT and 4 times post-FMT; Metabolic syndrome patients; No antibiotics for ≥3 months before treatment; 164 fecal metagenomes analyzed across three study groups; 1105 detected prokaryotic species; 11.8 million variant positions identified; 109 metagenomes from 48 healthy FMT-naïve individuals as control; 42 species tracked at strain level across 5 phyla; Determinant positions ranged 66 to 161,800 per species (median 15,550)"
27126044,No,3,Month,single-nucleotide variants (SNVs); donor-specific SNVs; recipient-specific SNVs; species composition; microbial diversity,percentage (%); mean percentage across species,69.3±21.8% at 2 days post-FMT; 37.6±16.6% at 3 months post-FMT; 50.7±10.1% coexistence in shared species; 39±23% species resistance; 44±14% species coexistence,Netherlands,colon,2009/2010,Metabolic Syndrome,species composition shifts; donor microbiota colonization; strain coexistence patterns; microbial diversity changes,FMT1; FMT2; FMT3; FMT4; FMT5; SELF1; SELF2; SELF3; SELF4; SELF5,Homo sapiens,Amsterdam,ERR1297809,27126044,SAMEA3882528,Illumina HiSeq 2000,FMT_metabolic_syndrome_2016,Metabolic Syndrome,Fecal Microbiota Transplantation,"10 subjects: 5 allogenic FMT recipients, 5 autologous FMT (placebo); Three lean donors, unrelated to recipients; 55 fecal samples total sequenced; Samples collected pre-FMT and 4 times post-FMT; Metabolic syndrome patients; No antibiotics for ≥3 months before treatment; 164 fecal metagenomes analyzed across three study groups; 1105 detected prokaryotic species; 11.8 million variant positions identified; 109 metagenomes from 48 healthy FMT-naïve individuals as control; 42 species tracked at strain level across 5 phyla; Determinant positions ranged 66 to 161,800 per species (median 15,550)"
27126044,No,3,Month,single-nucleotide variants (SNVs); donor-specific SNVs; recipient-specific SNVs; species composition; microbial diversity,percentage (%); mean percentage across species,69.3±21.8% at 2 days post-FMT; 37.6±16.6% at 3 months post-FMT; 50.7±10.1% coexistence in shared species; 39±23% species resistance; 44±14% species coexistence,Netherlands,colon,2009/2010,Metabolic Syndrome,species composition shifts; donor microbiota colonization; strain coexistence patterns; microbial diversity changes,FMT1; FMT2; FMT3; FMT4; FMT5; SELF1; SELF2; SELF3; SELF4; SELF5,Homo sapiens,Amsterdam,ERR1297638,27126044,SAMEA3882514,Illumina HiSeq 2000,FMT_metabolic_syndrome_2016,Metabolic Syndrome,Fecal Microbiota Transplantation,"10 subjects: 5 allogenic FMT recipients, 5 autologous FMT (placebo); Three lean donors, unrelated to recipients; 55 fecal samples total sequenced; Samples collected pre-FMT and 4 times post-FMT; Metabolic syndrome patients; No antibiotics for ≥3 months before treatment; 164 fecal metagenomes analyzed across three study groups; 1105 detected prokaryotic species; 11.8 million variant positions identified; 109 metagenomes from 48 healthy FMT-naïve individuals as control; 42 species tracked at strain level across 5 phyla; Determinant positions ranged 66 to 161,800 per species (median 15,550)"
27126044,No,3,Month,single-nucleotide variants (SNVs); donor-specific SNVs; recipient-specific SNVs; species composition; microbial diversity,percentage (%); mean percentage across species,69.3±21.8% at 2 days post-FMT; 37.6±16.6% at 3 months post-FMT; 50.7±10.1% coexistence in shared species; 39±23% species resistance; 44±14% species coexistence,Netherlands,colon,2009/2010,Metabolic Syndrome,species composition shifts; donor microbiota colonization; strain coexistence patterns; microbial diversity changes,FMT1; FMT2; FMT3; FMT4; FMT5; SELF1; SELF2; SELF3; SELF4; SELF5,Homo sapiens,Amsterdam,ERR1297648,27126044,SAMEA3882545,Illumina HiSeq 2000,FMT_metabolic_syndrome_2016,Metabolic Syndrome,Fecal Microbiota Transplantation,"10 subjects: 5 allogenic FMT recipients, 5 autologous FMT (placebo); Three lean donors, unrelated to recipients; 55 fecal samples total sequenced; Samples collected pre-FMT and 4 times post-FMT; Metabolic syndrome patients; No antibiotics for ≥3 months before treatment; 164 fecal metagenomes analyzed across three study groups; 1105 detected prokaryotic species; 11.8 million variant positions identified; 109 metagenomes from 48 healthy FMT-naïve individuals as control; 42 species tracked at strain level across 5 phyla; Determinant positions ranged 66 to 161,800 per species (median 15,550)"
27126044,No,3,Month,single-nucleotide variants (SNVs); donor-specific SNVs; recipient-specific SNVs; species composition; microbial diversity,percentage (%); mean percentage across species,69.3±21.8% at 2 days post-FMT; 37.6±16.6% at 3 months post-FMT; 50.7±10.1% coexistence in shared species; 39±23% species resistance; 44±14% species coexistence,Netherlands,colon,2009/2010,Metabolic Syndrome,species composition shifts; donor microbiota colonization; strain coexistence patterns; microbial diversity changes,FMT1; FMT2; FMT3; FMT4; FMT5; SELF1; SELF2; SELF3; SELF4; SELF5,Homo sapiens,Amsterdam,ERR1297810,27126044,SAMEA3882546,Illumina HiSeq 2000,FMT_metabolic_syndrome_2016,Metabolic Syndrome,Fecal Microbiota Transplantation,"10 subjects: 5 allogenic FMT recipients, 5 autologous FMT (placebo); Three lean donors, unrelated to recipients; 55 fecal samples total sequenced; Samples collected pre-FMT and 4 times post-FMT; Metabolic syndrome patients; No antibiotics for ≥3 months before treatment; 164 fecal metagenomes analyzed across three study groups; 1105 detected prokaryotic species; 11.8 million variant positions identified; 109 metagenomes from 48 healthy FMT-naïve individuals as control; 42 species tracked at strain level across 5 phyla; Determinant positions ranged 66 to 161,800 per species (median 15,550)"
27126044,No,3,Month,single-nucleotide variants (SNVs); donor-specific SNVs; recipient-specific SNVs; species composition; microbial diversity,percentage (%); mean percentage across species,69.3±21.8% at 2 days post-FMT; 37.6±16.6% at 3 months post-FMT; 50.7±10.1% coexistence in shared species; 39±23% species resistance; 44±14% species coexistence,Netherlands,colon,2009/2010,Metabolic Syndrome,species composition shifts; donor microbiota colonization; strain coexistence patterns; microbial diversity changes,FMT1; FMT2; FMT3; FMT4; FMT5; SELF1; SELF2; SELF3; SELF4; SELF5,Homo sapiens,Amsterdam,ERR1297685,27126044,SAMEA3882557,Illumina HiSeq 2000,FMT_metabolic_syndrome_2016,Metabolic Syndrome,Fecal Microbiota Transplantation,"10 subjects: 5 allogenic FMT recipients, 5 autologous FMT (placebo); Three lean donors, unrelated to recipients; 55 fecal samples total sequenced; Samples collected pre-FMT and 4 times post-FMT; Metabolic syndrome patients; No antibiotics for ≥3 months before treatment; 164 fecal metagenomes analyzed across three study groups; 1105 detected prokaryotic species; 11.8 million variant positions identified; 109 metagenomes from 48 healthy FMT-naïve individuals as control; 42 species tracked at strain level across 5 phyla; Determinant positions ranged 66 to 161,800 per species (median 15,550)"
27126044,No,3,Month,single-nucleotide variants (SNVs); donor-specific SNVs; recipient-specific SNVs; species composition; microbial diversity,percentage (%); mean percentage across species,69.3±21.8% at 2 days post-FMT; 37.6±16.6% at 3 months post-FMT; 50.7±10.1% coexistence in shared species; 39±23% species resistance; 44±14% species coexistence,Netherlands,colon,2009/2010,Metabolic Syndrome,species composition shifts; donor microbiota colonization; strain coexistence patterns; microbial diversity changes,FMT1; FMT2; FMT3; FMT4; FMT5; SELF1; SELF2; SELF3; SELF4; SELF5,Homo sapiens,Amsterdam,ERR1297650,27126044,SAMEA3882520,Illumina HiSeq 2000,FMT_metabolic_syndrome_2016,Metabolic Syndrome,Fecal Microbiota Transplantation,"10 subjects: 5 allogenic FMT recipients, 5 autologous FMT (placebo); Three lean donors, unrelated to recipients; 55 fecal samples total sequenced; Samples collected pre-FMT and 4 times post-FMT; Metabolic syndrome patients; No antibiotics for ≥3 months before treatment; 164 fecal metagenomes analyzed across three study groups; 1105 detected prokaryotic species; 11.8 million variant positions identified; 109 metagenomes from 48 healthy FMT-naïve individuals as control; 42 species tracked at strain level across 5 phyla; Determinant positions ranged 66 to 161,800 per species (median 15,550)"
27126044,No,3,Month,single-nucleotide variants (SNVs); donor-specific SNVs; recipient-specific SNVs; species composition; microbial diversity,percentage (%); mean percentage across species,69.3±21.8% at 2 days post-FMT; 37.6±16.6% at 3 months post-FMT; 50.7±10.1% coexistence in shared species; 39±23% species resistance; 44±14% species coexistence,Netherlands,colon,2009/2010,Metabolic Syndrome,species composition shifts; donor microbiota colonization; strain coexistence patterns; microbial diversity changes,FMT1; FMT2; FMT3; FMT4; FMT5; SELF1; SELF2; SELF3; SELF4; SELF5,Homo sapiens,Amsterdam,ERR1297821,27126044,SAMEA3882520,Illumina HiSeq 2000,FMT_metabolic_syndrome_2016,Metabolic Syndrome,Fecal Microbiota Transplantation,"10 subjects: 5 allogenic FMT recipients, 5 autologous FMT (placebo); Three lean donors, unrelated to recipients; 55 fecal samples total sequenced; Samples collected pre-FMT and 4 times post-FMT; Metabolic syndrome patients; No antibiotics for ≥3 months before treatment; 164 fecal metagenomes analyzed across three study groups; 1105 detected prokaryotic species; 11.8 million variant positions identified; 109 metagenomes from 48 healthy FMT-naïve individuals as control; 42 species tracked at strain level across 5 phyla; Determinant positions ranged 66 to 161,800 per species (median 15,550)"
27126044,No,3,Month,single-nucleotide variants (SNVs); donor-specific SNVs; recipient-specific SNVs; species composition; microbial diversity,percentage (%); mean percentage across species,69.3±21.8% at 2 days post-FMT; 37.6±16.6% at 3 months post-FMT; 50.7±10.1% coexistence in shared species; 39±23% species resistance; 44±14% species coexistence,Netherlands,colon,2009/2010,Metabolic Syndrome,species composition shifts; donor microbiota colonization; strain coexistence patterns; microbial diversity changes,FMT1; FMT2; FMT3; FMT4; FMT5; SELF1; SELF2; SELF3; SELF4; SELF5,Homo sapiens,Amsterdam,ERR1297664,27126044,SAMEA3882543,Illumina HiSeq 2000,FMT_metabolic_syndrome_2016,Metabolic Syndrome,Fecal Microbiota Transplantation,"10 subjects: 5 allogenic FMT recipients, 5 autologous FMT (placebo); Three lean donors, unrelated to recipients; 55 fecal samples total sequenced; Samples collected pre-FMT and 4 times post-FMT; Metabolic syndrome patients; No antibiotics for ≥3 months before treatment; 164 fecal metagenomes analyzed across three study groups; 1105 detected prokaryotic species; 11.8 million variant positions identified; 109 metagenomes from 48 healthy FMT-naïve individuals as control; 42 species tracked at strain level across 5 phyla; Determinant positions ranged 66 to 161,800 per species (median 15,550)"
27126044,No,3,Month,single-nucleotide variants (SNVs); donor-specific SNVs; recipient-specific SNVs; species composition; microbial diversity,percentage (%); mean percentage across species,69.3±21.8% at 2 days post-FMT; 37.6±16.6% at 3 months post-FMT; 50.7±10.1% coexistence in shared species; 39±23% species resistance; 44±14% species coexistence,Netherlands,colon,2009/2010,Metabolic Syndrome,species composition shifts; donor microbiota colonization; strain coexistence patterns; microbial diversity changes,FMT1; FMT2; FMT3; FMT4; FMT5; SELF1; SELF2; SELF3; SELF4; SELF5,Homo sapiens,Amsterdam,ERR1297670,27126044,SAMEA3882519,Illumina HiSeq 2000,FMT_metabolic_syndrome_2016,Metabolic Syndrome,Fecal Microbiota Transplantation,"10 subjects: 5 allogenic FMT recipients, 5 autologous FMT (placebo); Three lean donors, unrelated to recipients; 55 fecal samples total sequenced; Samples collected pre-FMT and 4 times post-FMT; Metabolic syndrome patients; No antibiotics for ≥3 months before treatment; 164 fecal metagenomes analyzed across three study groups; 1105 detected prokaryotic species; 11.8 million variant positions identified; 109 metagenomes from 48 healthy FMT-naïve individuals as control; 42 species tracked at strain level across 5 phyla; Determinant positions ranged 66 to 161,800 per species (median 15,550)"
27126044,No,3,Month,single-nucleotide variants (SNVs); donor-specific SNVs; recipient-specific SNVs; species composition; microbial diversity,percentage (%); mean percentage across species,69.3±21.8% at 2 days post-FMT; 37.6±16.6% at 3 months post-FMT; 50.7±10.1% coexistence in shared species; 39±23% species resistance; 44±14% species coexistence,Netherlands,colon,2009/2010,Metabolic Syndrome,species composition shifts; donor microbiota colonization; strain coexistence patterns; microbial diversity changes,FMT1; FMT2; FMT3; FMT4; FMT5; SELF1; SELF2; SELF3; SELF4; SELF5,Homo sapiens,Amsterdam,ERR1297822,27126044,SAMEA3882553,Illumina HiSeq 2000,FMT_metabolic_syndrome_2016,Metabolic Syndrome,Fecal Microbiota Transplantation,"10 subjects: 5 allogenic FMT recipients, 5 autologous FMT (placebo); Three lean donors, unrelated to recipients; 55 fecal samples total sequenced; Samples collected pre-FMT and 4 times post-FMT; Metabolic syndrome patients; No antibiotics for ≥3 months before treatment; 164 fecal metagenomes analyzed across three study groups; 1105 detected prokaryotic species; 11.8 million variant positions identified; 109 metagenomes from 48 healthy FMT-naïve individuals as control; 42 species tracked at strain level across 5 phyla; Determinant positions ranged 66 to 161,800 per species (median 15,550)"
27126044,No,3,Month,single-nucleotide variants (SNVs); donor-specific SNVs; recipient-specific SNVs; species composition; microbial diversity,percentage (%); mean percentage across species,69.3±21.8% at 2 days post-FMT; 37.6±16.6% at 3 months post-FMT; 50.7±10.1% coexistence in shared species; 39±23% species resistance; 44±14% species coexistence,Netherlands,colon,2009/2010,Metabolic Syndrome,species composition shifts; donor microbiota colonization; strain coexistence patterns; microbial diversity changes,FMT1; FMT2; FMT3; FMT4; FMT5; SELF1; SELF2; SELF3; SELF4; SELF5,Homo sapiens,Amsterdam,ERR1297671,27126044,SAMEA3882539,Illumina HiSeq 2000,FMT_metabolic_syndrome_2016,Metabolic Syndrome,Fecal Microbiota Transplantation,"10 subjects: 5 allogenic FMT recipients, 5 autologous FMT (placebo); Three lean donors, unrelated to recipients; 55 fecal samples total sequenced; Samples collected pre-FMT and 4 times post-FMT; Metabolic syndrome patients; No antibiotics for ≥3 months before treatment; 164 fecal metagenomes analyzed across three study groups; 1105 detected prokaryotic species; 11.8 million variant positions identified; 109 metagenomes from 48 healthy FMT-naïve individuals as control; 42 species tracked at strain level across 5 phyla; Determinant positions ranged 66 to 161,800 per species (median 15,550)"
27126044,No,3,Month,single-nucleotide variants (SNVs); donor-specific SNVs; recipient-specific SNVs; species composition; microbial diversity,percentage (%); mean percentage across species,69.3±21.8% at 2 days post-FMT; 37.6±16.6% at 3 months post-FMT; 50.7±10.1% coexistence in shared species; 39±23% species resistance; 44±14% species coexistence,Netherlands,colon,2009/2010,Metabolic Syndrome,species composition shifts; donor microbiota colonization; strain coexistence patterns; microbial diversity changes,FMT1; FMT2; FMT3; FMT4; FMT5; SELF1; SELF2; SELF3; SELF4; SELF5,Homo sapiens,Amsterdam,ERR1297823,27126044,SAMEA3882549,Illumina HiSeq 2000,FMT_metabolic_syndrome_2016,Metabolic Syndrome,Fecal Microbiota Transplantation,"10 subjects: 5 allogenic FMT recipients, 5 autologous FMT (placebo); Three lean donors, unrelated to recipients; 55 fecal samples total sequenced; Samples collected pre-FMT and 4 times post-FMT; Metabolic syndrome patients; No antibiotics for ≥3 months before treatment; 164 fecal metagenomes analyzed across three study groups; 1105 detected prokaryotic species; 11.8 million variant positions identified; 109 metagenomes from 48 healthy FMT-naïve individuals as control; 42 species tracked at strain level across 5 phyla; Determinant positions ranged 66 to 161,800 per species (median 15,550)"
27126044,No,3,Month,single-nucleotide variants (SNVs); donor-specific SNVs; recipient-specific SNVs; species composition; microbial diversity,percentage (%); mean percentage across species,69.3±21.8% at 2 days post-FMT; 37.6±16.6% at 3 months post-FMT; 50.7±10.1% coexistence in shared species; 39±23% species resistance; 44±14% species coexistence,Netherlands,colon,2009/2010,Metabolic Syndrome,species composition shifts; donor microbiota colonization; strain coexistence patterns; microbial diversity changes,FMT1; FMT2; FMT3; FMT4; FMT5; SELF1; SELF2; SELF3; SELF4; SELF5,Homo sapiens,Amsterdam,ERR1297673,27126044,SAMEA3882512,Illumina HiSeq 2000,FMT_metabolic_syndrome_2016,Metabolic Syndrome,Fecal Microbiota Transplantation,"10 subjects: 5 allogenic FMT recipients, 5 autologous FMT (placebo); Three lean donors, unrelated to recipients; 55 fecal samples total sequenced; Samples collected pre-FMT and 4 times post-FMT; Metabolic syndrome patients; No antibiotics for ≥3 months before treatment; 164 fecal metagenomes analyzed across three study groups; 1105 detected prokaryotic species; 11.8 million variant positions identified; 109 metagenomes from 48 healthy FMT-naïve individuals as control; 42 species tracked at strain level across 5 phyla; Determinant positions ranged 66 to 161,800 per species (median 15,550)"
27126044,No,3,Month,single-nucleotide variants (SNVs); donor-specific SNVs; recipient-specific SNVs; species composition; microbial diversity,percentage (%); mean percentage across species,69.3±21.8% at 2 days post-FMT; 37.6±16.6% at 3 months post-FMT; 50.7±10.1% coexistence in shared species; 39±23% species resistance; 44±14% species coexistence,Netherlands,colon,2009/2010,Metabolic Syndrome,species composition shifts; donor microbiota colonization; strain coexistence patterns; microbial diversity changes,FMT1; FMT2; FMT3; FMT4; FMT5; SELF1; SELF2; SELF3; SELF4; SELF5,Homo sapiens,Amsterdam,ERR1297830,27126044,SAMEA3882505,Illumina HiSeq 2000,FMT_metabolic_syndrome_2016,Metabolic Syndrome,Fecal Microbiota Transplantation,"10 subjects: 5 allogenic FMT recipients, 5 autologous FMT (placebo); Three lean donors, unrelated to recipients; 55 fecal samples total sequenced; Samples collected pre-FMT and 4 times post-FMT; Metabolic syndrome patients; No antibiotics for ≥3 months before treatment; 164 fecal metagenomes analyzed across three study groups; 1105 detected prokaryotic species; 11.8 million variant positions identified; 109 metagenomes from 48 healthy FMT-naïve individuals as control; 42 species tracked at strain level across 5 phyla; Determinant positions ranged 66 to 161,800 per species (median 15,550)"
27126044,No,3,Month,single-nucleotide variants (SNVs); donor-specific SNVs; recipient-specific SNVs; species composition; microbial diversity,percentage (%); mean percentage across species,69.3±21.8% at 2 days post-FMT; 37.6±16.6% at 3 months post-FMT; 50.7±10.1% coexistence in shared species; 39±23% species resistance; 44±14% species coexistence,Netherlands,colon,2009/2010,Metabolic Syndrome,species composition shifts; donor microbiota colonization; strain coexistence patterns; microbial diversity changes,FMT1; FMT2; FMT3; FMT4; FMT5; SELF1; SELF2; SELF3; SELF4; SELF5,Homo sapiens,Amsterdam,ERR1297836,27126044,SAMEA3882503,Illumina HiSeq 2000,FMT_metabolic_syndrome_2016,Metabolic Syndrome,Fecal Microbiota Transplantation,"10 subjects: 5 allogenic FMT recipients, 5 autologous FMT (placebo); Three lean donors, unrelated to recipients; 55 fecal samples total sequenced; Samples collected pre-FMT and 4 times post-FMT; Metabolic syndrome patients; No antibiotics for ≥3 months before treatment; 164 fecal metagenomes analyzed across three study groups; 1105 detected prokaryotic species; 11.8 million variant positions identified; 109 metagenomes from 48 healthy FMT-naïve individuals as control; 42 species tracked at strain level across 5 phyla; Determinant positions ranged 66 to 161,800 per species (median 15,550)"
27126044,No,3,Month,single-nucleotide variants (SNVs); donor-specific SNVs; recipient-specific SNVs; species composition; microbial diversity,percentage (%); mean percentage across species,69.3±21.8% at 2 days post-FMT; 37.6±16.6% at 3 months post-FMT; 50.7±10.1% coexistence in shared species; 39±23% species resistance; 44±14% species coexistence,Netherlands,colon,2009/2010,Metabolic Syndrome,species composition shifts; donor microbiota colonization; strain coexistence patterns; microbial diversity changes,FMT1; FMT2; FMT3; FMT4; FMT5; SELF1; SELF2; SELF3; SELF4; SELF5,Homo sapiens,Amsterdam,ERR1297674,27126044,SAMEA3882554,Illumina HiSeq 2000,FMT_metabolic_syndrome_2016,Metabolic Syndrome,Fecal Microbiota Transplantation,"10 subjects: 5 allogenic FMT recipients, 5 autologous FMT (placebo); Three lean donors, unrelated to recipients; 55 fecal samples total sequenced; Samples collected pre-FMT and 4 times post-FMT; Metabolic syndrome patients; No antibiotics for ≥3 months before treatment; 164 fecal metagenomes analyzed across three study groups; 1105 detected prokaryotic species; 11.8 million variant positions identified; 109 metagenomes from 48 healthy FMT-naïve individuals as control; 42 species tracked at strain level across 5 phyla; Determinant positions ranged 66 to 161,800 per species (median 15,550)"
27126044,No,3,Month,single-nucleotide variants (SNVs); donor-specific SNVs; recipient-specific SNVs; species composition; microbial diversity,percentage (%); mean percentage across species,69.3±21.8% at 2 days post-FMT; 37.6±16.6% at 3 months post-FMT; 50.7±10.1% coexistence in shared species; 39±23% species resistance; 44±14% species coexistence,Netherlands,colon,2009/2010,Metabolic Syndrome,species composition shifts; donor microbiota colonization; strain coexistence patterns; microbial diversity changes,FMT1; FMT2; FMT3; FMT4; FMT5; SELF1; SELF2; SELF3; SELF4; SELF5,Homo sapiens,Amsterdam,ERR1297846,27126044,SAMEA3882557,Illumina HiSeq 2000,FMT_metabolic_syndrome_2016,Metabolic Syndrome,Fecal Microbiota Transplantation,"10 subjects: 5 allogenic FMT recipients, 5 autologous FMT (placebo); Three lean donors, unrelated to recipients; 55 fecal samples total sequenced; Samples collected pre-FMT and 4 times post-FMT; Metabolic syndrome patients; No antibiotics for ≥3 months before treatment; 164 fecal metagenomes analyzed across three study groups; 1105 detected prokaryotic species; 11.8 million variant positions identified; 109 metagenomes from 48 healthy FMT-naïve individuals as control; 42 species tracked at strain level across 5 phyla; Determinant positions ranged 66 to 161,800 per species (median 15,550)"
27126044,No,3,Month,single-nucleotide variants (SNVs); donor-specific SNVs; recipient-specific SNVs; species composition; microbial diversity,percentage (%); mean percentage across species,69.3±21.8% at 2 days post-FMT; 37.6±16.6% at 3 months post-FMT; 50.7±10.1% coexistence in shared species; 39±23% species resistance; 44±14% species coexistence,Netherlands,colon,2009/2010,Metabolic Syndrome,species composition shifts; donor microbiota colonization; strain coexistence patterns; microbial diversity changes,FMT1; FMT2; FMT3; FMT4; FMT5; SELF1; SELF2; SELF3; SELF4; SELF5,Homo sapiens,Amsterdam,ERR1297675,27126044,SAMEA3882523,Illumina HiSeq 2000,FMT_metabolic_syndrome_2016,Metabolic Syndrome,Fecal Microbiota Transplantation,"10 subjects: 5 allogenic FMT recipients, 5 autologous FMT (placebo); Three lean donors, unrelated to recipients; 55 fecal samples total sequenced; Samples collected pre-FMT and 4 times post-FMT; Metabolic syndrome patients; No antibiotics for ≥3 months before treatment; 164 fecal metagenomes analyzed across three study groups; 1105 detected prokaryotic species; 11.8 million variant positions identified; 109 metagenomes from 48 healthy FMT-naïve individuals as control; 42 species tracked at strain level across 5 phyla; Determinant positions ranged 66 to 161,800 per species (median 15,550)"
27126044,No,3,Month,single-nucleotide variants (SNVs); donor-specific SNVs; recipient-specific SNVs; species composition; microbial diversity,percentage (%); mean percentage across species,69.3±21.8% at 2 days post-FMT; 37.6±16.6% at 3 months post-FMT; 50.7±10.1% coexistence in shared species; 39±23% species resistance; 44±14% species coexistence,Netherlands,colon,2009/2010,Metabolic Syndrome,species composition shifts; donor microbiota colonization; strain coexistence patterns; microbial diversity changes,FMT1; FMT2; FMT3; FMT4; FMT5; SELF1; SELF2; SELF3; SELF4; SELF5,Homo sapiens,Amsterdam,ERR1297847,27126044,SAMEA3882552,Illumina HiSeq 2000,FMT_metabolic_syndrome_2016,Metabolic Syndrome,Fecal Microbiota Transplantation,"10 subjects: 5 allogenic FMT recipients, 5 autologous FMT (placebo); Three lean donors, unrelated to recipients; 55 fecal samples total sequenced; Samples collected pre-FMT and 4 times post-FMT; Metabolic syndrome patients; No antibiotics for ≥3 months before treatment; 164 fecal metagenomes analyzed across three study groups; 1105 detected prokaryotic species; 11.8 million variant positions identified; 109 metagenomes from 48 healthy FMT-naïve individuals as control; 42 species tracked at strain level across 5 phyla; Determinant positions ranged 66 to 161,800 per species (median 15,550)"
27126044,No,3,Month,single-nucleotide variants (SNVs); donor-specific SNVs; recipient-specific SNVs; species composition; microbial diversity,percentage (%); mean percentage across species,69.3±21.8% at 2 days post-FMT; 37.6±16.6% at 3 months post-FMT; 50.7±10.1% coexistence in shared species; 39±23% species resistance; 44±14% species coexistence,Netherlands,colon,2009/2010,Metabolic Syndrome,species composition shifts; donor microbiota colonization; strain coexistence patterns; microbial diversity changes,FMT1; FMT2; FMT3; FMT4; FMT5; SELF1; SELF2; SELF3; SELF4; SELF5,Homo sapiens,Amsterdam,ERR1297676,27126044,SAMEA3882555,Illumina HiSeq 2000,FMT_metabolic_syndrome_2016,Metabolic Syndrome,Fecal Microbiota Transplantation,"10 subjects: 5 allogenic FMT recipients, 5 autologous FMT (placebo); Three lean donors, unrelated to recipients; 55 fecal samples total sequenced; Samples collected pre-FMT and 4 times post-FMT; Metabolic syndrome patients; No antibiotics for ≥3 months before treatment; 164 fecal metagenomes analyzed across three study groups; 1105 detected prokaryotic species; 11.8 million variant positions identified; 109 metagenomes from 48 healthy FMT-naïve individuals as control; 42 species tracked at strain level across 5 phyla; Determinant positions ranged 66 to 161,800 per species (median 15,550)"
27126044,No,3,Month,single-nucleotide variants (SNVs); donor-specific SNVs; recipient-specific SNVs; species composition; microbial diversity,percentage (%); mean percentage across species,69.3±21.8% at 2 days post-FMT; 37.6±16.6% at 3 months post-FMT; 50.7±10.1% coexistence in shared species; 39±23% species resistance; 44±14% species coexistence,Netherlands,colon,2009/2010,Metabolic Syndrome,species composition shifts; donor microbiota colonization; strain coexistence patterns; microbial diversity changes,FMT1; FMT2; FMT3; FMT4; FMT5; SELF1; SELF2; SELF3; SELF4; SELF5,Homo sapiens,Amsterdam,ERR1297677,27126044,SAMEA3882532,Illumina HiSeq 2000,FMT_metabolic_syndrome_2016,Metabolic Syndrome,Fecal Microbiota Transplantation,"10 subjects: 5 allogenic FMT recipients, 5 autologous FMT (placebo); Three lean donors, unrelated to recipients; 55 fecal samples total sequenced; Samples collected pre-FMT and 4 times post-FMT; Metabolic syndrome patients; No antibiotics for ≥3 months before treatment; 164 fecal metagenomes analyzed across three study groups; 1105 detected prokaryotic species; 11.8 million variant positions identified; 109 metagenomes from 48 healthy FMT-naïve individuals as control; 42 species tracked at strain level across 5 phyla; Determinant positions ranged 66 to 161,800 per species (median 15,550)"
27126044,No,3,Month,single-nucleotide variants (SNVs); donor-specific SNVs; recipient-specific SNVs; species composition; microbial diversity,percentage (%); mean percentage across species,69.3±21.8% at 2 days post-FMT; 37.6±16.6% at 3 months post-FMT; 50.7±10.1% coexistence in shared species; 39±23% species resistance; 44±14% species coexistence,Netherlands,colon,2009/2010,Metabolic Syndrome,species composition shifts; donor microbiota colonization; strain coexistence patterns; microbial diversity changes,FMT1; FMT2; FMT3; FMT4; FMT5; SELF1; SELF2; SELF3; SELF4; SELF5,Homo sapiens,Amsterdam,ERR1297848,27126044,SAMEA3882550,Illumina HiSeq 2000,FMT_metabolic_syndrome_2016,Metabolic Syndrome,Fecal Microbiota Transplantation,"10 subjects: 5 allogenic FMT recipients, 5 autologous FMT (placebo); Three lean donors, unrelated to recipients; 55 fecal samples total sequenced; Samples collected pre-FMT and 4 times post-FMT; Metabolic syndrome patients; No antibiotics for ≥3 months before treatment; 164 fecal metagenomes analyzed across three study groups; 1105 detected prokaryotic species; 11.8 million variant positions identified; 109 metagenomes from 48 healthy FMT-naïve individuals as control; 42 species tracked at strain level across 5 phyla; Determinant positions ranged 66 to 161,800 per species (median 15,550)"
27126044,No,3,Month,single-nucleotide variants (SNVs); donor-specific SNVs; recipient-specific SNVs; species composition; microbial diversity,percentage (%); mean percentage across species,69.3±21.8% at 2 days post-FMT; 37.6±16.6% at 3 months post-FMT; 50.7±10.1% coexistence in shared species; 39±23% species resistance; 44±14% species coexistence,Netherlands,colon,2009/2010,Metabolic Syndrome,species composition shifts; donor microbiota colonization; strain coexistence patterns; microbial diversity changes,FMT1; FMT2; FMT3; FMT4; FMT5; SELF1; SELF2; SELF3; SELF4; SELF5,Homo sapiens,Amsterdam,ERR1297678,27126044,SAMEA3882557,Illumina HiSeq 2000,FMT_metabolic_syndrome_2016,Metabolic Syndrome,Fecal Microbiota Transplantation,"10 subjects: 5 allogenic FMT recipients, 5 autologous FMT (placebo); Three lean donors, unrelated to recipients; 55 fecal samples total sequenced; Samples collected pre-FMT and 4 times post-FMT; Metabolic syndrome patients; No antibiotics for ≥3 months before treatment; 164 fecal metagenomes analyzed across three study groups; 1105 detected prokaryotic species; 11.8 million variant positions identified; 109 metagenomes from 48 healthy FMT-naïve individuals as control; 42 species tracked at strain level across 5 phyla; Determinant positions ranged 66 to 161,800 per species (median 15,550)"
27126044,No,3,Month,single-nucleotide variants (SNVs); donor-specific SNVs; recipient-specific SNVs; species composition; microbial diversity,percentage (%); mean percentage across species,69.3±21.8% at 2 days post-FMT; 37.6±16.6% at 3 months post-FMT; 50.7±10.1% coexistence in shared species; 39±23% species resistance; 44±14% species coexistence,Netherlands,colon,2009/2010,Metabolic Syndrome,species composition shifts; donor microbiota colonization; strain coexistence patterns; microbial diversity changes,FMT1; FMT2; FMT3; FMT4; FMT5; SELF1; SELF2; SELF3; SELF4; SELF5,Homo sapiens,Amsterdam,ERR1297850,27126044,SAMEA3882556,Illumina HiSeq 2000,FMT_metabolic_syndrome_2016,Metabolic Syndrome,Fecal Microbiota Transplantation,"10 subjects: 5 allogenic FMT recipients, 5 autologous FMT (placebo); Three lean donors, unrelated to recipients; 55 fecal samples total sequenced; Samples collected pre-FMT and 4 times post-FMT; Metabolic syndrome patients; No antibiotics for ≥3 months before treatment; 164 fecal metagenomes analyzed across three study groups; 1105 detected prokaryotic species; 11.8 million variant positions identified; 109 metagenomes from 48 healthy FMT-naïve individuals as control; 42 species tracked at strain level across 5 phyla; Determinant positions ranged 66 to 161,800 per species (median 15,550)"
27126044,No,3,Month,single-nucleotide variants (SNVs); donor-specific SNVs; recipient-specific SNVs; species composition; microbial diversity,percentage (%); mean percentage across species,69.3±21.8% at 2 days post-FMT; 37.6±16.6% at 3 months post-FMT; 50.7±10.1% coexistence in shared species; 39±23% species resistance; 44±14% species coexistence,Netherlands,colon,2009/2010,Metabolic Syndrome,species composition shifts; donor microbiota colonization; strain coexistence patterns; microbial diversity changes,FMT1; FMT2; FMT3; FMT4; FMT5; SELF1; SELF2; SELF3; SELF4; SELF5,Homo sapiens,Amsterdam,ERR1297686,27126044,SAMEA3882554,Illumina HiSeq 2000,FMT_metabolic_syndrome_2016,Metabolic Syndrome,Fecal Microbiota Transplantation,"10 subjects: 5 allogenic FMT recipients, 5 autologous FMT (placebo); Three lean donors, unrelated to recipients; 55 fecal samples total sequenced; Samples collected pre-FMT and 4 times post-FMT; Metabolic syndrome patients; No antibiotics for ≥3 months before treatment; 164 fecal metagenomes analyzed across three study groups; 1105 detected prokaryotic species; 11.8 million variant positions identified; 109 metagenomes from 48 healthy FMT-naïve individuals as control; 42 species tracked at strain level across 5 phyla; Determinant positions ranged 66 to 161,800 per species (median 15,550)"
27126044,No,3,Month,single-nucleotide variants (SNVs); donor-specific SNVs; recipient-specific SNVs; species composition; microbial diversity,percentage (%); mean percentage across species,69.3±21.8% at 2 days post-FMT; 37.6±16.6% at 3 months post-FMT; 50.7±10.1% coexistence in shared species; 39±23% species resistance; 44±14% species coexistence,Netherlands,colon,2009/2010,Metabolic Syndrome,species composition shifts; donor microbiota colonization; strain coexistence patterns; microbial diversity changes,FMT1; FMT2; FMT3; FMT4; FMT5; SELF1; SELF2; SELF3; SELF4; SELF5,Homo sapiens,Amsterdam,ERR1297851,27126044,SAMEA3882523,Illumina HiSeq 2000,FMT_metabolic_syndrome_2016,Metabolic Syndrome,Fecal Microbiota Transplantation,"10 subjects: 5 allogenic FMT recipients, 5 autologous FMT (placebo); Three lean donors, unrelated to recipients; 55 fecal samples total sequenced; Samples collected pre-FMT and 4 times post-FMT; Metabolic syndrome patients; No antibiotics for ≥3 months before treatment; 164 fecal metagenomes analyzed across three study groups; 1105 detected prokaryotic species; 11.8 million variant positions identified; 109 metagenomes from 48 healthy FMT-naïve individuals as control; 42 species tracked at strain level across 5 phyla; Determinant positions ranged 66 to 161,800 per species (median 15,550)"
27126044,No,3,Month,single-nucleotide variants (SNVs); donor-specific SNVs; recipient-specific SNVs; species composition; microbial diversity,percentage (%); mean percentage across species,69.3±21.8% at 2 days post-FMT; 37.6±16.6% at 3 months post-FMT; 50.7±10.1% coexistence in shared species; 39±23% species resistance; 44±14% species coexistence,Netherlands,colon,2009/2010,Metabolic Syndrome,species composition shifts; donor microbiota colonization; strain coexistence patterns; microbial diversity changes,FMT1; FMT2; FMT3; FMT4; FMT5; SELF1; SELF2; SELF3; SELF4; SELF5,Homo sapiens,Amsterdam,ERR1297694,27126044,SAMEA3882538,Illumina HiSeq 2000,FMT_metabolic_syndrome_2016,Metabolic Syndrome,Fecal Microbiota Transplantation,"10 subjects: 5 allogenic FMT recipients, 5 autologous FMT (placebo); Three lean donors, unrelated to recipients; 55 fecal samples total sequenced; Samples collected pre-FMT and 4 times post-FMT; Metabolic syndrome patients; No antibiotics for ≥3 months before treatment; 164 fecal metagenomes analyzed across three study groups; 1105 detected prokaryotic species; 11.8 million variant positions identified; 109 metagenomes from 48 healthy FMT-naïve individuals as control; 42 species tracked at strain level across 5 phyla; Determinant positions ranged 66 to 161,800 per species (median 15,550)"
27126044,No,3,Month,single-nucleotide variants (SNVs); donor-specific SNVs; recipient-specific SNVs; species composition; microbial diversity,percentage (%); mean percentage across species,69.3±21.8% at 2 days post-FMT; 37.6±16.6% at 3 months post-FMT; 50.7±10.1% coexistence in shared species; 39±23% species resistance; 44±14% species coexistence,Netherlands,colon,2009/2010,Metabolic Syndrome,species composition shifts; donor microbiota colonization; strain coexistence patterns; microbial diversity changes,FMT1; FMT2; FMT3; FMT4; FMT5; SELF1; SELF2; SELF3; SELF4; SELF5,Homo sapiens,Amsterdam,ERR1297689,27126044,SAMEA3882521,Illumina HiSeq 2000,FMT_metabolic_syndrome_2016,Metabolic Syndrome,Fecal Microbiota Transplantation,"10 subjects: 5 allogenic FMT recipients, 5 autologous FMT (placebo); Three lean donors, unrelated to recipients; 55 fecal samples total sequenced; Samples collected pre-FMT and 4 times post-FMT; Metabolic syndrome patients; No antibiotics for ≥3 months before treatment; 164 fecal metagenomes analyzed across three study groups; 1105 detected prokaryotic species; 11.8 million variant positions identified; 109 metagenomes from 48 healthy FMT-naïve individuals as control; 42 species tracked at strain level across 5 phyla; Determinant positions ranged 66 to 161,800 per species (median 15,550)"
27126044,No,3,Month,single-nucleotide variants (SNVs); donor-specific SNVs; recipient-specific SNVs; species composition; microbial diversity,percentage (%); mean percentage across species,69.3±21.8% at 2 days post-FMT; 37.6±16.6% at 3 months post-FMT; 50.7±10.1% coexistence in shared species; 39±23% species resistance; 44±14% species coexistence,Netherlands,colon,2009/2010,Metabolic Syndrome,species composition shifts; donor microbiota colonization; strain coexistence patterns; microbial diversity changes,FMT1; FMT2; FMT3; FMT4; FMT5; SELF1; SELF2; SELF3; SELF4; SELF5,Homo sapiens,Amsterdam,ERR1297690,27126044,SAMEA3882510,Illumina HiSeq 2000,FMT_metabolic_syndrome_2016,Metabolic Syndrome,Fecal Microbiota Transplantation,"10 subjects: 5 allogenic FMT recipients, 5 autologous FMT (placebo); Three lean donors, unrelated to recipients; 55 fecal samples total sequenced; Samples collected pre-FMT and 4 times post-FMT; Metabolic syndrome patients; No antibiotics for ≥3 months before treatment; 164 fecal metagenomes analyzed across three study groups; 1105 detected prokaryotic species; 11.8 million variant positions identified; 109 metagenomes from 48 healthy FMT-naïve individuals as control; 42 species tracked at strain level across 5 phyla; Determinant positions ranged 66 to 161,800 per species (median 15,550)"
27126044,No,3,Month,single-nucleotide variants (SNVs); donor-specific SNVs; recipient-specific SNVs; species composition; microbial diversity,percentage (%); mean percentage across species,69.3±21.8% at 2 days post-FMT; 37.6±16.6% at 3 months post-FMT; 50.7±10.1% coexistence in shared species; 39±23% species resistance; 44±14% species coexistence,Netherlands,colon,2009/2010,Metabolic Syndrome,species composition shifts; donor microbiota colonization; strain coexistence patterns; microbial diversity changes,FMT1; FMT2; FMT3; FMT4; FMT5; SELF1; SELF2; SELF3; SELF4; SELF5,Homo sapiens,Amsterdam,ERR1297696,27126044,SAMEA3882515,Illumina HiSeq 2000,FMT_metabolic_syndrome_2016,Metabolic Syndrome,Fecal Microbiota Transplantation,"10 subjects: 5 allogenic FMT recipients, 5 autologous FMT (placebo); Three lean donors, unrelated to recipients; 55 fecal samples total sequenced; Samples collected pre-FMT and 4 times post-FMT; Metabolic syndrome patients; No antibiotics for ≥3 months before treatment; 164 fecal metagenomes analyzed across three study groups; 1105 detected prokaryotic species; 11.8 million variant positions identified; 109 metagenomes from 48 healthy FMT-naïve individuals as control; 42 species tracked at strain level across 5 phyla; Determinant positions ranged 66 to 161,800 per species (median 15,550)"
27126044,No,3,Month,single-nucleotide variants (SNVs); donor-specific SNVs; recipient-specific SNVs; species composition; microbial diversity,percentage (%); mean percentage across species,69.3±21.8% at 2 days post-FMT; 37.6±16.6% at 3 months post-FMT; 50.7±10.1% coexistence in shared species; 39±23% species resistance; 44±14% species coexistence,Netherlands,colon,2009/2010,Metabolic Syndrome,species composition shifts; donor microbiota colonization; strain coexistence patterns; microbial diversity changes,FMT1; FMT2; FMT3; FMT4; FMT5; SELF1; SELF2; SELF3; SELF4; SELF5,Homo sapiens,Amsterdam,ERR1297691,27126044,SAMEA3882528,Illumina HiSeq 2000,FMT_metabolic_syndrome_2016,Metabolic Syndrome,Fecal Microbiota Transplantation,"10 subjects: 5 allogenic FMT recipients, 5 autologous FMT (placebo); Three lean donors, unrelated to recipients; 55 fecal samples total sequenced; Samples collected pre-FMT and 4 times post-FMT; Metabolic syndrome patients; No antibiotics for ≥3 months before treatment; 164 fecal metagenomes analyzed across three study groups; 1105 detected prokaryotic species; 11.8 million variant positions identified; 109 metagenomes from 48 healthy FMT-naïve individuals as control; 42 species tracked at strain level across 5 phyla; Determinant positions ranged 66 to 161,800 per species (median 15,550)"
27126044,No,3,Month,single-nucleotide variants (SNVs); donor-specific SNVs; recipient-specific SNVs; species composition; microbial diversity,percentage (%); mean percentage across species,69.3±21.8% at 2 days post-FMT; 37.6±16.6% at 3 months post-FMT; 50.7±10.1% coexistence in shared species; 39±23% species resistance; 44±14% species coexistence,Netherlands,colon,2009/2010,Metabolic Syndrome,species composition shifts; donor microbiota colonization; strain coexistence patterns; microbial diversity changes,FMT1; FMT2; FMT3; FMT4; FMT5; SELF1; SELF2; SELF3; SELF4; SELF5,Homo sapiens,Amsterdam,ERR1297692,27126044,SAMEA3882541,Illumina HiSeq 2000,FMT_metabolic_syndrome_2016,Metabolic Syndrome,Fecal Microbiota Transplantation,"10 subjects: 5 allogenic FMT recipients, 5 autologous FMT (placebo); Three lean donors, unrelated to recipients; 55 fecal samples total sequenced; Samples collected pre-FMT and 4 times post-FMT; Metabolic syndrome patients; No antibiotics for ≥3 months before treatment; 164 fecal metagenomes analyzed across three study groups; 1105 detected prokaryotic species; 11.8 million variant positions identified; 109 metagenomes from 48 healthy FMT-naïve individuals as control; 42 species tracked at strain level across 5 phyla; Determinant positions ranged 66 to 161,800 per species (median 15,550)"
27126044,No,3,Month,single-nucleotide variants (SNVs); donor-specific SNVs; recipient-specific SNVs; species composition; microbial diversity,percentage (%); mean percentage across species,69.3±21.8% at 2 days post-FMT; 37.6±16.6% at 3 months post-FMT; 50.7±10.1% coexistence in shared species; 39±23% species resistance; 44±14% species coexistence,Netherlands,colon,2009/2010,Metabolic Syndrome,species composition shifts; donor microbiota colonization; strain coexistence patterns; microbial diversity changes,FMT1; FMT2; FMT3; FMT4; FMT5; SELF1; SELF2; SELF3; SELF4; SELF5,Homo sapiens,Amsterdam,ERR1297695,27126044,SAMEA3882533,Illumina HiSeq 2000,FMT_metabolic_syndrome_2016,Metabolic Syndrome,Fecal Microbiota Transplantation,"10 subjects: 5 allogenic FMT recipients, 5 autologous FMT (placebo); Three lean donors, unrelated to recipients; 55 fecal samples total sequenced; Samples collected pre-FMT and 4 times post-FMT; Metabolic syndrome patients; No antibiotics for ≥3 months before treatment; 164 fecal metagenomes analyzed across three study groups; 1105 detected prokaryotic species; 11.8 million variant positions identified; 109 metagenomes from 48 healthy FMT-naïve individuals as control; 42 species tracked at strain level across 5 phyla; Determinant positions ranged 66 to 161,800 per species (median 15,550)"
27126044,No,3,Month,single-nucleotide variants (SNVs); donor-specific SNVs; recipient-specific SNVs; species composition; microbial diversity,percentage (%); mean percentage across species,69.3±21.8% at 2 days post-FMT; 37.6±16.6% at 3 months post-FMT; 50.7±10.1% coexistence in shared species; 39±23% species resistance; 44±14% species coexistence,Netherlands,colon,2009/2010,Metabolic Syndrome,species composition shifts; donor microbiota colonization; strain coexistence patterns; microbial diversity changes,FMT1; FMT2; FMT3; FMT4; FMT5; SELF1; SELF2; SELF3; SELF4; SELF5,Homo sapiens,Amsterdam,ERR1297699,27126044,SAMEA3882539,Illumina HiSeq 2000,FMT_metabolic_syndrome_2016,Metabolic Syndrome,Fecal Microbiota Transplantation,"10 subjects: 5 allogenic FMT recipients, 5 autologous FMT (placebo); Three lean donors, unrelated to recipients; 55 fecal samples total sequenced; Samples collected pre-FMT and 4 times post-FMT; Metabolic syndrome patients; No antibiotics for ≥3 months before treatment; 164 fecal metagenomes analyzed across three study groups; 1105 detected prokaryotic species; 11.8 million variant positions identified; 109 metagenomes from 48 healthy FMT-naïve individuals as control; 42 species tracked at strain level across 5 phyla; Determinant positions ranged 66 to 161,800 per species (median 15,550)"
27126044,No,3,Month,single-nucleotide variants (SNVs); donor-specific SNVs; recipient-specific SNVs; species composition; microbial diversity,percentage (%); mean percentage across species,69.3±21.8% at 2 days post-FMT; 37.6±16.6% at 3 months post-FMT; 50.7±10.1% coexistence in shared species; 39±23% species resistance; 44±14% species coexistence,Netherlands,colon,2009/2010,Metabolic Syndrome,species composition shifts; donor microbiota colonization; strain coexistence patterns; microbial diversity changes,FMT1; FMT2; FMT3; FMT4; FMT5; SELF1; SELF2; SELF3; SELF4; SELF5,Homo sapiens,Amsterdam,ERR1297697,27126044,SAMEA3882515,Illumina HiSeq 2000,FMT_metabolic_syndrome_2016,Metabolic Syndrome,Fecal Microbiota Transplantation,"10 subjects: 5 allogenic FMT recipients, 5 autologous FMT (placebo); Three lean donors, unrelated to recipients; 55 fecal samples total sequenced; Samples collected pre-FMT and 4 times post-FMT; Metabolic syndrome patients; No antibiotics for ≥3 months before treatment; 164 fecal metagenomes analyzed across three study groups; 1105 detected prokaryotic species; 11.8 million variant positions identified; 109 metagenomes from 48 healthy FMT-naïve individuals as control; 42 species tracked at strain level across 5 phyla; Determinant positions ranged 66 to 161,800 per species (median 15,550)"
27126044,No,3,Month,single-nucleotide variants (SNVs); donor-specific SNVs; recipient-specific SNVs; species composition; microbial diversity,percentage (%); mean percentage across species,69.3±21.8% at 2 days post-FMT; 37.6±16.6% at 3 months post-FMT; 50.7±10.1% coexistence in shared species; 39±23% species resistance; 44±14% species coexistence,Netherlands,colon,2009/2010,Metabolic Syndrome,species composition shifts; donor microbiota colonization; strain coexistence patterns; microbial diversity changes,FMT1; FMT2; FMT3; FMT4; FMT5; SELF1; SELF2; SELF3; SELF4; SELF5,Homo sapiens,Amsterdam,ERR1297700,27126044,SAMEA3882546,Illumina HiSeq 2000,FMT_metabolic_syndrome_2016,Metabolic Syndrome,Fecal Microbiota Transplantation,"10 subjects: 5 allogenic FMT recipients, 5 autologous FMT (placebo); Three lean donors, unrelated to recipients; 55 fecal samples total sequenced; Samples collected pre-FMT and 4 times post-FMT; Metabolic syndrome patients; No antibiotics for ≥3 months before treatment; 164 fecal metagenomes analyzed across three study groups; 1105 detected prokaryotic species; 11.8 million variant positions identified; 109 metagenomes from 48 healthy FMT-naïve individuals as control; 42 species tracked at strain level across 5 phyla; Determinant positions ranged 66 to 161,800 per species (median 15,550)"
27126044,No,3,Month,single-nucleotide variants (SNVs); donor-specific SNVs; recipient-specific SNVs; species composition; microbial diversity,percentage (%); mean percentage across species,69.3±21.8% at 2 days post-FMT; 37.6±16.6% at 3 months post-FMT; 50.7±10.1% coexistence in shared species; 39±23% species resistance; 44±14% species coexistence,Netherlands,colon,2009/2010,Metabolic Syndrome,species composition shifts; donor microbiota colonization; strain coexistence patterns; microbial diversity changes,FMT1; FMT2; FMT3; FMT4; FMT5; SELF1; SELF2; SELF3; SELF4; SELF5,Homo sapiens,Amsterdam,ERR1297698,27126044,SAMEA3882547,Illumina HiSeq 2000,FMT_metabolic_syndrome_2016,Metabolic Syndrome,Fecal Microbiota Transplantation,"10 subjects: 5 allogenic FMT recipients, 5 autologous FMT (placebo); Three lean donors, unrelated to recipients; 55 fecal samples total sequenced; Samples collected pre-FMT and 4 times post-FMT; Metabolic syndrome patients; No antibiotics for ≥3 months before treatment; 164 fecal metagenomes analyzed across three study groups; 1105 detected prokaryotic species; 11.8 million variant positions identified; 109 metagenomes from 48 healthy FMT-naïve individuals as control; 42 species tracked at strain level across 5 phyla; Determinant positions ranged 66 to 161,800 per species (median 15,550)"
27126044,No,3,Month,single-nucleotide variants (SNVs); donor-specific SNVs; recipient-specific SNVs; species composition; microbial diversity,percentage (%); mean percentage across species,69.3±21.8% at 2 days post-FMT; 37.6±16.6% at 3 months post-FMT; 50.7±10.1% coexistence in shared species; 39±23% species resistance; 44±14% species coexistence,Netherlands,colon,2009/2010,Metabolic Syndrome,species composition shifts; donor microbiota colonization; strain coexistence patterns; microbial diversity changes,FMT1; FMT2; FMT3; FMT4; FMT5; SELF1; SELF2; SELF3; SELF4; SELF5,Homo sapiens,Amsterdam,ERR1297702,27126044,SAMEA3882517,Illumina HiSeq 2000,FMT_metabolic_syndrome_2016,Metabolic Syndrome,Fecal Microbiota Transplantation,"10 subjects: 5 allogenic FMT recipients, 5 autologous FMT (placebo); Three lean donors, unrelated to recipients; 55 fecal samples total sequenced; Samples collected pre-FMT and 4 times post-FMT; Metabolic syndrome patients; No antibiotics for ≥3 months before treatment; 164 fecal metagenomes analyzed across three study groups; 1105 detected prokaryotic species; 11.8 million variant positions identified; 109 metagenomes from 48 healthy FMT-naïve individuals as control; 42 species tracked at strain level across 5 phyla; Determinant positions ranged 66 to 161,800 per species (median 15,550)"
27126044,No,3,Month,single-nucleotide variants (SNVs); donor-specific SNVs; recipient-specific SNVs; species composition; microbial diversity,percentage (%); mean percentage across species,69.3±21.8% at 2 days post-FMT; 37.6±16.6% at 3 months post-FMT; 50.7±10.1% coexistence in shared species; 39±23% species resistance; 44±14% species coexistence,Netherlands,colon,2009/2010,Metabolic Syndrome,species composition shifts; donor microbiota colonization; strain coexistence patterns; microbial diversity changes,FMT1; FMT2; FMT3; FMT4; FMT5; SELF1; SELF2; SELF3; SELF4; SELF5,Homo sapiens,Amsterdam,ERR1297707,27126044,SAMEA3882530,Illumina HiSeq 2000,FMT_metabolic_syndrome_2016,Metabolic Syndrome,Fecal Microbiota Transplantation,"10 subjects: 5 allogenic FMT recipients, 5 autologous FMT (placebo); Three lean donors, unrelated to recipients; 55 fecal samples total sequenced; Samples collected pre-FMT and 4 times post-FMT; Metabolic syndrome patients; No antibiotics for ≥3 months before treatment; 164 fecal metagenomes analyzed across three study groups; 1105 detected prokaryotic species; 11.8 million variant positions identified; 109 metagenomes from 48 healthy FMT-naïve individuals as control; 42 species tracked at strain level across 5 phyla; Determinant positions ranged 66 to 161,800 per species (median 15,550)"
27126044,No,3,Month,single-nucleotide variants (SNVs); donor-specific SNVs; recipient-specific SNVs; species composition; microbial diversity,percentage (%); mean percentage across species,69.3±21.8% at 2 days post-FMT; 37.6±16.6% at 3 months post-FMT; 50.7±10.1% coexistence in shared species; 39±23% species resistance; 44±14% species coexistence,Netherlands,colon,2009/2010,Metabolic Syndrome,species composition shifts; donor microbiota colonization; strain coexistence patterns; microbial diversity changes,FMT1; FMT2; FMT3; FMT4; FMT5; SELF1; SELF2; SELF3; SELF4; SELF5,Homo sapiens,Amsterdam,ERR1297703,27126044,SAMEA3882544,Illumina HiSeq 2000,FMT_metabolic_syndrome_2016,Metabolic Syndrome,Fecal Microbiota Transplantation,"10 subjects: 5 allogenic FMT recipients, 5 autologous FMT (placebo); Three lean donors, unrelated to recipients; 55 fecal samples total sequenced; Samples collected pre-FMT and 4 times post-FMT; Metabolic syndrome patients; No antibiotics for ≥3 months before treatment; 164 fecal metagenomes analyzed across three study groups; 1105 detected prokaryotic species; 11.8 million variant positions identified; 109 metagenomes from 48 healthy FMT-naïve individuals as control; 42 species tracked at strain level across 5 phyla; Determinant positions ranged 66 to 161,800 per species (median 15,550)"
27126044,No,3,Month,single-nucleotide variants (SNVs); donor-specific SNVs; recipient-specific SNVs; species composition; microbial diversity,percentage (%); mean percentage across species,69.3±21.8% at 2 days post-FMT; 37.6±16.6% at 3 months post-FMT; 50.7±10.1% coexistence in shared species; 39±23% species resistance; 44±14% species coexistence,Netherlands,colon,2009/2010,Metabolic Syndrome,species composition shifts; donor microbiota colonization; strain coexistence patterns; microbial diversity changes,FMT1; FMT2; FMT3; FMT4; FMT5; SELF1; SELF2; SELF3; SELF4; SELF5,Homo sapiens,Amsterdam,ERR1297709,27126044,SAMEA3882530,Illumina HiSeq 2000,FMT_metabolic_syndrome_2016,Metabolic Syndrome,Fecal Microbiota Transplantation,"10 subjects: 5 allogenic FMT recipients, 5 autologous FMT (placebo); Three lean donors, unrelated to recipients; 55 fecal samples total sequenced; Samples collected pre-FMT and 4 times post-FMT; Metabolic syndrome patients; No antibiotics for ≥3 months before treatment; 164 fecal metagenomes analyzed across three study groups; 1105 detected prokaryotic species; 11.8 million variant positions identified; 109 metagenomes from 48 healthy FMT-naïve individuals as control; 42 species tracked at strain level across 5 phyla; Determinant positions ranged 66 to 161,800 per species (median 15,550)"
27126044,No,3,Month,single-nucleotide variants (SNVs); donor-specific SNVs; recipient-specific SNVs; species composition; microbial diversity,percentage (%); mean percentage across species,69.3±21.8% at 2 days post-FMT; 37.6±16.6% at 3 months post-FMT; 50.7±10.1% coexistence in shared species; 39±23% species resistance; 44±14% species coexistence,Netherlands,colon,2009/2010,Metabolic Syndrome,species composition shifts; donor microbiota colonization; strain coexistence patterns; microbial diversity changes,FMT1; FMT2; FMT3; FMT4; FMT5; SELF1; SELF2; SELF3; SELF4; SELF5,Homo sapiens,Amsterdam,ERR1297704,27126044,SAMEA3882537,Illumina HiSeq 2000,FMT_metabolic_syndrome_2016,Metabolic Syndrome,Fecal Microbiota Transplantation,"10 subjects: 5 allogenic FMT recipients, 5 autologous FMT (placebo); Three lean donors, unrelated to recipients; 55 fecal samples total sequenced; Samples collected pre-FMT and 4 times post-FMT; Metabolic syndrome patients; No antibiotics for ≥3 months before treatment; 164 fecal metagenomes analyzed across three study groups; 1105 detected prokaryotic species; 11.8 million variant positions identified; 109 metagenomes from 48 healthy FMT-naïve individuals as control; 42 species tracked at strain level across 5 phyla; Determinant positions ranged 66 to 161,800 per species (median 15,550)"
27126044,No,3,Month,single-nucleotide variants (SNVs); donor-specific SNVs; recipient-specific SNVs; species composition; microbial diversity,percentage (%); mean percentage across species,69.3±21.8% at 2 days post-FMT; 37.6±16.6% at 3 months post-FMT; 50.7±10.1% coexistence in shared species; 39±23% species resistance; 44±14% species coexistence,Netherlands,colon,2009/2010,Metabolic Syndrome,species composition shifts; donor microbiota colonization; strain coexistence patterns; microbial diversity changes,FMT1; FMT2; FMT3; FMT4; FMT5; SELF1; SELF2; SELF3; SELF4; SELF5,Homo sapiens,Amsterdam,ERR1297711,27126044,SAMEA3882533,Illumina HiSeq 2000,FMT_metabolic_syndrome_2016,Metabolic Syndrome,Fecal Microbiota Transplantation,"10 subjects: 5 allogenic FMT recipients, 5 autologous FMT (placebo); Three lean donors, unrelated to recipients; 55 fecal samples total sequenced; Samples collected pre-FMT and 4 times post-FMT; Metabolic syndrome patients; No antibiotics for ≥3 months before treatment; 164 fecal metagenomes analyzed across three study groups; 1105 detected prokaryotic species; 11.8 million variant positions identified; 109 metagenomes from 48 healthy FMT-naïve individuals as control; 42 species tracked at strain level across 5 phyla; Determinant positions ranged 66 to 161,800 per species (median 15,550)"
27126044,No,3,Month,single-nucleotide variants (SNVs); donor-specific SNVs; recipient-specific SNVs; species composition; microbial diversity,percentage (%); mean percentage across species,69.3±21.8% at 2 days post-FMT; 37.6±16.6% at 3 months post-FMT; 50.7±10.1% coexistence in shared species; 39±23% species resistance; 44±14% species coexistence,Netherlands,colon,2009/2010,Metabolic Syndrome,species composition shifts; donor microbiota colonization; strain coexistence patterns; microbial diversity changes,FMT1; FMT2; FMT3; FMT4; FMT5; SELF1; SELF2; SELF3; SELF4; SELF5,Homo sapiens,Amsterdam,ERR1297721,27126044,SAMEA3882540,Illumina HiSeq 2000,FMT_metabolic_syndrome_2016,Metabolic Syndrome,Fecal Microbiota Transplantation,"10 subjects: 5 allogenic FMT recipients, 5 autologous FMT (placebo); Three lean donors, unrelated to recipients; 55 fecal samples total sequenced; Samples collected pre-FMT and 4 times post-FMT; Metabolic syndrome patients; No antibiotics for ≥3 months before treatment; 164 fecal metagenomes analyzed across three study groups; 1105 detected prokaryotic species; 11.8 million variant positions identified; 109 metagenomes from 48 healthy FMT-naïve individuals as control; 42 species tracked at strain level across 5 phyla; Determinant positions ranged 66 to 161,800 per species (median 15,550)"
27126044,No,3,Month,single-nucleotide variants (SNVs); donor-specific SNVs; recipient-specific SNVs; species composition; microbial diversity,percentage (%); mean percentage across species,69.3±21.8% at 2 days post-FMT; 37.6±16.6% at 3 months post-FMT; 50.7±10.1% coexistence in shared species; 39±23% species resistance; 44±14% species coexistence,Netherlands,colon,2009/2010,Metabolic Syndrome,species composition shifts; donor microbiota colonization; strain coexistence patterns; microbial diversity changes,FMT1; FMT2; FMT3; FMT4; FMT5; SELF1; SELF2; SELF3; SELF4; SELF5,Homo sapiens,Amsterdam,ERR1297705,27126044,SAMEA3882509,Illumina HiSeq 2000,FMT_metabolic_syndrome_2016,Metabolic Syndrome,Fecal Microbiota Transplantation,"10 subjects: 5 allogenic FMT recipients, 5 autologous FMT (placebo); Three lean donors, unrelated to recipients; 55 fecal samples total sequenced; Samples collected pre-FMT and 4 times post-FMT; Metabolic syndrome patients; No antibiotics for ≥3 months before treatment; 164 fecal metagenomes analyzed across three study groups; 1105 detected prokaryotic species; 11.8 million variant positions identified; 109 metagenomes from 48 healthy FMT-naïve individuals as control; 42 species tracked at strain level across 5 phyla; Determinant positions ranged 66 to 161,800 per species (median 15,550)"
27126044,No,3,Month,single-nucleotide variants (SNVs); donor-specific SNVs; recipient-specific SNVs; species composition; microbial diversity,percentage (%); mean percentage across species,69.3±21.8% at 2 days post-FMT; 37.6±16.6% at 3 months post-FMT; 50.7±10.1% coexistence in shared species; 39±23% species resistance; 44±14% species coexistence,Netherlands,colon,2009/2010,Metabolic Syndrome,species composition shifts; donor microbiota colonization; strain coexistence patterns; microbial diversity changes,FMT1; FMT2; FMT3; FMT4; FMT5; SELF1; SELF2; SELF3; SELF4; SELF5,Homo sapiens,Amsterdam,ERR1297722,27126044,SAMEA3882522,Illumina HiSeq 2000,FMT_metabolic_syndrome_2016,Metabolic Syndrome,Fecal Microbiota Transplantation,"10 subjects: 5 allogenic FMT recipients, 5 autologous FMT (placebo); Three lean donors, unrelated to recipients; 55 fecal samples total sequenced; Samples collected pre-FMT and 4 times post-FMT; Metabolic syndrome patients; No antibiotics for ≥3 months before treatment; 164 fecal metagenomes analyzed across three study groups; 1105 detected prokaryotic species; 11.8 million variant positions identified; 109 metagenomes from 48 healthy FMT-naïve individuals as control; 42 species tracked at strain level across 5 phyla; Determinant positions ranged 66 to 161,800 per species (median 15,550)"
27126044,No,3,Month,single-nucleotide variants (SNVs); donor-specific SNVs; recipient-specific SNVs; species composition; microbial diversity,percentage (%); mean percentage across species,69.3±21.8% at 2 days post-FMT; 37.6±16.6% at 3 months post-FMT; 50.7±10.1% coexistence in shared species; 39±23% species resistance; 44±14% species coexistence,Netherlands,colon,2009/2010,Metabolic Syndrome,species composition shifts; donor microbiota colonization; strain coexistence patterns; microbial diversity changes,FMT1; FMT2; FMT3; FMT4; FMT5; SELF1; SELF2; SELF3; SELF4; SELF5,Homo sapiens,Amsterdam,ERR1297710,27126044,SAMEA3882506,Illumina HiSeq 2000,FMT_metabolic_syndrome_2016,Metabolic Syndrome,Fecal Microbiota Transplantation,"10 subjects: 5 allogenic FMT recipients, 5 autologous FMT (placebo); Three lean donors, unrelated to recipients; 55 fecal samples total sequenced; Samples collected pre-FMT and 4 times post-FMT; Metabolic syndrome patients; No antibiotics for ≥3 months before treatment; 164 fecal metagenomes analyzed across three study groups; 1105 detected prokaryotic species; 11.8 million variant positions identified; 109 metagenomes from 48 healthy FMT-naïve individuals as control; 42 species tracked at strain level across 5 phyla; Determinant positions ranged 66 to 161,800 per species (median 15,550)"
27126044,No,3,Month,single-nucleotide variants (SNVs); donor-specific SNVs; recipient-specific SNVs; species composition; microbial diversity,percentage (%); mean percentage across species,69.3±21.8% at 2 days post-FMT; 37.6±16.6% at 3 months post-FMT; 50.7±10.1% coexistence in shared species; 39±23% species resistance; 44±14% species coexistence,Netherlands,colon,2009/2010,Metabolic Syndrome,species composition shifts; donor microbiota colonization; strain coexistence patterns; microbial diversity changes,FMT1; FMT2; FMT3; FMT4; FMT5; SELF1; SELF2; SELF3; SELF4; SELF5,Homo sapiens,Amsterdam,ERR1297712,27126044,SAMEA3882541,Illumina HiSeq 2000,FMT_metabolic_syndrome_2016,Metabolic Syndrome,Fecal Microbiota Transplantation,"10 subjects: 5 allogenic FMT recipients, 5 autologous FMT (placebo); Three lean donors, unrelated to recipients; 55 fecal samples total sequenced; Samples collected pre-FMT and 4 times post-FMT; Metabolic syndrome patients; No antibiotics for ≥3 months before treatment; 164 fecal metagenomes analyzed across three study groups; 1105 detected prokaryotic species; 11.8 million variant positions identified; 109 metagenomes from 48 healthy FMT-naïve individuals as control; 42 species tracked at strain level across 5 phyla; Determinant positions ranged 66 to 161,800 per species (median 15,550)"
27126044,No,3,Month,single-nucleotide variants (SNVs); donor-specific SNVs; recipient-specific SNVs; species composition; microbial diversity,percentage (%); mean percentage across species,69.3±21.8% at 2 days post-FMT; 37.6±16.6% at 3 months post-FMT; 50.7±10.1% coexistence in shared species; 39±23% species resistance; 44±14% species coexistence,Netherlands,colon,2009/2010,Metabolic Syndrome,species composition shifts; donor microbiota colonization; strain coexistence patterns; microbial diversity changes,FMT1; FMT2; FMT3; FMT4; FMT5; SELF1; SELF2; SELF3; SELF4; SELF5,Homo sapiens,Amsterdam,ERR1297726,27126044,SAMEA3882542,Illumina HiSeq 2000,FMT_metabolic_syndrome_2016,Metabolic Syndrome,Fecal Microbiota Transplantation,"10 subjects: 5 allogenic FMT recipients, 5 autologous FMT (placebo); Three lean donors, unrelated to recipients; 55 fecal samples total sequenced; Samples collected pre-FMT and 4 times post-FMT; Metabolic syndrome patients; No antibiotics for ≥3 months before treatment; 164 fecal metagenomes analyzed across three study groups; 1105 detected prokaryotic species; 11.8 million variant positions identified; 109 metagenomes from 48 healthy FMT-naïve individuals as control; 42 species tracked at strain level across 5 phyla; Determinant positions ranged 66 to 161,800 per species (median 15,550)"
27126044,No,3,Month,single-nucleotide variants (SNVs); donor-specific SNVs; recipient-specific SNVs; species composition; microbial diversity,percentage (%); mean percentage across species,69.3±21.8% at 2 days post-FMT; 37.6±16.6% at 3 months post-FMT; 50.7±10.1% coexistence in shared species; 39±23% species resistance; 44±14% species coexistence,Netherlands,colon,2009/2010,Metabolic Syndrome,species composition shifts; donor microbiota colonization; strain coexistence patterns; microbial diversity changes,FMT1; FMT2; FMT3; FMT4; FMT5; SELF1; SELF2; SELF3; SELF4; SELF5,Homo sapiens,Amsterdam,ERR1297713,27126044,SAMEA3882545,Illumina HiSeq 2000,FMT_metabolic_syndrome_2016,Metabolic Syndrome,Fecal Microbiota Transplantation,"10 subjects: 5 allogenic FMT recipients, 5 autologous FMT (placebo); Three lean donors, unrelated to recipients; 55 fecal samples total sequenced; Samples collected pre-FMT and 4 times post-FMT; Metabolic syndrome patients; No antibiotics for ≥3 months before treatment; 164 fecal metagenomes analyzed across three study groups; 1105 detected prokaryotic species; 11.8 million variant positions identified; 109 metagenomes from 48 healthy FMT-naïve individuals as control; 42 species tracked at strain level across 5 phyla; Determinant positions ranged 66 to 161,800 per species (median 15,550)"
27126044,No,3,Month,single-nucleotide variants (SNVs); donor-specific SNVs; recipient-specific SNVs; species composition; microbial diversity,percentage (%); mean percentage across species,69.3±21.8% at 2 days post-FMT; 37.6±16.6% at 3 months post-FMT; 50.7±10.1% coexistence in shared species; 39±23% species resistance; 44±14% species coexistence,Netherlands,colon,2009/2010,Metabolic Syndrome,species composition shifts; donor microbiota colonization; strain coexistence patterns; microbial diversity changes,FMT1; FMT2; FMT3; FMT4; FMT5; SELF1; SELF2; SELF3; SELF4; SELF5,Homo sapiens,Amsterdam,ERR1297727,27126044,SAMEA3882557,Illumina HiSeq 2000,FMT_metabolic_syndrome_2016,Metabolic Syndrome,Fecal Microbiota Transplantation,"10 subjects: 5 allogenic FMT recipients, 5 autologous FMT (placebo); Three lean donors, unrelated to recipients; 55 fecal samples total sequenced; Samples collected pre-FMT and 4 times post-FMT; Metabolic syndrome patients; No antibiotics for ≥3 months before treatment; 164 fecal metagenomes analyzed across three study groups; 1105 detected prokaryotic species; 11.8 million variant positions identified; 109 metagenomes from 48 healthy FMT-naïve individuals as control; 42 species tracked at strain level across 5 phyla; Determinant positions ranged 66 to 161,800 per species (median 15,550)"
27126044,No,3,Month,single-nucleotide variants (SNVs); donor-specific SNVs; recipient-specific SNVs; species composition; microbial diversity,percentage (%); mean percentage across species,69.3±21.8% at 2 days post-FMT; 37.6±16.6% at 3 months post-FMT; 50.7±10.1% coexistence in shared species; 39±23% species resistance; 44±14% species coexistence,Netherlands,colon,2009/2010,Metabolic Syndrome,species composition shifts; donor microbiota colonization; strain coexistence patterns; microbial diversity changes,FMT1; FMT2; FMT3; FMT4; FMT5; SELF1; SELF2; SELF3; SELF4; SELF5,Homo sapiens,Amsterdam,ERR1297716,27126044,SAMEA3882526,Illumina HiSeq 2000,FMT_metabolic_syndrome_2016,Metabolic Syndrome,Fecal Microbiota Transplantation,"10 subjects: 5 allogenic FMT recipients, 5 autologous FMT (placebo); Three lean donors, unrelated to recipients; 55 fecal samples total sequenced; Samples collected pre-FMT and 4 times post-FMT; Metabolic syndrome patients; No antibiotics for ≥3 months before treatment; 164 fecal metagenomes analyzed across three study groups; 1105 detected prokaryotic species; 11.8 million variant positions identified; 109 metagenomes from 48 healthy FMT-naïve individuals as control; 42 species tracked at strain level across 5 phyla; Determinant positions ranged 66 to 161,800 per species (median 15,550)"
27126044,No,3,Month,single-nucleotide variants (SNVs); donor-specific SNVs; recipient-specific SNVs; species composition; microbial diversity,percentage (%); mean percentage across species,69.3±21.8% at 2 days post-FMT; 37.6±16.6% at 3 months post-FMT; 50.7±10.1% coexistence in shared species; 39±23% species resistance; 44±14% species coexistence,Netherlands,colon,2009/2010,Metabolic Syndrome,species composition shifts; donor microbiota colonization; strain coexistence patterns; microbial diversity changes,FMT1; FMT2; FMT3; FMT4; FMT5; SELF1; SELF2; SELF3; SELF4; SELF5,Homo sapiens,Amsterdam,ERR1297719,27126044,SAMEA3882527,Illumina HiSeq 2000,FMT_metabolic_syndrome_2016,Metabolic Syndrome,Fecal Microbiota Transplantation,"10 subjects: 5 allogenic FMT recipients, 5 autologous FMT (placebo); Three lean donors, unrelated to recipients; 55 fecal samples total sequenced; Samples collected pre-FMT and 4 times post-FMT; Metabolic syndrome patients; No antibiotics for ≥3 months before treatment; 164 fecal metagenomes analyzed across three study groups; 1105 detected prokaryotic species; 11.8 million variant positions identified; 109 metagenomes from 48 healthy FMT-naïve individuals as control; 42 species tracked at strain level across 5 phyla; Determinant positions ranged 66 to 161,800 per species (median 15,550)"
27126044,No,3,Month,single-nucleotide variants (SNVs); donor-specific SNVs; recipient-specific SNVs; species composition; microbial diversity,percentage (%); mean percentage across species,69.3±21.8% at 2 days post-FMT; 37.6±16.6% at 3 months post-FMT; 50.7±10.1% coexistence in shared species; 39±23% species resistance; 44±14% species coexistence,Netherlands,colon,2009/2010,Metabolic Syndrome,species composition shifts; donor microbiota colonization; strain coexistence patterns; microbial diversity changes,FMT1; FMT2; FMT3; FMT4; FMT5; SELF1; SELF2; SELF3; SELF4; SELF5,Homo sapiens,Amsterdam,ERR1297735,27126044,SAMEA3882524,Illumina HiSeq 2000,FMT_metabolic_syndrome_2016,Metabolic Syndrome,Fecal Microbiota Transplantation,"10 subjects: 5 allogenic FMT recipients, 5 autologous FMT (placebo); Three lean donors, unrelated to recipients; 55 fecal samples total sequenced; Samples collected pre-FMT and 4 times post-FMT; Metabolic syndrome patients; No antibiotics for ≥3 months before treatment; 164 fecal metagenomes analyzed across three study groups; 1105 detected prokaryotic species; 11.8 million variant positions identified; 109 metagenomes from 48 healthy FMT-naïve individuals as control; 42 species tracked at strain level across 5 phyla; Determinant positions ranged 66 to 161,800 per species (median 15,550)"
27126044,No,3,Month,single-nucleotide variants (SNVs); donor-specific SNVs; recipient-specific SNVs; species composition; microbial diversity,percentage (%); mean percentage across species,69.3±21.8% at 2 days post-FMT; 37.6±16.6% at 3 months post-FMT; 50.7±10.1% coexistence in shared species; 39±23% species resistance; 44±14% species coexistence,Netherlands,colon,2009/2010,Metabolic Syndrome,species composition shifts; donor microbiota colonization; strain coexistence patterns; microbial diversity changes,FMT1; FMT2; FMT3; FMT4; FMT5; SELF1; SELF2; SELF3; SELF4; SELF5,Homo sapiens,Amsterdam,ERR1297728,27126044,SAMEA3882540,Illumina HiSeq 2000,FMT_metabolic_syndrome_2016,Metabolic Syndrome,Fecal Microbiota Transplantation,"10 subjects: 5 allogenic FMT recipients, 5 autologous FMT (placebo); Three lean donors, unrelated to recipients; 55 fecal samples total sequenced; Samples collected pre-FMT and 4 times post-FMT; Metabolic syndrome patients; No antibiotics for ≥3 months before treatment; 164 fecal metagenomes analyzed across three study groups; 1105 detected prokaryotic species; 11.8 million variant positions identified; 109 metagenomes from 48 healthy FMT-naïve individuals as control; 42 species tracked at strain level across 5 phyla; Determinant positions ranged 66 to 161,800 per species (median 15,550)"
27126044,No,3,Month,single-nucleotide variants (SNVs); donor-specific SNVs; recipient-specific SNVs; species composition; microbial diversity,percentage (%); mean percentage across species,69.3±21.8% at 2 days post-FMT; 37.6±16.6% at 3 months post-FMT; 50.7±10.1% coexistence in shared species; 39±23% species resistance; 44±14% species coexistence,Netherlands,colon,2009/2010,Metabolic Syndrome,species composition shifts; donor microbiota colonization; strain coexistence patterns; microbial diversity changes,FMT1; FMT2; FMT3; FMT4; FMT5; SELF1; SELF2; SELF3; SELF4; SELF5,Homo sapiens,Amsterdam,ERR1297736,27126044,SAMEA3882548,Illumina HiSeq 2000,FMT_metabolic_syndrome_2016,Metabolic Syndrome,Fecal Microbiota Transplantation,"10 subjects: 5 allogenic FMT recipients, 5 autologous FMT (placebo); Three lean donors, unrelated to recipients; 55 fecal samples total sequenced; Samples collected pre-FMT and 4 times post-FMT; Metabolic syndrome patients; No antibiotics for ≥3 months before treatment; 164 fecal metagenomes analyzed across three study groups; 1105 detected prokaryotic species; 11.8 million variant positions identified; 109 metagenomes from 48 healthy FMT-naïve individuals as control; 42 species tracked at strain level across 5 phyla; Determinant positions ranged 66 to 161,800 per species (median 15,550)"
27126044,No,3,Month,single-nucleotide variants (SNVs); donor-specific SNVs; recipient-specific SNVs; species composition; microbial diversity,percentage (%); mean percentage across species,69.3±21.8% at 2 days post-FMT; 37.6±16.6% at 3 months post-FMT; 50.7±10.1% coexistence in shared species; 39±23% species resistance; 44±14% species coexistence,Netherlands,colon,2009/2010,Metabolic Syndrome,species composition shifts; donor microbiota colonization; strain coexistence patterns; microbial diversity changes,FMT1; FMT2; FMT3; FMT4; FMT5; SELF1; SELF2; SELF3; SELF4; SELF5,Homo sapiens,Amsterdam,ERR1297731,27126044,SAMEA3882512,Illumina HiSeq 2000,FMT_metabolic_syndrome_2016,Metabolic Syndrome,Fecal Microbiota Transplantation,"10 subjects: 5 allogenic FMT recipients, 5 autologous FMT (placebo); Three lean donors, unrelated to recipients; 55 fecal samples total sequenced; Samples collected pre-FMT and 4 times post-FMT; Metabolic syndrome patients; No antibiotics for ≥3 months before treatment; 164 fecal metagenomes analyzed across three study groups; 1105 detected prokaryotic species; 11.8 million variant positions identified; 109 metagenomes from 48 healthy FMT-naïve individuals as control; 42 species tracked at strain level across 5 phyla; Determinant positions ranged 66 to 161,800 per species (median 15,550)"
27126044,No,3,Month,single-nucleotide variants (SNVs); donor-specific SNVs; recipient-specific SNVs; species composition; microbial diversity,percentage (%); mean percentage across species,69.3±21.8% at 2 days post-FMT; 37.6±16.6% at 3 months post-FMT; 50.7±10.1% coexistence in shared species; 39±23% species resistance; 44±14% species coexistence,Netherlands,colon,2009/2010,Metabolic Syndrome,species composition shifts; donor microbiota colonization; strain coexistence patterns; microbial diversity changes,FMT1; FMT2; FMT3; FMT4; FMT5; SELF1; SELF2; SELF3; SELF4; SELF5,Homo sapiens,Amsterdam,ERR1297738,27126044,SAMEA3882552,Illumina HiSeq 2000,FMT_metabolic_syndrome_2016,Metabolic Syndrome,Fecal Microbiota Transplantation,"10 subjects: 5 allogenic FMT recipients, 5 autologous FMT (placebo); Three lean donors, unrelated to recipients; 55 fecal samples total sequenced; Samples collected pre-FMT and 4 times post-FMT; Metabolic syndrome patients; No antibiotics for ≥3 months before treatment; 164 fecal metagenomes analyzed across three study groups; 1105 detected prokaryotic species; 11.8 million variant positions identified; 109 metagenomes from 48 healthy FMT-naïve individuals as control; 42 species tracked at strain level across 5 phyla; Determinant positions ranged 66 to 161,800 per species (median 15,550)"
27126044,No,3,Month,single-nucleotide variants (SNVs); donor-specific SNVs; recipient-specific SNVs; species composition; microbial diversity,percentage (%); mean percentage across species,69.3±21.8% at 2 days post-FMT; 37.6±16.6% at 3 months post-FMT; 50.7±10.1% coexistence in shared species; 39±23% species resistance; 44±14% species coexistence,Netherlands,colon,2009/2010,Metabolic Syndrome,species composition shifts; donor microbiota colonization; strain coexistence patterns; microbial diversity changes,FMT1; FMT2; FMT3; FMT4; FMT5; SELF1; SELF2; SELF3; SELF4; SELF5,Homo sapiens,Amsterdam,ERR1297732,27126044,SAMEA3882514,Illumina HiSeq 2000,FMT_metabolic_syndrome_2016,Metabolic Syndrome,Fecal Microbiota Transplantation,"10 subjects: 5 allogenic FMT recipients, 5 autologous FMT (placebo); Three lean donors, unrelated to recipients; 55 fecal samples total sequenced; Samples collected pre-FMT and 4 times post-FMT; Metabolic syndrome patients; No antibiotics for ≥3 months before treatment; 164 fecal metagenomes analyzed across three study groups; 1105 detected prokaryotic species; 11.8 million variant positions identified; 109 metagenomes from 48 healthy FMT-naïve individuals as control; 42 species tracked at strain level across 5 phyla; Determinant positions ranged 66 to 161,800 per species (median 15,550)"
27126044,No,3,Month,single-nucleotide variants (SNVs); donor-specific SNVs; recipient-specific SNVs; species composition; microbial diversity,percentage (%); mean percentage across species,69.3±21.8% at 2 days post-FMT; 37.6±16.6% at 3 months post-FMT; 50.7±10.1% coexistence in shared species; 39±23% species resistance; 44±14% species coexistence,Netherlands,colon,2009/2010,Metabolic Syndrome,species composition shifts; donor microbiota colonization; strain coexistence patterns; microbial diversity changes,FMT1; FMT2; FMT3; FMT4; FMT5; SELF1; SELF2; SELF3; SELF4; SELF5,Homo sapiens,Amsterdam,ERR1297739,27126044,SAMEA3882504,Illumina HiSeq 2000,FMT_metabolic_syndrome_2016,Metabolic Syndrome,Fecal Microbiota Transplantation,"10 subjects: 5 allogenic FMT recipients, 5 autologous FMT (placebo); Three lean donors, unrelated to recipients; 55 fecal samples total sequenced; Samples collected pre-FMT and 4 times post-FMT; Metabolic syndrome patients; No antibiotics for ≥3 months before treatment; 164 fecal metagenomes analyzed across three study groups; 1105 detected prokaryotic species; 11.8 million variant positions identified; 109 metagenomes from 48 healthy FMT-naïve individuals as control; 42 species tracked at strain level across 5 phyla; Determinant positions ranged 66 to 161,800 per species (median 15,550)"
27126044,No,3,Month,single-nucleotide variants (SNVs); donor-specific SNVs; recipient-specific SNVs; species composition; microbial diversity,percentage (%); mean percentage across species,69.3±21.8% at 2 days post-FMT; 37.6±16.6% at 3 months post-FMT; 50.7±10.1% coexistence in shared species; 39±23% species resistance; 44±14% species coexistence,Netherlands,colon,2009/2010,Metabolic Syndrome,species composition shifts; donor microbiota colonization; strain coexistence patterns; microbial diversity changes,FMT1; FMT2; FMT3; FMT4; FMT5; SELF1; SELF2; SELF3; SELF4; SELF5,Homo sapiens,Amsterdam,ERR1297737,27126044,SAMEA3882538,Illumina HiSeq 2000,FMT_metabolic_syndrome_2016,Metabolic Syndrome,Fecal Microbiota Transplantation,"10 subjects: 5 allogenic FMT recipients, 5 autologous FMT (placebo); Three lean donors, unrelated to recipients; 55 fecal samples total sequenced; Samples collected pre-FMT and 4 times post-FMT; Metabolic syndrome patients; No antibiotics for ≥3 months before treatment; 164 fecal metagenomes analyzed across three study groups; 1105 detected prokaryotic species; 11.8 million variant positions identified; 109 metagenomes from 48 healthy FMT-naïve individuals as control; 42 species tracked at strain level across 5 phyla; Determinant positions ranged 66 to 161,800 per species (median 15,550)"
27126044,No,3,Month,single-nucleotide variants (SNVs); donor-specific SNVs; recipient-specific SNVs; species composition; microbial diversity,percentage (%); mean percentage across species,69.3±21.8% at 2 days post-FMT; 37.6±16.6% at 3 months post-FMT; 50.7±10.1% coexistence in shared species; 39±23% species resistance; 44±14% species coexistence,Netherlands,colon,2009/2010,Metabolic Syndrome,species composition shifts; donor microbiota colonization; strain coexistence patterns; microbial diversity changes,FMT1; FMT2; FMT3; FMT4; FMT5; SELF1; SELF2; SELF3; SELF4; SELF5,Homo sapiens,Amsterdam,ERR1297741,27126044,SAMEA3882548,Illumina HiSeq 2000,FMT_metabolic_syndrome_2016,Metabolic Syndrome,Fecal Microbiota Transplantation,"10 subjects: 5 allogenic FMT recipients, 5 autologous FMT (placebo); Three lean donors, unrelated to recipients; 55 fecal samples total sequenced; Samples collected pre-FMT and 4 times post-FMT; Metabolic syndrome patients; No antibiotics for ≥3 months before treatment; 164 fecal metagenomes analyzed across three study groups; 1105 detected prokaryotic species; 11.8 million variant positions identified; 109 metagenomes from 48 healthy FMT-naïve individuals as control; 42 species tracked at strain level across 5 phyla; Determinant positions ranged 66 to 161,800 per species (median 15,550)"
27126044,No,3,Month,single-nucleotide variants (SNVs); donor-specific SNVs; recipient-specific SNVs; species composition; microbial diversity,percentage (%); mean percentage across species,69.3±21.8% at 2 days post-FMT; 37.6±16.6% at 3 months post-FMT; 50.7±10.1% coexistence in shared species; 39±23% species resistance; 44±14% species coexistence,Netherlands,colon,2009/2010,Metabolic Syndrome,species composition shifts; donor microbiota colonization; strain coexistence patterns; microbial diversity changes,FMT1; FMT2; FMT3; FMT4; FMT5; SELF1; SELF2; SELF3; SELF4; SELF5,Homo sapiens,Amsterdam,ERR1297745,27126044,SAMEA3882516,Illumina HiSeq 2000,FMT_metabolic_syndrome_2016,Metabolic Syndrome,Fecal Microbiota Transplantation,"10 subjects: 5 allogenic FMT recipients, 5 autologous FMT (placebo); Three lean donors, unrelated to recipients; 55 fecal samples total sequenced; Samples collected pre-FMT and 4 times post-FMT; Metabolic syndrome patients; No antibiotics for ≥3 months before treatment; 164 fecal metagenomes analyzed across three study groups; 1105 detected prokaryotic species; 11.8 million variant positions identified; 109 metagenomes from 48 healthy FMT-naïve individuals as control; 42 species tracked at strain level across 5 phyla; Determinant positions ranged 66 to 161,800 per species (median 15,550)"
27126044,No,3,Month,single-nucleotide variants (SNVs); donor-specific SNVs; recipient-specific SNVs; species composition; microbial diversity,percentage (%); mean percentage across species,69.3±21.8% at 2 days post-FMT; 37.6±16.6% at 3 months post-FMT; 50.7±10.1% coexistence in shared species; 39±23% species resistance; 44±14% species coexistence,Netherlands,colon,2009/2010,Metabolic Syndrome,species composition shifts; donor microbiota colonization; strain coexistence patterns; microbial diversity changes,FMT1; FMT2; FMT3; FMT4; FMT5; SELF1; SELF2; SELF3; SELF4; SELF5,Homo sapiens,Amsterdam,ERR1297746,27126044,SAMEA3882540,Illumina HiSeq 2000,FMT_metabolic_syndrome_2016,Metabolic Syndrome,Fecal Microbiota Transplantation,"10 subjects: 5 allogenic FMT recipients, 5 autologous FMT (placebo); Three lean donors, unrelated to recipients; 55 fecal samples total sequenced; Samples collected pre-FMT and 4 times post-FMT; Metabolic syndrome patients; No antibiotics for ≥3 months before treatment; 164 fecal metagenomes analyzed across three study groups; 1105 detected prokaryotic species; 11.8 million variant positions identified; 109 metagenomes from 48 healthy FMT-naïve individuals as control; 42 species tracked at strain level across 5 phyla; Determinant positions ranged 66 to 161,800 per species (median 15,550)"
27126044,No,3,Month,single-nucleotide variants (SNVs); donor-specific SNVs; recipient-specific SNVs; species composition; microbial diversity,percentage (%); mean percentage across species,69.3±21.8% at 2 days post-FMT; 37.6±16.6% at 3 months post-FMT; 50.7±10.1% coexistence in shared species; 39±23% species resistance; 44±14% species coexistence,Netherlands,colon,2009/2010,Metabolic Syndrome,species composition shifts; donor microbiota colonization; strain coexistence patterns; microbial diversity changes,FMT1; FMT2; FMT3; FMT4; FMT5; SELF1; SELF2; SELF3; SELF4; SELF5,Homo sapiens,Amsterdam,ERR1297747,27126044,SAMEA3882514,Illumina HiSeq 2000,FMT_metabolic_syndrome_2016,Metabolic Syndrome,Fecal Microbiota Transplantation,"10 subjects: 5 allogenic FMT recipients, 5 autologous FMT (placebo); Three lean donors, unrelated to recipients; 55 fecal samples total sequenced; Samples collected pre-FMT and 4 times post-FMT; Metabolic syndrome patients; No antibiotics for ≥3 months before treatment; 164 fecal metagenomes analyzed across three study groups; 1105 detected prokaryotic species; 11.8 million variant positions identified; 109 metagenomes from 48 healthy FMT-naïve individuals as control; 42 species tracked at strain level across 5 phyla; Determinant positions ranged 66 to 161,800 per species (median 15,550)"
27126044,No,3,Month,single-nucleotide variants (SNVs); donor-specific SNVs; recipient-specific SNVs; species composition; microbial diversity,percentage (%); mean percentage across species,69.3±21.8% at 2 days post-FMT; 37.6±16.6% at 3 months post-FMT; 50.7±10.1% coexistence in shared species; 39±23% species resistance; 44±14% species coexistence,Netherlands,colon,2009/2010,Metabolic Syndrome,species composition shifts; donor microbiota colonization; strain coexistence patterns; microbial diversity changes,FMT1; FMT2; FMT3; FMT4; FMT5; SELF1; SELF2; SELF3; SELF4; SELF5,Homo sapiens,Amsterdam,ERR1297748,27126044,SAMEA3882525,Illumina HiSeq 2000,FMT_metabolic_syndrome_2016,Metabolic Syndrome,Fecal Microbiota Transplantation,"10 subjects: 5 allogenic FMT recipients, 5 autologous FMT (placebo); Three lean donors, unrelated to recipients; 55 fecal samples total sequenced; Samples collected pre-FMT and 4 times post-FMT; Metabolic syndrome patients; No antibiotics for ≥3 months before treatment; 164 fecal metagenomes analyzed across three study groups; 1105 detected prokaryotic species; 11.8 million variant positions identified; 109 metagenomes from 48 healthy FMT-naïve individuals as control; 42 species tracked at strain level across 5 phyla; Determinant positions ranged 66 to 161,800 per species (median 15,550)"
27126044,No,3,Month,single-nucleotide variants (SNVs); donor-specific SNVs; recipient-specific SNVs; species composition; microbial diversity,percentage (%); mean percentage across species,69.3±21.8% at 2 days post-FMT; 37.6±16.6% at 3 months post-FMT; 50.7±10.1% coexistence in shared species; 39±23% species resistance; 44±14% species coexistence,Netherlands,colon,2009/2010,Metabolic Syndrome,species composition shifts; donor microbiota colonization; strain coexistence patterns; microbial diversity changes,FMT1; FMT2; FMT3; FMT4; FMT5; SELF1; SELF2; SELF3; SELF4; SELF5,Homo sapiens,Amsterdam,ERR1297750,27126044,SAMEA3882504,Illumina HiSeq 2000,FMT_metabolic_syndrome_2016,Metabolic Syndrome,Fecal Microbiota Transplantation,"10 subjects: 5 allogenic FMT recipients, 5 autologous FMT (placebo); Three lean donors, unrelated to recipients; 55 fecal samples total sequenced; Samples collected pre-FMT and 4 times post-FMT; Metabolic syndrome patients; No antibiotics for ≥3 months before treatment; 164 fecal metagenomes analyzed across three study groups; 1105 detected prokaryotic species; 11.8 million variant positions identified; 109 metagenomes from 48 healthy FMT-naïve individuals as control; 42 species tracked at strain level across 5 phyla; Determinant positions ranged 66 to 161,800 per species (median 15,550)"
27126044,No,3,Month,single-nucleotide variants (SNVs); donor-specific SNVs; recipient-specific SNVs; species composition; microbial diversity,percentage (%); mean percentage across species,69.3±21.8% at 2 days post-FMT; 37.6±16.6% at 3 months post-FMT; 50.7±10.1% coexistence in shared species; 39±23% species resistance; 44±14% species coexistence,Netherlands,colon,2009/2010,Metabolic Syndrome,species composition shifts; donor microbiota colonization; strain coexistence patterns; microbial diversity changes,FMT1; FMT2; FMT3; FMT4; FMT5; SELF1; SELF2; SELF3; SELF4; SELF5,Homo sapiens,Amsterdam,ERR1297740,27126044,SAMEA3882544,Illumina HiSeq 2000,FMT_metabolic_syndrome_2016,Metabolic Syndrome,Fecal Microbiota Transplantation,"10 subjects: 5 allogenic FMT recipients, 5 autologous FMT (placebo); Three lean donors, unrelated to recipients; 55 fecal samples total sequenced; Samples collected pre-FMT and 4 times post-FMT; Metabolic syndrome patients; No antibiotics for ≥3 months before treatment; 164 fecal metagenomes analyzed across three study groups; 1105 detected prokaryotic species; 11.8 million variant positions identified; 109 metagenomes from 48 healthy FMT-naïve individuals as control; 42 species tracked at strain level across 5 phyla; Determinant positions ranged 66 to 161,800 per species (median 15,550)"
27126044,No,3,Month,single-nucleotide variants (SNVs); donor-specific SNVs; recipient-specific SNVs; species composition; microbial diversity,percentage (%); mean percentage across species,69.3±21.8% at 2 days post-FMT; 37.6±16.6% at 3 months post-FMT; 50.7±10.1% coexistence in shared species; 39±23% species resistance; 44±14% species coexistence,Netherlands,colon,2009/2010,Metabolic Syndrome,species composition shifts; donor microbiota colonization; strain coexistence patterns; microbial diversity changes,FMT1; FMT2; FMT3; FMT4; FMT5; SELF1; SELF2; SELF3; SELF4; SELF5,Homo sapiens,Amsterdam,ERR1297756,27126044,SAMEA3882528,Illumina HiSeq 2000,FMT_metabolic_syndrome_2016,Metabolic Syndrome,Fecal Microbiota Transplantation,"10 subjects: 5 allogenic FMT recipients, 5 autologous FMT (placebo); Three lean donors, unrelated to recipients; 55 fecal samples total sequenced; Samples collected pre-FMT and 4 times post-FMT; Metabolic syndrome patients; No antibiotics for ≥3 months before treatment; 164 fecal metagenomes analyzed across three study groups; 1105 detected prokaryotic species; 11.8 million variant positions identified; 109 metagenomes from 48 healthy FMT-naïve individuals as control; 42 species tracked at strain level across 5 phyla; Determinant positions ranged 66 to 161,800 per species (median 15,550)"
27126044,No,3,Month,single-nucleotide variants (SNVs); donor-specific SNVs; recipient-specific SNVs; species composition; microbial diversity,percentage (%); mean percentage across species,69.3±21.8% at 2 days post-FMT; 37.6±16.6% at 3 months post-FMT; 50.7±10.1% coexistence in shared species; 39±23% species resistance; 44±14% species coexistence,Netherlands,colon,2009/2010,Metabolic Syndrome,species composition shifts; donor microbiota colonization; strain coexistence patterns; microbial diversity changes,FMT1; FMT2; FMT3; FMT4; FMT5; SELF1; SELF2; SELF3; SELF4; SELF5,Homo sapiens,Amsterdam,ERR1297757,27126044,SAMEA3882505,Illumina HiSeq 2000,FMT_metabolic_syndrome_2016,Metabolic Syndrome,Fecal Microbiota Transplantation,"10 subjects: 5 allogenic FMT recipients, 5 autologous FMT (placebo); Three lean donors, unrelated to recipients; 55 fecal samples total sequenced; Samples collected pre-FMT and 4 times post-FMT; Metabolic syndrome patients; No antibiotics for ≥3 months before treatment; 164 fecal metagenomes analyzed across three study groups; 1105 detected prokaryotic species; 11.8 million variant positions identified; 109 metagenomes from 48 healthy FMT-naïve individuals as control; 42 species tracked at strain level across 5 phyla; Determinant positions ranged 66 to 161,800 per species (median 15,550)"
27126044,No,3,Month,single-nucleotide variants (SNVs); donor-specific SNVs; recipient-specific SNVs; species composition; microbial diversity,percentage (%); mean percentage across species,69.3±21.8% at 2 days post-FMT; 37.6±16.6% at 3 months post-FMT; 50.7±10.1% coexistence in shared species; 39±23% species resistance; 44±14% species coexistence,Netherlands,colon,2009/2010,Metabolic Syndrome,species composition shifts; donor microbiota colonization; strain coexistence patterns; microbial diversity changes,FMT1; FMT2; FMT3; FMT4; FMT5; SELF1; SELF2; SELF3; SELF4; SELF5,Homo sapiens,Amsterdam,ERR1297763,27126044,SAMEA3882537,Illumina HiSeq 2000,FMT_metabolic_syndrome_2016,Metabolic Syndrome,Fecal Microbiota Transplantation,"10 subjects: 5 allogenic FMT recipients, 5 autologous FMT (placebo); Three lean donors, unrelated to recipients; 55 fecal samples total sequenced; Samples collected pre-FMT and 4 times post-FMT; Metabolic syndrome patients; No antibiotics for ≥3 months before treatment; 164 fecal metagenomes analyzed across three study groups; 1105 detected prokaryotic species; 11.8 million variant positions identified; 109 metagenomes from 48 healthy FMT-naïve individuals as control; 42 species tracked at strain level across 5 phyla; Determinant positions ranged 66 to 161,800 per species (median 15,550)"
27126044,No,3,Month,single-nucleotide variants (SNVs); donor-specific SNVs; recipient-specific SNVs; species composition; microbial diversity,percentage (%); mean percentage across species,69.3±21.8% at 2 days post-FMT; 37.6±16.6% at 3 months post-FMT; 50.7±10.1% coexistence in shared species; 39±23% species resistance; 44±14% species coexistence,Netherlands,colon,2009/2010,Metabolic Syndrome,species composition shifts; donor microbiota colonization; strain coexistence patterns; microbial diversity changes,FMT1; FMT2; FMT3; FMT4; FMT5; SELF1; SELF2; SELF3; SELF4; SELF5,Homo sapiens,Amsterdam,ERR1297742,27126044,SAMEA3882521,Illumina HiSeq 2000,FMT_metabolic_syndrome_2016,Metabolic Syndrome,Fecal Microbiota Transplantation,"10 subjects: 5 allogenic FMT recipients, 5 autologous FMT (placebo); Three lean donors, unrelated to recipients; 55 fecal samples total sequenced; Samples collected pre-FMT and 4 times post-FMT; Metabolic syndrome patients; No antibiotics for ≥3 months before treatment; 164 fecal metagenomes analyzed across three study groups; 1105 detected prokaryotic species; 11.8 million variant positions identified; 109 metagenomes from 48 healthy FMT-naïve individuals as control; 42 species tracked at strain level across 5 phyla; Determinant positions ranged 66 to 161,800 per species (median 15,550)"
27126044,No,3,Month,single-nucleotide variants (SNVs); donor-specific SNVs; recipient-specific SNVs; species composition; microbial diversity,percentage (%); mean percentage across species,69.3±21.8% at 2 days post-FMT; 37.6±16.6% at 3 months post-FMT; 50.7±10.1% coexistence in shared species; 39±23% species resistance; 44±14% species coexistence,Netherlands,colon,2009/2010,Metabolic Syndrome,species composition shifts; donor microbiota colonization; strain coexistence patterns; microbial diversity changes,FMT1; FMT2; FMT3; FMT4; FMT5; SELF1; SELF2; SELF3; SELF4; SELF5,Homo sapiens,Amsterdam,ERR1297766,27126044,SAMEA3882516,Illumina HiSeq 2000,FMT_metabolic_syndrome_2016,Metabolic Syndrome,Fecal Microbiota Transplantation,"10 subjects: 5 allogenic FMT recipients, 5 autologous FMT (placebo); Three lean donors, unrelated to recipients; 55 fecal samples total sequenced; Samples collected pre-FMT and 4 times post-FMT; Metabolic syndrome patients; No antibiotics for ≥3 months before treatment; 164 fecal metagenomes analyzed across three study groups; 1105 detected prokaryotic species; 11.8 million variant positions identified; 109 metagenomes from 48 healthy FMT-naïve individuals as control; 42 species tracked at strain level across 5 phyla; Determinant positions ranged 66 to 161,800 per species (median 15,550)"
27126044,No,3,Month,single-nucleotide variants (SNVs); donor-specific SNVs; recipient-specific SNVs; species composition; microbial diversity,percentage (%); mean percentage across species,69.3±21.8% at 2 days post-FMT; 37.6±16.6% at 3 months post-FMT; 50.7±10.1% coexistence in shared species; 39±23% species resistance; 44±14% species coexistence,Netherlands,colon,2009/2010,Metabolic Syndrome,species composition shifts; donor microbiota colonization; strain coexistence patterns; microbial diversity changes,FMT1; FMT2; FMT3; FMT4; FMT5; SELF1; SELF2; SELF3; SELF4; SELF5,Homo sapiens,Amsterdam,ERR1297743,27126044,SAMEA3882521,Illumina HiSeq 2000,FMT_metabolic_syndrome_2016,Metabolic Syndrome,Fecal Microbiota Transplantation,"10 subjects: 5 allogenic FMT recipients, 5 autologous FMT (placebo); Three lean donors, unrelated to recipients; 55 fecal samples total sequenced; Samples collected pre-FMT and 4 times post-FMT; Metabolic syndrome patients; No antibiotics for ≥3 months before treatment; 164 fecal metagenomes analyzed across three study groups; 1105 detected prokaryotic species; 11.8 million variant positions identified; 109 metagenomes from 48 healthy FMT-naïve individuals as control; 42 species tracked at strain level across 5 phyla; Determinant positions ranged 66 to 161,800 per species (median 15,550)"
27126044,No,3,Month,single-nucleotide variants (SNVs); donor-specific SNVs; recipient-specific SNVs; species composition; microbial diversity,percentage (%); mean percentage across species,69.3±21.8% at 2 days post-FMT; 37.6±16.6% at 3 months post-FMT; 50.7±10.1% coexistence in shared species; 39±23% species resistance; 44±14% species coexistence,Netherlands,colon,2009/2010,Metabolic Syndrome,species composition shifts; donor microbiota colonization; strain coexistence patterns; microbial diversity changes,FMT1; FMT2; FMT3; FMT4; FMT5; SELF1; SELF2; SELF3; SELF4; SELF5,Homo sapiens,Amsterdam,ERR1297768,27126044,SAMEA3882509,Illumina HiSeq 2000,FMT_metabolic_syndrome_2016,Metabolic Syndrome,Fecal Microbiota Transplantation,"10 subjects: 5 allogenic FMT recipients, 5 autologous FMT (placebo); Three lean donors, unrelated to recipients; 55 fecal samples total sequenced; Samples collected pre-FMT and 4 times post-FMT; Metabolic syndrome patients; No antibiotics for ≥3 months before treatment; 164 fecal metagenomes analyzed across three study groups; 1105 detected prokaryotic species; 11.8 million variant positions identified; 109 metagenomes from 48 healthy FMT-naïve individuals as control; 42 species tracked at strain level across 5 phyla; Determinant positions ranged 66 to 161,800 per species (median 15,550)"
27126044,No,3,Month,single-nucleotide variants (SNVs); donor-specific SNVs; recipient-specific SNVs; species composition; microbial diversity,percentage (%); mean percentage across species,69.3±21.8% at 2 days post-FMT; 37.6±16.6% at 3 months post-FMT; 50.7±10.1% coexistence in shared species; 39±23% species resistance; 44±14% species coexistence,Netherlands,colon,2009/2010,Metabolic Syndrome,species composition shifts; donor microbiota colonization; strain coexistence patterns; microbial diversity changes,FMT1; FMT2; FMT3; FMT4; FMT5; SELF1; SELF2; SELF3; SELF4; SELF5,Homo sapiens,Amsterdam,ERR1297751,27126044,SAMEA3882526,Illumina HiSeq 2000,FMT_metabolic_syndrome_2016,Metabolic Syndrome,Fecal Microbiota Transplantation,"10 subjects: 5 allogenic FMT recipients, 5 autologous FMT (placebo); Three lean donors, unrelated to recipients; 55 fecal samples total sequenced; Samples collected pre-FMT and 4 times post-FMT; Metabolic syndrome patients; No antibiotics for ≥3 months before treatment; 164 fecal metagenomes analyzed across three study groups; 1105 detected prokaryotic species; 11.8 million variant positions identified; 109 metagenomes from 48 healthy FMT-naïve individuals as control; 42 species tracked at strain level across 5 phyla; Determinant positions ranged 66 to 161,800 per species (median 15,550)"
27126044,No,3,Month,single-nucleotide variants (SNVs); donor-specific SNVs; recipient-specific SNVs; species composition; microbial diversity,percentage (%); mean percentage across species,69.3±21.8% at 2 days post-FMT; 37.6±16.6% at 3 months post-FMT; 50.7±10.1% coexistence in shared species; 39±23% species resistance; 44±14% species coexistence,Netherlands,colon,2009/2010,Metabolic Syndrome,species composition shifts; donor microbiota colonization; strain coexistence patterns; microbial diversity changes,FMT1; FMT2; FMT3; FMT4; FMT5; SELF1; SELF2; SELF3; SELF4; SELF5,Homo sapiens,Amsterdam,ERR1297770,27126044,SAMEA3882542,Illumina HiSeq 2000,FMT_metabolic_syndrome_2016,Metabolic Syndrome,Fecal Microbiota Transplantation,"10 subjects: 5 allogenic FMT recipients, 5 autologous FMT (placebo); Three lean donors, unrelated to recipients; 55 fecal samples total sequenced; Samples collected pre-FMT and 4 times post-FMT; Metabolic syndrome patients; No antibiotics for ≥3 months before treatment; 164 fecal metagenomes analyzed across three study groups; 1105 detected prokaryotic species; 11.8 million variant positions identified; 109 metagenomes from 48 healthy FMT-naïve individuals as control; 42 species tracked at strain level across 5 phyla; Determinant positions ranged 66 to 161,800 per species (median 15,550)"
27126044,No,3,Month,single-nucleotide variants (SNVs); donor-specific SNVs; recipient-specific SNVs; species composition; microbial diversity,percentage (%); mean percentage across species,69.3±21.8% at 2 days post-FMT; 37.6±16.6% at 3 months post-FMT; 50.7±10.1% coexistence in shared species; 39±23% species resistance; 44±14% species coexistence,Netherlands,colon,2009/2010,Metabolic Syndrome,species composition shifts; donor microbiota colonization; strain coexistence patterns; microbial diversity changes,FMT1; FMT2; FMT3; FMT4; FMT5; SELF1; SELF2; SELF3; SELF4; SELF5,Homo sapiens,Amsterdam,ERR1297773,27126044,SAMEA3882503,Illumina HiSeq 2000,FMT_metabolic_syndrome_2016,Metabolic Syndrome,Fecal Microbiota Transplantation,"10 subjects: 5 allogenic FMT recipients, 5 autologous FMT (placebo); Three lean donors, unrelated to recipients; 55 fecal samples total sequenced; Samples collected pre-FMT and 4 times post-FMT; Metabolic syndrome patients; No antibiotics for ≥3 months before treatment; 164 fecal metagenomes analyzed across three study groups; 1105 detected prokaryotic species; 11.8 million variant positions identified; 109 metagenomes from 48 healthy FMT-naïve individuals as control; 42 species tracked at strain level across 5 phyla; Determinant positions ranged 66 to 161,800 per species (median 15,550)"
27126044,No,3,Month,single-nucleotide variants (SNVs); donor-specific SNVs; recipient-specific SNVs; species composition; microbial diversity,percentage (%); mean percentage across species,69.3±21.8% at 2 days post-FMT; 37.6±16.6% at 3 months post-FMT; 50.7±10.1% coexistence in shared species; 39±23% species resistance; 44±14% species coexistence,Netherlands,colon,2009/2010,Metabolic Syndrome,species composition shifts; donor microbiota colonization; strain coexistence patterns; microbial diversity changes,FMT1; FMT2; FMT3; FMT4; FMT5; SELF1; SELF2; SELF3; SELF4; SELF5,Homo sapiens,Amsterdam,ERR1297752,27126044,SAMEA3882547,Illumina HiSeq 2000,FMT_metabolic_syndrome_2016,Metabolic Syndrome,Fecal Microbiota Transplantation,"10 subjects: 5 allogenic FMT recipients, 5 autologous FMT (placebo); Three lean donors, unrelated to recipients; 55 fecal samples total sequenced; Samples collected pre-FMT and 4 times post-FMT; Metabolic syndrome patients; No antibiotics for ≥3 months before treatment; 164 fecal metagenomes analyzed across three study groups; 1105 detected prokaryotic species; 11.8 million variant positions identified; 109 metagenomes from 48 healthy FMT-naïve individuals as control; 42 species tracked at strain level across 5 phyla; Determinant positions ranged 66 to 161,800 per species (median 15,550)"
27126044,No,3,Month,single-nucleotide variants (SNVs); donor-specific SNVs; recipient-specific SNVs; species composition; microbial diversity,percentage (%); mean percentage across species,69.3±21.8% at 2 days post-FMT; 37.6±16.6% at 3 months post-FMT; 50.7±10.1% coexistence in shared species; 39±23% species resistance; 44±14% species coexistence,Netherlands,colon,2009/2010,Metabolic Syndrome,species composition shifts; donor microbiota colonization; strain coexistence patterns; microbial diversity changes,FMT1; FMT2; FMT3; FMT4; FMT5; SELF1; SELF2; SELF3; SELF4; SELF5,Homo sapiens,Amsterdam,ERR1297776,27126044,SAMEA3882545,Illumina HiSeq 2000,FMT_metabolic_syndrome_2016,Metabolic Syndrome,Fecal Microbiota Transplantation,"10 subjects: 5 allogenic FMT recipients, 5 autologous FMT (placebo); Three lean donors, unrelated to recipients; 55 fecal samples total sequenced; Samples collected pre-FMT and 4 times post-FMT; Metabolic syndrome patients; No antibiotics for ≥3 months before treatment; 164 fecal metagenomes analyzed across three study groups; 1105 detected prokaryotic species; 11.8 million variant positions identified; 109 metagenomes from 48 healthy FMT-naïve individuals as control; 42 species tracked at strain level across 5 phyla; Determinant positions ranged 66 to 161,800 per species (median 15,550)"
27126044,No,3,Month,single-nucleotide variants (SNVs); donor-specific SNVs; recipient-specific SNVs; species composition; microbial diversity,percentage (%); mean percentage across species,69.3±21.8% at 2 days post-FMT; 37.6±16.6% at 3 months post-FMT; 50.7±10.1% coexistence in shared species; 39±23% species resistance; 44±14% species coexistence,Netherlands,colon,2009/2010,Metabolic Syndrome,species composition shifts; donor microbiota colonization; strain coexistence patterns; microbial diversity changes,FMT1; FMT2; FMT3; FMT4; FMT5; SELF1; SELF2; SELF3; SELF4; SELF5,Homo sapiens,Amsterdam,ERR1297777,27126044,SAMEA3882553,Illumina HiSeq 2000,FMT_metabolic_syndrome_2016,Metabolic Syndrome,Fecal Microbiota Transplantation,"10 subjects: 5 allogenic FMT recipients, 5 autologous FMT (placebo); Three lean donors, unrelated to recipients; 55 fecal samples total sequenced; Samples collected pre-FMT and 4 times post-FMT; Metabolic syndrome patients; No antibiotics for ≥3 months before treatment; 164 fecal metagenomes analyzed across three study groups; 1105 detected prokaryotic species; 11.8 million variant positions identified; 109 metagenomes from 48 healthy FMT-naïve individuals as control; 42 species tracked at strain level across 5 phyla; Determinant positions ranged 66 to 161,800 per species (median 15,550)"
27126044,No,3,Month,single-nucleotide variants (SNVs); donor-specific SNVs; recipient-specific SNVs; species composition; microbial diversity,percentage (%); mean percentage across species,69.3±21.8% at 2 days post-FMT; 37.6±16.6% at 3 months post-FMT; 50.7±10.1% coexistence in shared species; 39±23% species resistance; 44±14% species coexistence,Netherlands,colon,2009/2010,Metabolic Syndrome,species composition shifts; donor microbiota colonization; strain coexistence patterns; microbial diversity changes,FMT1; FMT2; FMT3; FMT4; FMT5; SELF1; SELF2; SELF3; SELF4; SELF5,Homo sapiens,Amsterdam,ERR1297779,27126044,SAMEA3882507,Illumina HiSeq 2000,FMT_metabolic_syndrome_2016,Metabolic Syndrome,Fecal Microbiota Transplantation,"10 subjects: 5 allogenic FMT recipients, 5 autologous FMT (placebo); Three lean donors, unrelated to recipients; 55 fecal samples total sequenced; Samples collected pre-FMT and 4 times post-FMT; Metabolic syndrome patients; No antibiotics for ≥3 months before treatment; 164 fecal metagenomes analyzed across three study groups; 1105 detected prokaryotic species; 11.8 million variant positions identified; 109 metagenomes from 48 healthy FMT-naïve individuals as control; 42 species tracked at strain level across 5 phyla; Determinant positions ranged 66 to 161,800 per species (median 15,550)"
27126044,No,3,Month,single-nucleotide variants (SNVs); donor-specific SNVs; recipient-specific SNVs; species composition; microbial diversity,percentage (%); mean percentage across species,69.3±21.8% at 2 days post-FMT; 37.6±16.6% at 3 months post-FMT; 50.7±10.1% coexistence in shared species; 39±23% species resistance; 44±14% species coexistence,Netherlands,colon,2009/2010,Metabolic Syndrome,species composition shifts; donor microbiota colonization; strain coexistence patterns; microbial diversity changes,FMT1; FMT2; FMT3; FMT4; FMT5; SELF1; SELF2; SELF3; SELF4; SELF5,Homo sapiens,Amsterdam,ERR1297755,27126044,SAMEA3882555,Illumina HiSeq 2000,FMT_metabolic_syndrome_2016,Metabolic Syndrome,Fecal Microbiota Transplantation,"10 subjects: 5 allogenic FMT recipients, 5 autologous FMT (placebo); Three lean donors, unrelated to recipients; 55 fecal samples total sequenced; Samples collected pre-FMT and 4 times post-FMT; Metabolic syndrome patients; No antibiotics for ≥3 months before treatment; 164 fecal metagenomes analyzed across three study groups; 1105 detected prokaryotic species; 11.8 million variant positions identified; 109 metagenomes from 48 healthy FMT-naïve individuals as control; 42 species tracked at strain level across 5 phyla; Determinant positions ranged 66 to 161,800 per species (median 15,550)"
27126044,No,3,Month,single-nucleotide variants (SNVs); donor-specific SNVs; recipient-specific SNVs; species composition; microbial diversity,percentage (%); mean percentage across species,69.3±21.8% at 2 days post-FMT; 37.6±16.6% at 3 months post-FMT; 50.7±10.1% coexistence in shared species; 39±23% species resistance; 44±14% species coexistence,Netherlands,colon,2009/2010,Metabolic Syndrome,species composition shifts; donor microbiota colonization; strain coexistence patterns; microbial diversity changes,FMT1; FMT2; FMT3; FMT4; FMT5; SELF1; SELF2; SELF3; SELF4; SELF5,Homo sapiens,Amsterdam,ERR1297781,27126044,SAMEA3882503,Illumina HiSeq 2000,FMT_metabolic_syndrome_2016,Metabolic Syndrome,Fecal Microbiota Transplantation,"10 subjects: 5 allogenic FMT recipients, 5 autologous FMT (placebo); Three lean donors, unrelated to recipients; 55 fecal samples total sequenced; Samples collected pre-FMT and 4 times post-FMT; Metabolic syndrome patients; No antibiotics for ≥3 months before treatment; 164 fecal metagenomes analyzed across three study groups; 1105 detected prokaryotic species; 11.8 million variant positions identified; 109 metagenomes from 48 healthy FMT-naïve individuals as control; 42 species tracked at strain level across 5 phyla; Determinant positions ranged 66 to 161,800 per species (median 15,550)"
27126044,No,3,Month,single-nucleotide variants (SNVs); donor-specific SNVs; recipient-specific SNVs; species composition; microbial diversity,percentage (%); mean percentage across species,69.3±21.8% at 2 days post-FMT; 37.6±16.6% at 3 months post-FMT; 50.7±10.1% coexistence in shared species; 39±23% species resistance; 44±14% species coexistence,Netherlands,colon,2009/2010,Metabolic Syndrome,species composition shifts; donor microbiota colonization; strain coexistence patterns; microbial diversity changes,FMT1; FMT2; FMT3; FMT4; FMT5; SELF1; SELF2; SELF3; SELF4; SELF5,Homo sapiens,Amsterdam,ERR1297758,27126044,SAMEA3882527,Illumina HiSeq 2000,FMT_metabolic_syndrome_2016,Metabolic Syndrome,Fecal Microbiota Transplantation,"10 subjects: 5 allogenic FMT recipients, 5 autologous FMT (placebo); Three lean donors, unrelated to recipients; 55 fecal samples total sequenced; Samples collected pre-FMT and 4 times post-FMT; Metabolic syndrome patients; No antibiotics for ≥3 months before treatment; 164 fecal metagenomes analyzed across three study groups; 1105 detected prokaryotic species; 11.8 million variant positions identified; 109 metagenomes from 48 healthy FMT-naïve individuals as control; 42 species tracked at strain level across 5 phyla; Determinant positions ranged 66 to 161,800 per species (median 15,550)"
27126044,No,3,Month,single-nucleotide variants (SNVs); donor-specific SNVs; recipient-specific SNVs; species composition; microbial diversity,percentage (%); mean percentage across species,69.3±21.8% at 2 days post-FMT; 37.6±16.6% at 3 months post-FMT; 50.7±10.1% coexistence in shared species; 39±23% species resistance; 44±14% species coexistence,Netherlands,colon,2009/2010,Metabolic Syndrome,species composition shifts; donor microbiota colonization; strain coexistence patterns; microbial diversity changes,FMT1; FMT2; FMT3; FMT4; FMT5; SELF1; SELF2; SELF3; SELF4; SELF5,Homo sapiens,Amsterdam,ERR1297782,27126044,SAMEA3882529,Illumina HiSeq 2000,FMT_metabolic_syndrome_2016,Metabolic Syndrome,Fecal Microbiota Transplantation,"10 subjects: 5 allogenic FMT recipients, 5 autologous FMT (placebo); Three lean donors, unrelated to recipients; 55 fecal samples total sequenced; Samples collected pre-FMT and 4 times post-FMT; Metabolic syndrome patients; No antibiotics for ≥3 months before treatment; 164 fecal metagenomes analyzed across three study groups; 1105 detected prokaryotic species; 11.8 million variant positions identified; 109 metagenomes from 48 healthy FMT-naïve individuals as control; 42 species tracked at strain level across 5 phyla; Determinant positions ranged 66 to 161,800 per species (median 15,550)"
27126044,No,3,Month,single-nucleotide variants (SNVs); donor-specific SNVs; recipient-specific SNVs; species composition; microbial diversity,percentage (%); mean percentage across species,69.3±21.8% at 2 days post-FMT; 37.6±16.6% at 3 months post-FMT; 50.7±10.1% coexistence in shared species; 39±23% species resistance; 44±14% species coexistence,Netherlands,colon,2009/2010,Metabolic Syndrome,species composition shifts; donor microbiota colonization; strain coexistence patterns; microbial diversity changes,FMT1; FMT2; FMT3; FMT4; FMT5; SELF1; SELF2; SELF3; SELF4; SELF5,Homo sapiens,Amsterdam,ERR1297761,27126044,SAMEA3882507,Illumina HiSeq 2000,FMT_metabolic_syndrome_2016,Metabolic Syndrome,Fecal Microbiota Transplantation,"10 subjects: 5 allogenic FMT recipients, 5 autologous FMT (placebo); Three lean donors, unrelated to recipients; 55 fecal samples total sequenced; Samples collected pre-FMT and 4 times post-FMT; Metabolic syndrome patients; No antibiotics for ≥3 months before treatment; 164 fecal metagenomes analyzed across three study groups; 1105 detected prokaryotic species; 11.8 million variant positions identified; 109 metagenomes from 48 healthy FMT-naïve individuals as control; 42 species tracked at strain level across 5 phyla; Determinant positions ranged 66 to 161,800 per species (median 15,550)"
27126044,No,3,Month,single-nucleotide variants (SNVs); donor-specific SNVs; recipient-specific SNVs; species composition; microbial diversity,percentage (%); mean percentage across species,69.3±21.8% at 2 days post-FMT; 37.6±16.6% at 3 months post-FMT; 50.7±10.1% coexistence in shared species; 39±23% species resistance; 44±14% species coexistence,Netherlands,colon,2009/2010,Metabolic Syndrome,species composition shifts; donor microbiota colonization; strain coexistence patterns; microbial diversity changes,FMT1; FMT2; FMT3; FMT4; FMT5; SELF1; SELF2; SELF3; SELF4; SELF5,Homo sapiens,Amsterdam,ERR1297789,27126044,SAMEA3882509,Illumina HiSeq 2000,FMT_metabolic_syndrome_2016,Metabolic Syndrome,Fecal Microbiota Transplantation,"10 subjects: 5 allogenic FMT recipients, 5 autologous FMT (placebo); Three lean donors, unrelated to recipients; 55 fecal samples total sequenced; Samples collected pre-FMT and 4 times post-FMT; Metabolic syndrome patients; No antibiotics for ≥3 months before treatment; 164 fecal metagenomes analyzed across three study groups; 1105 detected prokaryotic species; 11.8 million variant positions identified; 109 metagenomes from 48 healthy FMT-naïve individuals as control; 42 species tracked at strain level across 5 phyla; Determinant positions ranged 66 to 161,800 per species (median 15,550)"
27126044,No,3,Month,single-nucleotide variants (SNVs); donor-specific SNVs; recipient-specific SNVs; species composition; microbial diversity,percentage (%); mean percentage across species,69.3±21.8% at 2 days post-FMT; 37.6±16.6% at 3 months post-FMT; 50.7±10.1% coexistence in shared species; 39±23% species resistance; 44±14% species coexistence,Netherlands,colon,2009/2010,Metabolic Syndrome,species composition shifts; donor microbiota colonization; strain coexistence patterns; microbial diversity changes,FMT1; FMT2; FMT3; FMT4; FMT5; SELF1; SELF2; SELF3; SELF4; SELF5,Homo sapiens,Amsterdam,ERR1297794,27126044,SAMEA3882544,Illumina HiSeq 2000,FMT_metabolic_syndrome_2016,Metabolic Syndrome,Fecal Microbiota Transplantation,"10 subjects: 5 allogenic FMT recipients, 5 autologous FMT (placebo); Three lean donors, unrelated to recipients; 55 fecal samples total sequenced; Samples collected pre-FMT and 4 times post-FMT; Metabolic syndrome patients; No antibiotics for ≥3 months before treatment; 164 fecal metagenomes analyzed across three study groups; 1105 detected prokaryotic species; 11.8 million variant positions identified; 109 metagenomes from 48 healthy FMT-naïve individuals as control; 42 species tracked at strain level across 5 phyla; Determinant positions ranged 66 to 161,800 per species (median 15,550)"
27126044,No,3,Month,single-nucleotide variants (SNVs); donor-specific SNVs; recipient-specific SNVs; species composition; microbial diversity,percentage (%); mean percentage across species,69.3±21.8% at 2 days post-FMT; 37.6±16.6% at 3 months post-FMT; 50.7±10.1% coexistence in shared species; 39±23% species resistance; 44±14% species coexistence,Netherlands,colon,2009/2010,Metabolic Syndrome,species composition shifts; donor microbiota colonization; strain coexistence patterns; microbial diversity changes,FMT1; FMT2; FMT3; FMT4; FMT5; SELF1; SELF2; SELF3; SELF4; SELF5,Homo sapiens,Amsterdam,ERR1297795,27126044,SAMEA3882534,Illumina HiSeq 2000,FMT_metabolic_syndrome_2016,Metabolic Syndrome,Fecal Microbiota Transplantation,"10 subjects: 5 allogenic FMT recipients, 5 autologous FMT (placebo); Three lean donors, unrelated to recipients; 55 fecal samples total sequenced; Samples collected pre-FMT and 4 times post-FMT; Metabolic syndrome patients; No antibiotics for ≥3 months before treatment; 164 fecal metagenomes analyzed across three study groups; 1105 detected prokaryotic species; 11.8 million variant positions identified; 109 metagenomes from 48 healthy FMT-naïve individuals as control; 42 species tracked at strain level across 5 phyla; Determinant positions ranged 66 to 161,800 per species (median 15,550)"
27126044,No,3,Month,single-nucleotide variants (SNVs); donor-specific SNVs; recipient-specific SNVs; species composition; microbial diversity,percentage (%); mean percentage across species,69.3±21.8% at 2 days post-FMT; 37.6±16.6% at 3 months post-FMT; 50.7±10.1% coexistence in shared species; 39±23% species resistance; 44±14% species coexistence,Netherlands,colon,2009/2010,Metabolic Syndrome,species composition shifts; donor microbiota colonization; strain coexistence patterns; microbial diversity changes,FMT1; FMT2; FMT3; FMT4; FMT5; SELF1; SELF2; SELF3; SELF4; SELF5,Homo sapiens,Amsterdam,ERR1297762,27126044,SAMEA3882541,Illumina HiSeq 2000,FMT_metabolic_syndrome_2016,Metabolic Syndrome,Fecal Microbiota Transplantation,"10 subjects: 5 allogenic FMT recipients, 5 autologous FMT (placebo); Three lean donors, unrelated to recipients; 55 fecal samples total sequenced; Samples collected pre-FMT and 4 times post-FMT; Metabolic syndrome patients; No antibiotics for ≥3 months before treatment; 164 fecal metagenomes analyzed across three study groups; 1105 detected prokaryotic species; 11.8 million variant positions identified; 109 metagenomes from 48 healthy FMT-naïve individuals as control; 42 species tracked at strain level across 5 phyla; Determinant positions ranged 66 to 161,800 per species (median 15,550)"
27126044,No,3,Month,single-nucleotide variants (SNVs); donor-specific SNVs; recipient-specific SNVs; species composition; microbial diversity,percentage (%); mean percentage across species,69.3±21.8% at 2 days post-FMT; 37.6±16.6% at 3 months post-FMT; 50.7±10.1% coexistence in shared species; 39±23% species resistance; 44±14% species coexistence,Netherlands,colon,2009/2010,Metabolic Syndrome,species composition shifts; donor microbiota colonization; strain coexistence patterns; microbial diversity changes,FMT1; FMT2; FMT3; FMT4; FMT5; SELF1; SELF2; SELF3; SELF4; SELF5,Homo sapiens,Amsterdam,ERR1297799,27126044,SAMEA3882522,Illumina HiSeq 2000,FMT_metabolic_syndrome_2016,Metabolic Syndrome,Fecal Microbiota Transplantation,"10 subjects: 5 allogenic FMT recipients, 5 autologous FMT (placebo); Three lean donors, unrelated to recipients; 55 fecal samples total sequenced; Samples collected pre-FMT and 4 times post-FMT; Metabolic syndrome patients; No antibiotics for ≥3 months before treatment; 164 fecal metagenomes analyzed across three study groups; 1105 detected prokaryotic species; 11.8 million variant positions identified; 109 metagenomes from 48 healthy FMT-naïve individuals as control; 42 species tracked at strain level across 5 phyla; Determinant positions ranged 66 to 161,800 per species (median 15,550)"
27126044,No,3,Month,single-nucleotide variants (SNVs); donor-specific SNVs; recipient-specific SNVs; species composition; microbial diversity,percentage (%); mean percentage across species,69.3±21.8% at 2 days post-FMT; 37.6±16.6% at 3 months post-FMT; 50.7±10.1% coexistence in shared species; 39±23% species resistance; 44±14% species coexistence,Netherlands,colon,2009/2010,Metabolic Syndrome,species composition shifts; donor microbiota colonization; strain coexistence patterns; microbial diversity changes,FMT1; FMT2; FMT3; FMT4; FMT5; SELF1; SELF2; SELF3; SELF4; SELF5,Homo sapiens,Amsterdam,ERR1297803,27126044,SAMEA3882549,Illumina HiSeq 2000,FMT_metabolic_syndrome_2016,Metabolic Syndrome,Fecal Microbiota Transplantation,"10 subjects: 5 allogenic FMT recipients, 5 autologous FMT (placebo); Three lean donors, unrelated to recipients; 55 fecal samples total sequenced; Samples collected pre-FMT and 4 times post-FMT; Metabolic syndrome patients; No antibiotics for ≥3 months before treatment; 164 fecal metagenomes analyzed across three study groups; 1105 detected prokaryotic species; 11.8 million variant positions identified; 109 metagenomes from 48 healthy FMT-naïve individuals as control; 42 species tracked at strain level across 5 phyla; Determinant positions ranged 66 to 161,800 per species (median 15,550)"
27126044,No,3,Month,single-nucleotide variants (SNVs); donor-specific SNVs; recipient-specific SNVs; species composition; microbial diversity,percentage (%); mean percentage across species,69.3±21.8% at 2 days post-FMT; 37.6±16.6% at 3 months post-FMT; 50.7±10.1% coexistence in shared species; 39±23% species resistance; 44±14% species coexistence,Netherlands,colon,2009/2010,Metabolic Syndrome,species composition shifts; donor microbiota colonization; strain coexistence patterns; microbial diversity changes,FMT1; FMT2; FMT3; FMT4; FMT5; SELF1; SELF2; SELF3; SELF4; SELF5,Homo sapiens,Amsterdam,ERR1297767,27126044,SAMEA3882546,Illumina HiSeq 2000,FMT_metabolic_syndrome_2016,Metabolic Syndrome,Fecal Microbiota Transplantation,"10 subjects: 5 allogenic FMT recipients, 5 autologous FMT (placebo); Three lean donors, unrelated to recipients; 55 fecal samples total sequenced; Samples collected pre-FMT and 4 times post-FMT; Metabolic syndrome patients; No antibiotics for ≥3 months before treatment; 164 fecal metagenomes analyzed across three study groups; 1105 detected prokaryotic species; 11.8 million variant positions identified; 109 metagenomes from 48 healthy FMT-naïve individuals as control; 42 species tracked at strain level across 5 phyla; Determinant positions ranged 66 to 161,800 per species (median 15,550)"
27126044,No,3,Month,single-nucleotide variants (SNVs); donor-specific SNVs; recipient-specific SNVs; species composition; microbial diversity,percentage (%); mean percentage across species,69.3±21.8% at 2 days post-FMT; 37.6±16.6% at 3 months post-FMT; 50.7±10.1% coexistence in shared species; 39±23% species resistance; 44±14% species coexistence,Netherlands,colon,2009/2010,Metabolic Syndrome,species composition shifts; donor microbiota colonization; strain coexistence patterns; microbial diversity changes,FMT1; FMT2; FMT3; FMT4; FMT5; SELF1; SELF2; SELF3; SELF4; SELF5,Homo sapiens,Amsterdam,ERR1297805,27126044,SAMEA3882519,Illumina HiSeq 2000,FMT_metabolic_syndrome_2016,Metabolic Syndrome,Fecal Microbiota Transplantation,"10 subjects: 5 allogenic FMT recipients, 5 autologous FMT (placebo); Three lean donors, unrelated to recipients; 55 fecal samples total sequenced; Samples collected pre-FMT and 4 times post-FMT; Metabolic syndrome patients; No antibiotics for ≥3 months before treatment; 164 fecal metagenomes analyzed across three study groups; 1105 detected prokaryotic species; 11.8 million variant positions identified; 109 metagenomes from 48 healthy FMT-naïve individuals as control; 42 species tracked at strain level across 5 phyla; Determinant positions ranged 66 to 161,800 per species (median 15,550)"
27126044,No,3,Month,single-nucleotide variants (SNVs); donor-specific SNVs; recipient-specific SNVs; species composition; microbial diversity,percentage (%); mean percentage across species,69.3±21.8% at 2 days post-FMT; 37.6±16.6% at 3 months post-FMT; 50.7±10.1% coexistence in shared species; 39±23% species resistance; 44±14% species coexistence,Netherlands,colon,2009/2010,Metabolic Syndrome,species composition shifts; donor microbiota colonization; strain coexistence patterns; microbial diversity changes,FMT1; FMT2; FMT3; FMT4; FMT5; SELF1; SELF2; SELF3; SELF4; SELF5,Homo sapiens,Amsterdam,ERR1297811,27126044,SAMEA3882523,Illumina HiSeq 2000,FMT_metabolic_syndrome_2016,Metabolic Syndrome,Fecal Microbiota Transplantation,"10 subjects: 5 allogenic FMT recipients, 5 autologous FMT (placebo); Three lean donors, unrelated to recipients; 55 fecal samples total sequenced; Samples collected pre-FMT and 4 times post-FMT; Metabolic syndrome patients; No antibiotics for ≥3 months before treatment; 164 fecal metagenomes analyzed across three study groups; 1105 detected prokaryotic species; 11.8 million variant positions identified; 109 metagenomes from 48 healthy FMT-naïve individuals as control; 42 species tracked at strain level across 5 phyla; Determinant positions ranged 66 to 161,800 per species (median 15,550)"
27126044,No,3,Month,single-nucleotide variants (SNVs); donor-specific SNVs; recipient-specific SNVs; species composition; microbial diversity,percentage (%); mean percentage across species,69.3±21.8% at 2 days post-FMT; 37.6±16.6% at 3 months post-FMT; 50.7±10.1% coexistence in shared species; 39±23% species resistance; 44±14% species coexistence,Netherlands,colon,2009/2010,Metabolic Syndrome,species composition shifts; donor microbiota colonization; strain coexistence patterns; microbial diversity changes,FMT1; FMT2; FMT3; FMT4; FMT5; SELF1; SELF2; SELF3; SELF4; SELF5,Homo sapiens,Amsterdam,ERR1297769,27126044,SAMEA3882510,Illumina HiSeq 2000,FMT_metabolic_syndrome_2016,Metabolic Syndrome,Fecal Microbiota Transplantation,"10 subjects: 5 allogenic FMT recipients, 5 autologous FMT (placebo); Three lean donors, unrelated to recipients; 55 fecal samples total sequenced; Samples collected pre-FMT and 4 times post-FMT; Metabolic syndrome patients; No antibiotics for ≥3 months before treatment; 164 fecal metagenomes analyzed across three study groups; 1105 detected prokaryotic species; 11.8 million variant positions identified; 109 metagenomes from 48 healthy FMT-naïve individuals as control; 42 species tracked at strain level across 5 phyla; Determinant positions ranged 66 to 161,800 per species (median 15,550)"
27126044,No,3,Month,single-nucleotide variants (SNVs); donor-specific SNVs; recipient-specific SNVs; species composition; microbial diversity,percentage (%); mean percentage across species,69.3±21.8% at 2 days post-FMT; 37.6±16.6% at 3 months post-FMT; 50.7±10.1% coexistence in shared species; 39±23% species resistance; 44±14% species coexistence,Netherlands,colon,2009/2010,Metabolic Syndrome,species composition shifts; donor microbiota colonization; strain coexistence patterns; microbial diversity changes,FMT1; FMT2; FMT3; FMT4; FMT5; SELF1; SELF2; SELF3; SELF4; SELF5,Homo sapiens,Amsterdam,ERR1297812,27126044,SAMEA3882515,Illumina HiSeq 2000,FMT_metabolic_syndrome_2016,Metabolic Syndrome,Fecal Microbiota Transplantation,"10 subjects: 5 allogenic FMT recipients, 5 autologous FMT (placebo); Three lean donors, unrelated to recipients; 55 fecal samples total sequenced; Samples collected pre-FMT and 4 times post-FMT; Metabolic syndrome patients; No antibiotics for ≥3 months before treatment; 164 fecal metagenomes analyzed across three study groups; 1105 detected prokaryotic species; 11.8 million variant positions identified; 109 metagenomes from 48 healthy FMT-naïve individuals as control; 42 species tracked at strain level across 5 phyla; Determinant positions ranged 66 to 161,800 per species (median 15,550)"
27126044,No,3,Month,single-nucleotide variants (SNVs); donor-specific SNVs; recipient-specific SNVs; species composition; microbial diversity,percentage (%); mean percentage across species,69.3±21.8% at 2 days post-FMT; 37.6±16.6% at 3 months post-FMT; 50.7±10.1% coexistence in shared species; 39±23% species resistance; 44±14% species coexistence,Netherlands,colon,2009/2010,Metabolic Syndrome,species composition shifts; donor microbiota colonization; strain coexistence patterns; microbial diversity changes,FMT1; FMT2; FMT3; FMT4; FMT5; SELF1; SELF2; SELF3; SELF4; SELF5,Homo sapiens,Amsterdam,ERR1297771,27126044,SAMEA3882531,Illumina HiSeq 2000,FMT_metabolic_syndrome_2016,Metabolic Syndrome,Fecal Microbiota Transplantation,"10 subjects: 5 allogenic FMT recipients, 5 autologous FMT (placebo); Three lean donors, unrelated to recipients; 55 fecal samples total sequenced; Samples collected pre-FMT and 4 times post-FMT; Metabolic syndrome patients; No antibiotics for ≥3 months before treatment; 164 fecal metagenomes analyzed across three study groups; 1105 detected prokaryotic species; 11.8 million variant positions identified; 109 metagenomes from 48 healthy FMT-naïve individuals as control; 42 species tracked at strain level across 5 phyla; Determinant positions ranged 66 to 161,800 per species (median 15,550)"
27126044,No,3,Month,single-nucleotide variants (SNVs); donor-specific SNVs; recipient-specific SNVs; species composition; microbial diversity,percentage (%); mean percentage across species,69.3±21.8% at 2 days post-FMT; 37.6±16.6% at 3 months post-FMT; 50.7±10.1% coexistence in shared species; 39±23% species resistance; 44±14% species coexistence,Netherlands,colon,2009/2010,Metabolic Syndrome,species composition shifts; donor microbiota colonization; strain coexistence patterns; microbial diversity changes,FMT1; FMT2; FMT3; FMT4; FMT5; SELF1; SELF2; SELF3; SELF4; SELF5,Homo sapiens,Amsterdam,ERR1297814,27126044,SAMEA3882512,Illumina HiSeq 2000,FMT_metabolic_syndrome_2016,Metabolic Syndrome,Fecal Microbiota Transplantation,"10 subjects: 5 allogenic FMT recipients, 5 autologous FMT (placebo); Three lean donors, unrelated to recipients; 55 fecal samples total sequenced; Samples collected pre-FMT and 4 times post-FMT; Metabolic syndrome patients; No antibiotics for ≥3 months before treatment; 164 fecal metagenomes analyzed across three study groups; 1105 detected prokaryotic species; 11.8 million variant positions identified; 109 metagenomes from 48 healthy FMT-naïve individuals as control; 42 species tracked at strain level across 5 phyla; Determinant positions ranged 66 to 161,800 per species (median 15,550)"
27126044,No,3,Month,single-nucleotide variants (SNVs); donor-specific SNVs; recipient-specific SNVs; species composition; microbial diversity,percentage (%); mean percentage across species,69.3±21.8% at 2 days post-FMT; 37.6±16.6% at 3 months post-FMT; 50.7±10.1% coexistence in shared species; 39±23% species resistance; 44±14% species coexistence,Netherlands,colon,2009/2010,Metabolic Syndrome,species composition shifts; donor microbiota colonization; strain coexistence patterns; microbial diversity changes,FMT1; FMT2; FMT3; FMT4; FMT5; SELF1; SELF2; SELF3; SELF4; SELF5,Homo sapiens,Amsterdam,ERR1297816,27126044,SAMEA3882537,Illumina HiSeq 2000,FMT_metabolic_syndrome_2016,Metabolic Syndrome,Fecal Microbiota Transplantation,"10 subjects: 5 allogenic FMT recipients, 5 autologous FMT (placebo); Three lean donors, unrelated to recipients; 55 fecal samples total sequenced; Samples collected pre-FMT and 4 times post-FMT; Metabolic syndrome patients; No antibiotics for ≥3 months before treatment; 164 fecal metagenomes analyzed across three study groups; 1105 detected prokaryotic species; 11.8 million variant positions identified; 109 metagenomes from 48 healthy FMT-naïve individuals as control; 42 species tracked at strain level across 5 phyla; Determinant positions ranged 66 to 161,800 per species (median 15,550)"
27126044,No,3,Month,single-nucleotide variants (SNVs); donor-specific SNVs; recipient-specific SNVs; species composition; microbial diversity,percentage (%); mean percentage across species,69.3±21.8% at 2 days post-FMT; 37.6±16.6% at 3 months post-FMT; 50.7±10.1% coexistence in shared species; 39±23% species resistance; 44±14% species coexistence,Netherlands,colon,2009/2010,Metabolic Syndrome,species composition shifts; donor microbiota colonization; strain coexistence patterns; microbial diversity changes,FMT1; FMT2; FMT3; FMT4; FMT5; SELF1; SELF2; SELF3; SELF4; SELF5,Homo sapiens,Amsterdam,ERR1297772,27126044,SAMEA3882518,Illumina HiSeq 2000,FMT_metabolic_syndrome_2016,Metabolic Syndrome,Fecal Microbiota Transplantation,"10 subjects: 5 allogenic FMT recipients, 5 autologous FMT (placebo); Three lean donors, unrelated to recipients; 55 fecal samples total sequenced; Samples collected pre-FMT and 4 times post-FMT; Metabolic syndrome patients; No antibiotics for ≥3 months before treatment; 164 fecal metagenomes analyzed across three study groups; 1105 detected prokaryotic species; 11.8 million variant positions identified; 109 metagenomes from 48 healthy FMT-naïve individuals as control; 42 species tracked at strain level across 5 phyla; Determinant positions ranged 66 to 161,800 per species (median 15,550)"
27126044,No,3,Month,single-nucleotide variants (SNVs); donor-specific SNVs; recipient-specific SNVs; species composition; microbial diversity,percentage (%); mean percentage across species,69.3±21.8% at 2 days post-FMT; 37.6±16.6% at 3 months post-FMT; 50.7±10.1% coexistence in shared species; 39±23% species resistance; 44±14% species coexistence,Netherlands,colon,2009/2010,Metabolic Syndrome,species composition shifts; donor microbiota colonization; strain coexistence patterns; microbial diversity changes,FMT1; FMT2; FMT3; FMT4; FMT5; SELF1; SELF2; SELF3; SELF4; SELF5,Homo sapiens,Amsterdam,ERR1297817,27126044,SAMEA3882536,Illumina HiSeq 2000,FMT_metabolic_syndrome_2016,Metabolic Syndrome,Fecal Microbiota Transplantation,"10 subjects: 5 allogenic FMT recipients, 5 autologous FMT (placebo); Three lean donors, unrelated to recipients; 55 fecal samples total sequenced; Samples collected pre-FMT and 4 times post-FMT; Metabolic syndrome patients; No antibiotics for ≥3 months before treatment; 164 fecal metagenomes analyzed across three study groups; 1105 detected prokaryotic species; 11.8 million variant positions identified; 109 metagenomes from 48 healthy FMT-naïve individuals as control; 42 species tracked at strain level across 5 phyla; Determinant positions ranged 66 to 161,800 per species (median 15,550)"
27126044,No,3,Month,single-nucleotide variants (SNVs); donor-specific SNVs; recipient-specific SNVs; species composition; microbial diversity,percentage (%); mean percentage across species,69.3±21.8% at 2 days post-FMT; 37.6±16.6% at 3 months post-FMT; 50.7±10.1% coexistence in shared species; 39±23% species resistance; 44±14% species coexistence,Netherlands,colon,2009/2010,Metabolic Syndrome,species composition shifts; donor microbiota colonization; strain coexistence patterns; microbial diversity changes,FMT1; FMT2; FMT3; FMT4; FMT5; SELF1; SELF2; SELF3; SELF4; SELF5,Homo sapiens,Amsterdam,ERR1297827,27126044,SAMEA3882511,Illumina HiSeq 2000,FMT_metabolic_syndrome_2016,Metabolic Syndrome,Fecal Microbiota Transplantation,"10 subjects: 5 allogenic FMT recipients, 5 autologous FMT (placebo); Three lean donors, unrelated to recipients; 55 fecal samples total sequenced; Samples collected pre-FMT and 4 times post-FMT; Metabolic syndrome patients; No antibiotics for ≥3 months before treatment; 164 fecal metagenomes analyzed across three study groups; 1105 detected prokaryotic species; 11.8 million variant positions identified; 109 metagenomes from 48 healthy FMT-naïve individuals as control; 42 species tracked at strain level across 5 phyla; Determinant positions ranged 66 to 161,800 per species (median 15,550)"
27126044,No,3,Month,single-nucleotide variants (SNVs); donor-specific SNVs; recipient-specific SNVs; species composition; microbial diversity,percentage (%); mean percentage across species,69.3±21.8% at 2 days post-FMT; 37.6±16.6% at 3 months post-FMT; 50.7±10.1% coexistence in shared species; 39±23% species resistance; 44±14% species coexistence,Netherlands,colon,2009/2010,Metabolic Syndrome,species composition shifts; donor microbiota colonization; strain coexistence patterns; microbial diversity changes,FMT1; FMT2; FMT3; FMT4; FMT5; SELF1; SELF2; SELF3; SELF4; SELF5,Homo sapiens,Amsterdam,ERR1297831,27126044,SAMEA3882511,Illumina HiSeq 2000,FMT_metabolic_syndrome_2016,Metabolic Syndrome,Fecal Microbiota Transplantation,"10 subjects: 5 allogenic FMT recipients, 5 autologous FMT (placebo); Three lean donors, unrelated to recipients; 55 fecal samples total sequenced; Samples collected pre-FMT and 4 times post-FMT; Metabolic syndrome patients; No antibiotics for ≥3 months before treatment; 164 fecal metagenomes analyzed across three study groups; 1105 detected prokaryotic species; 11.8 million variant positions identified; 109 metagenomes from 48 healthy FMT-naïve individuals as control; 42 species tracked at strain level across 5 phyla; Determinant positions ranged 66 to 161,800 per species (median 15,550)"
27126044,No,3,Month,single-nucleotide variants (SNVs); donor-specific SNVs; recipient-specific SNVs; species composition; microbial diversity,percentage (%); mean percentage across species,69.3±21.8% at 2 days post-FMT; 37.6±16.6% at 3 months post-FMT; 50.7±10.1% coexistence in shared species; 39±23% species resistance; 44±14% species coexistence,Netherlands,colon,2009/2010,Metabolic Syndrome,species composition shifts; donor microbiota colonization; strain coexistence patterns; microbial diversity changes,FMT1; FMT2; FMT3; FMT4; FMT5; SELF1; SELF2; SELF3; SELF4; SELF5,Homo sapiens,Amsterdam,ERR1297832,27126044,SAMEA3882538,Illumina HiSeq 2000,FMT_metabolic_syndrome_2016,Metabolic Syndrome,Fecal Microbiota Transplantation,"10 subjects: 5 allogenic FMT recipients, 5 autologous FMT (placebo); Three lean donors, unrelated to recipients; 55 fecal samples total sequenced; Samples collected pre-FMT and 4 times post-FMT; Metabolic syndrome patients; No antibiotics for ≥3 months before treatment; 164 fecal metagenomes analyzed across three study groups; 1105 detected prokaryotic species; 11.8 million variant positions identified; 109 metagenomes from 48 healthy FMT-naïve individuals as control; 42 species tracked at strain level across 5 phyla; Determinant positions ranged 66 to 161,800 per species (median 15,550)"
27126044,No,3,Month,single-nucleotide variants (SNVs); donor-specific SNVs; recipient-specific SNVs; species composition; microbial diversity,percentage (%); mean percentage across species,69.3±21.8% at 2 days post-FMT; 37.6±16.6% at 3 months post-FMT; 50.7±10.1% coexistence in shared species; 39±23% species resistance; 44±14% species coexistence,Netherlands,colon,2009/2010,Metabolic Syndrome,species composition shifts; donor microbiota colonization; strain coexistence patterns; microbial diversity changes,FMT1; FMT2; FMT3; FMT4; FMT5; SELF1; SELF2; SELF3; SELF4; SELF5,Homo sapiens,Amsterdam,ERR1297833,27126044,SAMEA3882550,Illumina HiSeq 2000,FMT_metabolic_syndrome_2016,Metabolic Syndrome,Fecal Microbiota Transplantation,"10 subjects: 5 allogenic FMT recipients, 5 autologous FMT (placebo); Three lean donors, unrelated to recipients; 55 fecal samples total sequenced; Samples collected pre-FMT and 4 times post-FMT; Metabolic syndrome patients; No antibiotics for ≥3 months before treatment; 164 fecal metagenomes analyzed across three study groups; 1105 detected prokaryotic species; 11.8 million variant positions identified; 109 metagenomes from 48 healthy FMT-naïve individuals as control; 42 species tracked at strain level across 5 phyla; Determinant positions ranged 66 to 161,800 per species (median 15,550)"
27126044,No,3,Month,single-nucleotide variants (SNVs); donor-specific SNVs; recipient-specific SNVs; species composition; microbial diversity,percentage (%); mean percentage across species,69.3±21.8% at 2 days post-FMT; 37.6±16.6% at 3 months post-FMT; 50.7±10.1% coexistence in shared species; 39±23% species resistance; 44±14% species coexistence,Netherlands,colon,2009/2010,Metabolic Syndrome,species composition shifts; donor microbiota colonization; strain coexistence patterns; microbial diversity changes,FMT1; FMT2; FMT3; FMT4; FMT5; SELF1; SELF2; SELF3; SELF4; SELF5,Homo sapiens,Amsterdam,ERR1297834,27126044,SAMEA3882532,Illumina HiSeq 2000,FMT_metabolic_syndrome_2016,Metabolic Syndrome,Fecal Microbiota Transplantation,"10 subjects: 5 allogenic FMT recipients, 5 autologous FMT (placebo); Three lean donors, unrelated to recipients; 55 fecal samples total sequenced; Samples collected pre-FMT and 4 times post-FMT; Metabolic syndrome patients; No antibiotics for ≥3 months before treatment; 164 fecal metagenomes analyzed across three study groups; 1105 detected prokaryotic species; 11.8 million variant positions identified; 109 metagenomes from 48 healthy FMT-naïve individuals as control; 42 species tracked at strain level across 5 phyla; Determinant positions ranged 66 to 161,800 per species (median 15,550)"
27126044,No,3,Month,single-nucleotide variants (SNVs); donor-specific SNVs; recipient-specific SNVs; species composition; microbial diversity,percentage (%); mean percentage across species,69.3±21.8% at 2 days post-FMT; 37.6±16.6% at 3 months post-FMT; 50.7±10.1% coexistence in shared species; 39±23% species resistance; 44±14% species coexistence,Netherlands,colon,2009/2010,Metabolic Syndrome,species composition shifts; donor microbiota colonization; strain coexistence patterns; microbial diversity changes,FMT1; FMT2; FMT3; FMT4; FMT5; SELF1; SELF2; SELF3; SELF4; SELF5,Homo sapiens,Amsterdam,ERR1297838,27126044,SAMEA3882516,Illumina HiSeq 2000,FMT_metabolic_syndrome_2016,Metabolic Syndrome,Fecal Microbiota Transplantation,"10 subjects: 5 allogenic FMT recipients, 5 autologous FMT (placebo); Three lean donors, unrelated to recipients; 55 fecal samples total sequenced; Samples collected pre-FMT and 4 times post-FMT; Metabolic syndrome patients; No antibiotics for ≥3 months before treatment; 164 fecal metagenomes analyzed across three study groups; 1105 detected prokaryotic species; 11.8 million variant positions identified; 109 metagenomes from 48 healthy FMT-naïve individuals as control; 42 species tracked at strain level across 5 phyla; Determinant positions ranged 66 to 161,800 per species (median 15,550)"
27126044,No,3,Month,single-nucleotide variants (SNVs); donor-specific SNVs; recipient-specific SNVs; species composition; microbial diversity,percentage (%); mean percentage across species,69.3±21.8% at 2 days post-FMT; 37.6±16.6% at 3 months post-FMT; 50.7±10.1% coexistence in shared species; 39±23% species resistance; 44±14% species coexistence,Netherlands,colon,2009/2010,Metabolic Syndrome,species composition shifts; donor microbiota colonization; strain coexistence patterns; microbial diversity changes,FMT1; FMT2; FMT3; FMT4; FMT5; SELF1; SELF2; SELF3; SELF4; SELF5,Homo sapiens,Amsterdam,ERR1297845,27126044,SAMEA3882542,Illumina HiSeq 2000,FMT_metabolic_syndrome_2016,Metabolic Syndrome,Fecal Microbiota Transplantation,"10 subjects: 5 allogenic FMT recipients, 5 autologous FMT (placebo); Three lean donors, unrelated to recipients; 55 fecal samples total sequenced; Samples collected pre-FMT and 4 times post-FMT; Metabolic syndrome patients; No antibiotics for ≥3 months before treatment; 164 fecal metagenomes analyzed across three study groups; 1105 detected prokaryotic species; 11.8 million variant positions identified; 109 metagenomes from 48 healthy FMT-naïve individuals as control; 42 species tracked at strain level across 5 phyla; Determinant positions ranged 66 to 161,800 per species (median 15,550)"
27126044,No,3,Month,single-nucleotide variants (SNVs); donor-specific SNVs; recipient-specific SNVs; species composition; microbial diversity,percentage (%); mean percentage across species,69.3±21.8% at 2 days post-FMT; 37.6±16.6% at 3 months post-FMT; 50.7±10.1% coexistence in shared species; 39±23% species resistance; 44±14% species coexistence,Netherlands,colon,2009/2010,Metabolic Syndrome,species composition shifts; donor microbiota colonization; strain coexistence patterns; microbial diversity changes,FMT1; FMT2; FMT3; FMT4; FMT5; SELF1; SELF2; SELF3; SELF4; SELF5,Homo sapiens,Amsterdam,ERR1297849,27126044,SAMEA3882524,Illumina HiSeq 2000,FMT_metabolic_syndrome_2016,Metabolic Syndrome,Fecal Microbiota Transplantation,"10 subjects: 5 allogenic FMT recipients, 5 autologous FMT (placebo); Three lean donors, unrelated to recipients; 55 fecal samples total sequenced; Samples collected pre-FMT and 4 times post-FMT; Metabolic syndrome patients; No antibiotics for ≥3 months before treatment; 164 fecal metagenomes analyzed across three study groups; 1105 detected prokaryotic species; 11.8 million variant positions identified; 109 metagenomes from 48 healthy FMT-naïve individuals as control; 42 species tracked at strain level across 5 phyla; Determinant positions ranged 66 to 161,800 per species (median 15,550)"
27126044,No,3,Month,single-nucleotide variants (SNVs); donor-specific SNVs; recipient-specific SNVs; species composition; microbial diversity,percentage (%); mean percentage across species,69.3±21.8% at 2 days post-FMT; 37.6±16.6% at 3 months post-FMT; 50.7±10.1% coexistence in shared species; 39±23% species resistance; 44±14% species coexistence,Netherlands,colon,2009/2010,Metabolic Syndrome,species composition shifts; donor microbiota colonization; strain coexistence patterns; microbial diversity changes,FMT1; FMT2; FMT3; FMT4; FMT5; SELF1; SELF2; SELF3; SELF4; SELF5,Homo sapiens,Amsterdam,ERR1297778,27126044,SAMEA3882535,Illumina HiSeq 2000,FMT_metabolic_syndrome_2016,Metabolic Syndrome,Fecal Microbiota Transplantation,"10 subjects: 5 allogenic FMT recipients, 5 autologous FMT (placebo); Three lean donors, unrelated to recipients; 55 fecal samples total sequenced; Samples collected pre-FMT and 4 times post-FMT; Metabolic syndrome patients; No antibiotics for ≥3 months before treatment; 164 fecal metagenomes analyzed across three study groups; 1105 detected prokaryotic species; 11.8 million variant positions identified; 109 metagenomes from 48 healthy FMT-naïve individuals as control; 42 species tracked at strain level across 5 phyla; Determinant positions ranged 66 to 161,800 per species (median 15,550)"
27126044,No,3,Month,single-nucleotide variants (SNVs); donor-specific SNVs; recipient-specific SNVs; species composition; microbial diversity,percentage (%); mean percentage across species,69.3±21.8% at 2 days post-FMT; 37.6±16.6% at 3 months post-FMT; 50.7±10.1% coexistence in shared species; 39±23% species resistance; 44±14% species coexistence,Netherlands,colon,2009/2010,Metabolic Syndrome,species composition shifts; donor microbiota colonization; strain coexistence patterns; microbial diversity changes,FMT1; FMT2; FMT3; FMT4; FMT5; SELF1; SELF2; SELF3; SELF4; SELF5,Homo sapiens,Amsterdam,ERR1297783,27126044,SAMEA3882525,Illumina HiSeq 2000,FMT_metabolic_syndrome_2016,Metabolic Syndrome,Fecal Microbiota Transplantation,"10 subjects: 5 allogenic FMT recipients, 5 autologous FMT (placebo); Three lean donors, unrelated to recipients; 55 fecal samples total sequenced; Samples collected pre-FMT and 4 times post-FMT; Metabolic syndrome patients; No antibiotics for ≥3 months before treatment; 164 fecal metagenomes analyzed across three study groups; 1105 detected prokaryotic species; 11.8 million variant positions identified; 109 metagenomes from 48 healthy FMT-naïve individuals as control; 42 species tracked at strain level across 5 phyla; Determinant positions ranged 66 to 161,800 per species (median 15,550)"
27126044,No,3,Month,single-nucleotide variants (SNVs); donor-specific SNVs; recipient-specific SNVs; species composition; microbial diversity,percentage (%); mean percentage across species,69.3±21.8% at 2 days post-FMT; 37.6±16.6% at 3 months post-FMT; 50.7±10.1% coexistence in shared species; 39±23% species resistance; 44±14% species coexistence,Netherlands,colon,2009/2010,Metabolic Syndrome,species composition shifts; donor microbiota colonization; strain coexistence patterns; microbial diversity changes,FMT1; FMT2; FMT3; FMT4; FMT5; SELF1; SELF2; SELF3; SELF4; SELF5,Homo sapiens,Amsterdam,ERR1297784,27126044,SAMEA3882550,Illumina HiSeq 2000,FMT_metabolic_syndrome_2016,Metabolic Syndrome,Fecal Microbiota Transplantation,"10 subjects: 5 allogenic FMT recipients, 5 autologous FMT (placebo); Three lean donors, unrelated to recipients; 55 fecal samples total sequenced; Samples collected pre-FMT and 4 times post-FMT; Metabolic syndrome patients; No antibiotics for ≥3 months before treatment; 164 fecal metagenomes analyzed across three study groups; 1105 detected prokaryotic species; 11.8 million variant positions identified; 109 metagenomes from 48 healthy FMT-naïve individuals as control; 42 species tracked at strain level across 5 phyla; Determinant positions ranged 66 to 161,800 per species (median 15,550)"
27126044,No,3,Month,single-nucleotide variants (SNVs); donor-specific SNVs; recipient-specific SNVs; species composition; microbial diversity,percentage (%); mean percentage across species,69.3±21.8% at 2 days post-FMT; 37.6±16.6% at 3 months post-FMT; 50.7±10.1% coexistence in shared species; 39±23% species resistance; 44±14% species coexistence,Netherlands,colon,2009/2010,Metabolic Syndrome,species composition shifts; donor microbiota colonization; strain coexistence patterns; microbial diversity changes,FMT1; FMT2; FMT3; FMT4; FMT5; SELF1; SELF2; SELF3; SELF4; SELF5,Homo sapiens,Amsterdam,ERR1297785,27126044,SAMEA3882551,Illumina HiSeq 2000,FMT_metabolic_syndrome_2016,Metabolic Syndrome,Fecal Microbiota Transplantation,"10 subjects: 5 allogenic FMT recipients, 5 autologous FMT (placebo); Three lean donors, unrelated to recipients; 55 fecal samples total sequenced; Samples collected pre-FMT and 4 times post-FMT; Metabolic syndrome patients; No antibiotics for ≥3 months before treatment; 164 fecal metagenomes analyzed across three study groups; 1105 detected prokaryotic species; 11.8 million variant positions identified; 109 metagenomes from 48 healthy FMT-naïve individuals as control; 42 species tracked at strain level across 5 phyla; Determinant positions ranged 66 to 161,800 per species (median 15,550)"
27126044,No,3,Month,single-nucleotide variants (SNVs); donor-specific SNVs; recipient-specific SNVs; species composition; microbial diversity,percentage (%); mean percentage across species,69.3±21.8% at 2 days post-FMT; 37.6±16.6% at 3 months post-FMT; 50.7±10.1% coexistence in shared species; 39±23% species resistance; 44±14% species coexistence,Netherlands,colon,2009/2010,Metabolic Syndrome,species composition shifts; donor microbiota colonization; strain coexistence patterns; microbial diversity changes,FMT1; FMT2; FMT3; FMT4; FMT5; SELF1; SELF2; SELF3; SELF4; SELF5,Homo sapiens,Amsterdam,ERR1297786,27126044,SAMEA3882506,Illumina HiSeq 2000,FMT_metabolic_syndrome_2016,Metabolic Syndrome,Fecal Microbiota Transplantation,"10 subjects: 5 allogenic FMT recipients, 5 autologous FMT (placebo); Three lean donors, unrelated to recipients; 55 fecal samples total sequenced; Samples collected pre-FMT and 4 times post-FMT; Metabolic syndrome patients; No antibiotics for ≥3 months before treatment; 164 fecal metagenomes analyzed across three study groups; 1105 detected prokaryotic species; 11.8 million variant positions identified; 109 metagenomes from 48 healthy FMT-naïve individuals as control; 42 species tracked at strain level across 5 phyla; Determinant positions ranged 66 to 161,800 per species (median 15,550)"
27126044,No,3,Month,single-nucleotide variants (SNVs); donor-specific SNVs; recipient-specific SNVs; species composition; microbial diversity,percentage (%); mean percentage across species,69.3±21.8% at 2 days post-FMT; 37.6±16.6% at 3 months post-FMT; 50.7±10.1% coexistence in shared species; 39±23% species resistance; 44±14% species coexistence,Netherlands,colon,2009/2010,Metabolic Syndrome,species composition shifts; donor microbiota colonization; strain coexistence patterns; microbial diversity changes,FMT1; FMT2; FMT3; FMT4; FMT5; SELF1; SELF2; SELF3; SELF4; SELF5,Homo sapiens,Amsterdam,ERR1297790,27126044,SAMEA3882547,Illumina HiSeq 2000,FMT_metabolic_syndrome_2016,Metabolic Syndrome,Fecal Microbiota Transplantation,"10 subjects: 5 allogenic FMT recipients, 5 autologous FMT (placebo); Three lean donors, unrelated to recipients; 55 fecal samples total sequenced; Samples collected pre-FMT and 4 times post-FMT; Metabolic syndrome patients; No antibiotics for ≥3 months before treatment; 164 fecal metagenomes analyzed across three study groups; 1105 detected prokaryotic species; 11.8 million variant positions identified; 109 metagenomes from 48 healthy FMT-naïve individuals as control; 42 species tracked at strain level across 5 phyla; Determinant positions ranged 66 to 161,800 per species (median 15,550)"
27126044,No,3,Month,single-nucleotide variants (SNVs); donor-specific SNVs; recipient-specific SNVs; species composition; microbial diversity,percentage (%); mean percentage across species,69.3±21.8% at 2 days post-FMT; 37.6±16.6% at 3 months post-FMT; 50.7±10.1% coexistence in shared species; 39±23% species resistance; 44±14% species coexistence,Netherlands,colon,2009/2010,Metabolic Syndrome,species composition shifts; donor microbiota colonization; strain coexistence patterns; microbial diversity changes,FMT1; FMT2; FMT3; FMT4; FMT5; SELF1; SELF2; SELF3; SELF4; SELF5,Homo sapiens,Amsterdam,ERR1297791,27126044,SAMEA3882504,Illumina HiSeq 2000,FMT_metabolic_syndrome_2016,Metabolic Syndrome,Fecal Microbiota Transplantation,"10 subjects: 5 allogenic FMT recipients, 5 autologous FMT (placebo); Three lean donors, unrelated to recipients; 55 fecal samples total sequenced; Samples collected pre-FMT and 4 times post-FMT; Metabolic syndrome patients; No antibiotics for ≥3 months before treatment; 164 fecal metagenomes analyzed across three study groups; 1105 detected prokaryotic species; 11.8 million variant positions identified; 109 metagenomes from 48 healthy FMT-naïve individuals as control; 42 species tracked at strain level across 5 phyla; Determinant positions ranged 66 to 161,800 per species (median 15,550)"
27126044,No,3,Month,single-nucleotide variants (SNVs); donor-specific SNVs; recipient-specific SNVs; species composition; microbial diversity,percentage (%); mean percentage across species,69.3±21.8% at 2 days post-FMT; 37.6±16.6% at 3 months post-FMT; 50.7±10.1% coexistence in shared species; 39±23% species resistance; 44±14% species coexistence,Netherlands,colon,2009/2010,Metabolic Syndrome,species composition shifts; donor microbiota colonization; strain coexistence patterns; microbial diversity changes,FMT1; FMT2; FMT3; FMT4; FMT5; SELF1; SELF2; SELF3; SELF4; SELF5,Homo sapiens,Amsterdam,ERR1297798,27126044,SAMEA3882539,Illumina HiSeq 2000,FMT_metabolic_syndrome_2016,Metabolic Syndrome,Fecal Microbiota Transplantation,"10 subjects: 5 allogenic FMT recipients, 5 autologous FMT (placebo); Three lean donors, unrelated to recipients; 55 fecal samples total sequenced; Samples collected pre-FMT and 4 times post-FMT; Metabolic syndrome patients; No antibiotics for ≥3 months before treatment; 164 fecal metagenomes analyzed across three study groups; 1105 detected prokaryotic species; 11.8 million variant positions identified; 109 metagenomes from 48 healthy FMT-naïve individuals as control; 42 species tracked at strain level across 5 phyla; Determinant positions ranged 66 to 161,800 per species (median 15,550)"
27126044,No,3,Month,single-nucleotide variants (SNVs); donor-specific SNVs; recipient-specific SNVs; species composition; microbial diversity,percentage (%); mean percentage across species,69.3±21.8% at 2 days post-FMT; 37.6±16.6% at 3 months post-FMT; 50.7±10.1% coexistence in shared species; 39±23% species resistance; 44±14% species coexistence,Netherlands,colon,2009/2010,Metabolic Syndrome,species composition shifts; donor microbiota colonization; strain coexistence patterns; microbial diversity changes,FMT1; FMT2; FMT3; FMT4; FMT5; SELF1; SELF2; SELF3; SELF4; SELF5,Homo sapiens,Amsterdam,ERR1297801,27126044,SAMEA3882555,Illumina HiSeq 2000,FMT_metabolic_syndrome_2016,Metabolic Syndrome,Fecal Microbiota Transplantation,"10 subjects: 5 allogenic FMT recipients, 5 autologous FMT (placebo); Three lean donors, unrelated to recipients; 55 fecal samples total sequenced; Samples collected pre-FMT and 4 times post-FMT; Metabolic syndrome patients; No antibiotics for ≥3 months before treatment; 164 fecal metagenomes analyzed across three study groups; 1105 detected prokaryotic species; 11.8 million variant positions identified; 109 metagenomes from 48 healthy FMT-naïve individuals as control; 42 species tracked at strain level across 5 phyla; Determinant positions ranged 66 to 161,800 per species (median 15,550)"
27126044,No,3,Month,single-nucleotide variants (SNVs); donor-specific SNVs; recipient-specific SNVs; species composition; microbial diversity,percentage (%); mean percentage across species,69.3±21.8% at 2 days post-FMT; 37.6±16.6% at 3 months post-FMT; 50.7±10.1% coexistence in shared species; 39±23% species resistance; 44±14% species coexistence,Netherlands,colon,2009/2010,Metabolic Syndrome,species composition shifts; donor microbiota colonization; strain coexistence patterns; microbial diversity changes,FMT1; FMT2; FMT3; FMT4; FMT5; SELF1; SELF2; SELF3; SELF4; SELF5,Homo sapiens,Amsterdam,ERR1297813,27126044,SAMEA3882548,Illumina HiSeq 2000,FMT_metabolic_syndrome_2016,Metabolic Syndrome,Fecal Microbiota Transplantation,"10 subjects: 5 allogenic FMT recipients, 5 autologous FMT (placebo); Three lean donors, unrelated to recipients; 55 fecal samples total sequenced; Samples collected pre-FMT and 4 times post-FMT; Metabolic syndrome patients; No antibiotics for ≥3 months before treatment; 164 fecal metagenomes analyzed across three study groups; 1105 detected prokaryotic species; 11.8 million variant positions identified; 109 metagenomes from 48 healthy FMT-naïve individuals as control; 42 species tracked at strain level across 5 phyla; Determinant positions ranged 66 to 161,800 per species (median 15,550)"
27126044,No,3,Month,single-nucleotide variants (SNVs); donor-specific SNVs; recipient-specific SNVs; species composition; microbial diversity,percentage (%); mean percentage across species,69.3±21.8% at 2 days post-FMT; 37.6±16.6% at 3 months post-FMT; 50.7±10.1% coexistence in shared species; 39±23% species resistance; 44±14% species coexistence,Netherlands,colon,2009/2010,Metabolic Syndrome,species composition shifts; donor microbiota colonization; strain coexistence patterns; microbial diversity changes,FMT1; FMT2; FMT3; FMT4; FMT5; SELF1; SELF2; SELF3; SELF4; SELF5,Homo sapiens,Amsterdam,ERR1297815,27126044,SAMEA3882535,Illumina HiSeq 2000,FMT_metabolic_syndrome_2016,Metabolic Syndrome,Fecal Microbiota Transplantation,"10 subjects: 5 allogenic FMT recipients, 5 autologous FMT (placebo); Three lean donors, unrelated to recipients; 55 fecal samples total sequenced; Samples collected pre-FMT and 4 times post-FMT; Metabolic syndrome patients; No antibiotics for ≥3 months before treatment; 164 fecal metagenomes analyzed across three study groups; 1105 detected prokaryotic species; 11.8 million variant positions identified; 109 metagenomes from 48 healthy FMT-naïve individuals as control; 42 species tracked at strain level across 5 phyla; Determinant positions ranged 66 to 161,800 per species (median 15,550)"
27126044,No,3,Month,single-nucleotide variants (SNVs); donor-specific SNVs; recipient-specific SNVs; species composition; microbial diversity,percentage (%); mean percentage across species,69.3±21.8% at 2 days post-FMT; 37.6±16.6% at 3 months post-FMT; 50.7±10.1% coexistence in shared species; 39±23% species resistance; 44±14% species coexistence,Netherlands,colon,2009/2010,Metabolic Syndrome,species composition shifts; donor microbiota colonization; strain coexistence patterns; microbial diversity changes,FMT1; FMT2; FMT3; FMT4; FMT5; SELF1; SELF2; SELF3; SELF4; SELF5,Homo sapiens,Amsterdam,ERR1297818,27126044,SAMEA3882509,Illumina HiSeq 2000,FMT_metabolic_syndrome_2016,Metabolic Syndrome,Fecal Microbiota Transplantation,"10 subjects: 5 allogenic FMT recipients, 5 autologous FMT (placebo); Three lean donors, unrelated to recipients; 55 fecal samples total sequenced; Samples collected pre-FMT and 4 times post-FMT; Metabolic syndrome patients; No antibiotics for ≥3 months before treatment; 164 fecal metagenomes analyzed across three study groups; 1105 detected prokaryotic species; 11.8 million variant positions identified; 109 metagenomes from 48 healthy FMT-naïve individuals as control; 42 species tracked at strain level across 5 phyla; Determinant positions ranged 66 to 161,800 per species (median 15,550)"
27126044,No,3,Month,single-nucleotide variants (SNVs); donor-specific SNVs; recipient-specific SNVs; species composition; microbial diversity,percentage (%); mean percentage across species,69.3±21.8% at 2 days post-FMT; 37.6±16.6% at 3 months post-FMT; 50.7±10.1% coexistence in shared species; 39±23% species resistance; 44±14% species coexistence,Netherlands,colon,2009/2010,Metabolic Syndrome,species composition shifts; donor microbiota colonization; strain coexistence patterns; microbial diversity changes,FMT1; FMT2; FMT3; FMT4; FMT5; SELF1; SELF2; SELF3; SELF4; SELF5,Homo sapiens,Amsterdam,ERR1297819,27126044,SAMEA3882527,Illumina HiSeq 2000,FMT_metabolic_syndrome_2016,Metabolic Syndrome,Fecal Microbiota Transplantation,"10 subjects: 5 allogenic FMT recipients, 5 autologous FMT (placebo); Three lean donors, unrelated to recipients; 55 fecal samples total sequenced; Samples collected pre-FMT and 4 times post-FMT; Metabolic syndrome patients; No antibiotics for ≥3 months before treatment; 164 fecal metagenomes analyzed across three study groups; 1105 detected prokaryotic species; 11.8 million variant positions identified; 109 metagenomes from 48 healthy FMT-naïve individuals as control; 42 species tracked at strain level across 5 phyla; Determinant positions ranged 66 to 161,800 per species (median 15,550)"
27126044,No,3,Month,single-nucleotide variants (SNVs); donor-specific SNVs; recipient-specific SNVs; species composition; microbial diversity,percentage (%); mean percentage across species,69.3±21.8% at 2 days post-FMT; 37.6±16.6% at 3 months post-FMT; 50.7±10.1% coexistence in shared species; 39±23% species resistance; 44±14% species coexistence,Netherlands,colon,2009/2010,Metabolic Syndrome,species composition shifts; donor microbiota colonization; strain coexistence patterns; microbial diversity changes,FMT1; FMT2; FMT3; FMT4; FMT5; SELF1; SELF2; SELF3; SELF4; SELF5,Homo sapiens,Amsterdam,ERR1297820,27126044,SAMEA3882526,Illumina HiSeq 2000,FMT_metabolic_syndrome_2016,Metabolic Syndrome,Fecal Microbiota Transplantation,"10 subjects: 5 allogenic FMT recipients, 5 autologous FMT (placebo); Three lean donors, unrelated to recipients; 55 fecal samples total sequenced; Samples collected pre-FMT and 4 times post-FMT; Metabolic syndrome patients; No antibiotics for ≥3 months before treatment; 164 fecal metagenomes analyzed across three study groups; 1105 detected prokaryotic species; 11.8 million variant positions identified; 109 metagenomes from 48 healthy FMT-naïve individuals as control; 42 species tracked at strain level across 5 phyla; Determinant positions ranged 66 to 161,800 per species (median 15,550)"
27126044,No,3,Month,single-nucleotide variants (SNVs); donor-specific SNVs; recipient-specific SNVs; species composition; microbial diversity,percentage (%); mean percentage across species,69.3±21.8% at 2 days post-FMT; 37.6±16.6% at 3 months post-FMT; 50.7±10.1% coexistence in shared species; 39±23% species resistance; 44±14% species coexistence,Netherlands,colon,2009/2010,Metabolic Syndrome,species composition shifts; donor microbiota colonization; strain coexistence patterns; microbial diversity changes,FMT1; FMT2; FMT3; FMT4; FMT5; SELF1; SELF2; SELF3; SELF4; SELF5,Homo sapiens,Amsterdam,ERR1297824,27126044,SAMEA3882551,Illumina HiSeq 2000,FMT_metabolic_syndrome_2016,Metabolic Syndrome,Fecal Microbiota Transplantation,"10 subjects: 5 allogenic FMT recipients, 5 autologous FMT (placebo); Three lean donors, unrelated to recipients; 55 fecal samples total sequenced; Samples collected pre-FMT and 4 times post-FMT; Metabolic syndrome patients; No antibiotics for ≥3 months before treatment; 164 fecal metagenomes analyzed across three study groups; 1105 detected prokaryotic species; 11.8 million variant positions identified; 109 metagenomes from 48 healthy FMT-naïve individuals as control; 42 species tracked at strain level across 5 phyla; Determinant positions ranged 66 to 161,800 per species (median 15,550)"
27126044,No,3,Month,single-nucleotide variants (SNVs); donor-specific SNVs; recipient-specific SNVs; species composition; microbial diversity,percentage (%); mean percentage across species,69.3±21.8% at 2 days post-FMT; 37.6±16.6% at 3 months post-FMT; 50.7±10.1% coexistence in shared species; 39±23% species resistance; 44±14% species coexistence,Netherlands,colon,2009/2010,Metabolic Syndrome,species composition shifts; donor microbiota colonization; strain coexistence patterns; microbial diversity changes,FMT1; FMT2; FMT3; FMT4; FMT5; SELF1; SELF2; SELF3; SELF4; SELF5,Homo sapiens,Amsterdam,ERR1297825,27126044,SAMEA3882543,Illumina HiSeq 2000,FMT_metabolic_syndrome_2016,Metabolic Syndrome,Fecal Microbiota Transplantation,"10 subjects: 5 allogenic FMT recipients, 5 autologous FMT (placebo); Three lean donors, unrelated to recipients; 55 fecal samples total sequenced; Samples collected pre-FMT and 4 times post-FMT; Metabolic syndrome patients; No antibiotics for ≥3 months before treatment; 164 fecal metagenomes analyzed across three study groups; 1105 detected prokaryotic species; 11.8 million variant positions identified; 109 metagenomes from 48 healthy FMT-naïve individuals as control; 42 species tracked at strain level across 5 phyla; Determinant positions ranged 66 to 161,800 per species (median 15,550)"
27126044,No,3,Month,single-nucleotide variants (SNVs); donor-specific SNVs; recipient-specific SNVs; species composition; microbial diversity,percentage (%); mean percentage across species,69.3±21.8% at 2 days post-FMT; 37.6±16.6% at 3 months post-FMT; 50.7±10.1% coexistence in shared species; 39±23% species resistance; 44±14% species coexistence,Netherlands,colon,2009/2010,Metabolic Syndrome,species composition shifts; donor microbiota colonization; strain coexistence patterns; microbial diversity changes,FMT1; FMT2; FMT3; FMT4; FMT5; SELF1; SELF2; SELF3; SELF4; SELF5,Homo sapiens,Amsterdam,ERR1297826,27126044,SAMEA3882520,Illumina HiSeq 2000,FMT_metabolic_syndrome_2016,Metabolic Syndrome,Fecal Microbiota Transplantation,"10 subjects: 5 allogenic FMT recipients, 5 autologous FMT (placebo); Three lean donors, unrelated to recipients; 55 fecal samples total sequenced; Samples collected pre-FMT and 4 times post-FMT; Metabolic syndrome patients; No antibiotics for ≥3 months before treatment; 164 fecal metagenomes analyzed across three study groups; 1105 detected prokaryotic species; 11.8 million variant positions identified; 109 metagenomes from 48 healthy FMT-naïve individuals as control; 42 species tracked at strain level across 5 phyla; Determinant positions ranged 66 to 161,800 per species (median 15,550)"
27126044,No,3,Month,single-nucleotide variants (SNVs); donor-specific SNVs; recipient-specific SNVs; species composition; microbial diversity,percentage (%); mean percentage across species,69.3±21.8% at 2 days post-FMT; 37.6±16.6% at 3 months post-FMT; 50.7±10.1% coexistence in shared species; 39±23% species resistance; 44±14% species coexistence,Netherlands,colon,2009/2010,Metabolic Syndrome,species composition shifts; donor microbiota colonization; strain coexistence patterns; microbial diversity changes,FMT1; FMT2; FMT3; FMT4; FMT5; SELF1; SELF2; SELF3; SELF4; SELF5,Homo sapiens,Amsterdam,ERR1297828,27126044,SAMEA3882529,Illumina HiSeq 2000,FMT_metabolic_syndrome_2016,Metabolic Syndrome,Fecal Microbiota Transplantation,"10 subjects: 5 allogenic FMT recipients, 5 autologous FMT (placebo); Three lean donors, unrelated to recipients; 55 fecal samples total sequenced; Samples collected pre-FMT and 4 times post-FMT; Metabolic syndrome patients; No antibiotics for ≥3 months before treatment; 164 fecal metagenomes analyzed across three study groups; 1105 detected prokaryotic species; 11.8 million variant positions identified; 109 metagenomes from 48 healthy FMT-naïve individuals as control; 42 species tracked at strain level across 5 phyla; Determinant positions ranged 66 to 161,800 per species (median 15,550)"
27126044,No,3,Month,single-nucleotide variants (SNVs); donor-specific SNVs; recipient-specific SNVs; species composition; microbial diversity,percentage (%); mean percentage across species,69.3±21.8% at 2 days post-FMT; 37.6±16.6% at 3 months post-FMT; 50.7±10.1% coexistence in shared species; 39±23% species resistance; 44±14% species coexistence,Netherlands,colon,2009/2010,Metabolic Syndrome,species composition shifts; donor microbiota colonization; strain coexistence patterns; microbial diversity changes,FMT1; FMT2; FMT3; FMT4; FMT5; SELF1; SELF2; SELF3; SELF4; SELF5,Homo sapiens,Amsterdam,ERR1297829,27126044,SAMEA3882515,Illumina HiSeq 2000,FMT_metabolic_syndrome_2016,Metabolic Syndrome,Fecal Microbiota Transplantation,"10 subjects: 5 allogenic FMT recipients, 5 autologous FMT (placebo); Three lean donors, unrelated to recipients; 55 fecal samples total sequenced; Samples collected pre-FMT and 4 times post-FMT; Metabolic syndrome patients; No antibiotics for ≥3 months before treatment; 164 fecal metagenomes analyzed across three study groups; 1105 detected prokaryotic species; 11.8 million variant positions identified; 109 metagenomes from 48 healthy FMT-naïve individuals as control; 42 species tracked at strain level across 5 phyla; Determinant positions ranged 66 to 161,800 per species (median 15,550)"
27126044,No,3,Month,single-nucleotide variants (SNVs); donor-specific SNVs; recipient-specific SNVs; species composition; microbial diversity,percentage (%); mean percentage across species,69.3±21.8% at 2 days post-FMT; 37.6±16.6% at 3 months post-FMT; 50.7±10.1% coexistence in shared species; 39±23% species resistance; 44±14% species coexistence,Netherlands,colon,2009/2010,Metabolic Syndrome,species composition shifts; donor microbiota colonization; strain coexistence patterns; microbial diversity changes,FMT1; FMT2; FMT3; FMT4; FMT5; SELF1; SELF2; SELF3; SELF4; SELF5,Homo sapiens,Amsterdam,ERR1297835,27126044,SAMEA3882551,Illumina HiSeq 2000,FMT_metabolic_syndrome_2016,Metabolic Syndrome,Fecal Microbiota Transplantation,"10 subjects: 5 allogenic FMT recipients, 5 autologous FMT (placebo); Three lean donors, unrelated to recipients; 55 fecal samples total sequenced; Samples collected pre-FMT and 4 times post-FMT; Metabolic syndrome patients; No antibiotics for ≥3 months before treatment; 164 fecal metagenomes analyzed across three study groups; 1105 detected prokaryotic species; 11.8 million variant positions identified; 109 metagenomes from 48 healthy FMT-naïve individuals as control; 42 species tracked at strain level across 5 phyla; Determinant positions ranged 66 to 161,800 per species (median 15,550)"
27126044,No,3,Month,single-nucleotide variants (SNVs); donor-specific SNVs; recipient-specific SNVs; species composition; microbial diversity,percentage (%); mean percentage across species,69.3±21.8% at 2 days post-FMT; 37.6±16.6% at 3 months post-FMT; 50.7±10.1% coexistence in shared species; 39±23% species resistance; 44±14% species coexistence,Netherlands,colon,2009/2010,Metabolic Syndrome,species composition shifts; donor microbiota colonization; strain coexistence patterns; microbial diversity changes,FMT1; FMT2; FMT3; FMT4; FMT5; SELF1; SELF2; SELF3; SELF4; SELF5,Homo sapiens,Amsterdam,ERR1297837,27126044,SAMEA3882534,Illumina HiSeq 2000,FMT_metabolic_syndrome_2016,Metabolic Syndrome,Fecal Microbiota Transplantation,"10 subjects: 5 allogenic FMT recipients, 5 autologous FMT (placebo); Three lean donors, unrelated to recipients; 55 fecal samples total sequenced; Samples collected pre-FMT and 4 times post-FMT; Metabolic syndrome patients; No antibiotics for ≥3 months before treatment; 164 fecal metagenomes analyzed across three study groups; 1105 detected prokaryotic species; 11.8 million variant positions identified; 109 metagenomes from 48 healthy FMT-naïve individuals as control; 42 species tracked at strain level across 5 phyla; Determinant positions ranged 66 to 161,800 per species (median 15,550)"
27126044,No,3,Month,single-nucleotide variants (SNVs); donor-specific SNVs; recipient-specific SNVs; species composition; microbial diversity,percentage (%); mean percentage across species,69.3±21.8% at 2 days post-FMT; 37.6±16.6% at 3 months post-FMT; 50.7±10.1% coexistence in shared species; 39±23% species resistance; 44±14% species coexistence,Netherlands,colon,2009/2010,Metabolic Syndrome,species composition shifts; donor microbiota colonization; strain coexistence patterns; microbial diversity changes,FMT1; FMT2; FMT3; FMT4; FMT5; SELF1; SELF2; SELF3; SELF4; SELF5,Homo sapiens,Amsterdam,ERR1297839,27126044,SAMEA3882517,Illumina HiSeq 2000,FMT_metabolic_syndrome_2016,Metabolic Syndrome,Fecal Microbiota Transplantation,"10 subjects: 5 allogenic FMT recipients, 5 autologous FMT (placebo); Three lean donors, unrelated to recipients; 55 fecal samples total sequenced; Samples collected pre-FMT and 4 times post-FMT; Metabolic syndrome patients; No antibiotics for ≥3 months before treatment; 164 fecal metagenomes analyzed across three study groups; 1105 detected prokaryotic species; 11.8 million variant positions identified; 109 metagenomes from 48 healthy FMT-naïve individuals as control; 42 species tracked at strain level across 5 phyla; Determinant positions ranged 66 to 161,800 per species (median 15,550)"
27126044,No,3,Month,single-nucleotide variants (SNVs); donor-specific SNVs; recipient-specific SNVs; species composition; microbial diversity,percentage (%); mean percentage across species,69.3±21.8% at 2 days post-FMT; 37.6±16.6% at 3 months post-FMT; 50.7±10.1% coexistence in shared species; 39±23% species resistance; 44±14% species coexistence,Netherlands,colon,2009/2010,Metabolic Syndrome,species composition shifts; donor microbiota colonization; strain coexistence patterns; microbial diversity changes,FMT1; FMT2; FMT3; FMT4; FMT5; SELF1; SELF2; SELF3; SELF4; SELF5,Homo sapiens,Amsterdam,ERR1297840,27126044,SAMEA3882545,Illumina HiSeq 2000,FMT_metabolic_syndrome_2016,Metabolic Syndrome,Fecal Microbiota Transplantation,"10 subjects: 5 allogenic FMT recipients, 5 autologous FMT (placebo); Three lean donors, unrelated to recipients; 55 fecal samples total sequenced; Samples collected pre-FMT and 4 times post-FMT; Metabolic syndrome patients; No antibiotics for ≥3 months before treatment; 164 fecal metagenomes analyzed across three study groups; 1105 detected prokaryotic species; 11.8 million variant positions identified; 109 metagenomes from 48 healthy FMT-naïve individuals as control; 42 species tracked at strain level across 5 phyla; Determinant positions ranged 66 to 161,800 per species (median 15,550)"
27126044,No,3,Month,single-nucleotide variants (SNVs); donor-specific SNVs; recipient-specific SNVs; species composition; microbial diversity,percentage (%); mean percentage across species,69.3±21.8% at 2 days post-FMT; 37.6±16.6% at 3 months post-FMT; 50.7±10.1% coexistence in shared species; 39±23% species resistance; 44±14% species coexistence,Netherlands,colon,2009/2010,Metabolic Syndrome,species composition shifts; donor microbiota colonization; strain coexistence patterns; microbial diversity changes,FMT1; FMT2; FMT3; FMT4; FMT5; SELF1; SELF2; SELF3; SELF4; SELF5,Homo sapiens,Amsterdam,ERR1297841,27126044,SAMEA3882525,Illumina HiSeq 2000,FMT_metabolic_syndrome_2016,Metabolic Syndrome,Fecal Microbiota Transplantation,"10 subjects: 5 allogenic FMT recipients, 5 autologous FMT (placebo); Three lean donors, unrelated to recipients; 55 fecal samples total sequenced; Samples collected pre-FMT and 4 times post-FMT; Metabolic syndrome patients; No antibiotics for ≥3 months before treatment; 164 fecal metagenomes analyzed across three study groups; 1105 detected prokaryotic species; 11.8 million variant positions identified; 109 metagenomes from 48 healthy FMT-naïve individuals as control; 42 species tracked at strain level across 5 phyla; Determinant positions ranged 66 to 161,800 per species (median 15,550)"
27126044,No,3,Month,single-nucleotide variants (SNVs); donor-specific SNVs; recipient-specific SNVs; species composition; microbial diversity,percentage (%); mean percentage across species,69.3±21.8% at 2 days post-FMT; 37.6±16.6% at 3 months post-FMT; 50.7±10.1% coexistence in shared species; 39±23% species resistance; 44±14% species coexistence,Netherlands,colon,2009/2010,Metabolic Syndrome,species composition shifts; donor microbiota colonization; strain coexistence patterns; microbial diversity changes,FMT1; FMT2; FMT3; FMT4; FMT5; SELF1; SELF2; SELF3; SELF4; SELF5,Homo sapiens,Amsterdam,ERR1297842,27126044,SAMEA3882543,Illumina HiSeq 2000,FMT_metabolic_syndrome_2016,Metabolic Syndrome,Fecal Microbiota Transplantation,"10 subjects: 5 allogenic FMT recipients, 5 autologous FMT (placebo); Three lean donors, unrelated to recipients; 55 fecal samples total sequenced; Samples collected pre-FMT and 4 times post-FMT; Metabolic syndrome patients; No antibiotics for ≥3 months before treatment; 164 fecal metagenomes analyzed across three study groups; 1105 detected prokaryotic species; 11.8 million variant positions identified; 109 metagenomes from 48 healthy FMT-naïve individuals as control; 42 species tracked at strain level across 5 phyla; Determinant positions ranged 66 to 161,800 per species (median 15,550)"
27126044,No,3,Month,single-nucleotide variants (SNVs); donor-specific SNVs; recipient-specific SNVs; species composition; microbial diversity,percentage (%); mean percentage across species,69.3±21.8% at 2 days post-FMT; 37.6±16.6% at 3 months post-FMT; 50.7±10.1% coexistence in shared species; 39±23% species resistance; 44±14% species coexistence,Netherlands,colon,2009/2010,Metabolic Syndrome,species composition shifts; donor microbiota colonization; strain coexistence patterns; microbial diversity changes,FMT1; FMT2; FMT3; FMT4; FMT5; SELF1; SELF2; SELF3; SELF4; SELF5,Homo sapiens,Amsterdam,ERR1297843,27126044,SAMEA3882554,Illumina HiSeq 2000,FMT_metabolic_syndrome_2016,Metabolic Syndrome,Fecal Microbiota Transplantation,"10 subjects: 5 allogenic FMT recipients, 5 autologous FMT (placebo); Three lean donors, unrelated to recipients; 55 fecal samples total sequenced; Samples collected pre-FMT and 4 times post-FMT; Metabolic syndrome patients; No antibiotics for ≥3 months before treatment; 164 fecal metagenomes analyzed across three study groups; 1105 detected prokaryotic species; 11.8 million variant positions identified; 109 metagenomes from 48 healthy FMT-naïve individuals as control; 42 species tracked at strain level across 5 phyla; Determinant positions ranged 66 to 161,800 per species (median 15,550)"
27126044,No,3,Month,single-nucleotide variants (SNVs); donor-specific SNVs; recipient-specific SNVs; species composition; microbial diversity,percentage (%); mean percentage across species,69.3±21.8% at 2 days post-FMT; 37.6±16.6% at 3 months post-FMT; 50.7±10.1% coexistence in shared species; 39±23% species resistance; 44±14% species coexistence,Netherlands,colon,2009/2010,Metabolic Syndrome,species composition shifts; donor microbiota colonization; strain coexistence patterns; microbial diversity changes,FMT1; FMT2; FMT3; FMT4; FMT5; SELF1; SELF2; SELF3; SELF4; SELF5,Homo sapiens,Amsterdam,ERR1297844,27126044,SAMEA3882549,Illumina HiSeq 2000,FMT_metabolic_syndrome_2016,Metabolic Syndrome,Fecal Microbiota Transplantation,"10 subjects: 5 allogenic FMT recipients, 5 autologous FMT (placebo); Three lean donors, unrelated to recipients; 55 fecal samples total sequenced; Samples collected pre-FMT and 4 times post-FMT; Metabolic syndrome patients; No antibiotics for ≥3 months before treatment; 164 fecal metagenomes analyzed across three study groups; 1105 detected prokaryotic species; 11.8 million variant positions identified; 109 metagenomes from 48 healthy FMT-naïve individuals as control; 42 species tracked at strain level across 5 phyla; Determinant positions ranged 66 to 161,800 per species (median 15,550)"
27126044,No,3,Month,single-nucleotide variants (SNVs); donor-specific SNVs; recipient-specific SNVs; species composition; microbial diversity,percentage (%); mean percentage across species,69.3±21.8% at 2 days post-FMT; 37.6±16.6% at 3 months post-FMT; 50.7±10.1% coexistence in shared species; 39±23% species resistance; 44±14% species coexistence,Netherlands,colon,2009/2010,Metabolic Syndrome,species composition shifts; donor microbiota colonization; strain coexistence patterns; microbial diversity changes,FMT1; FMT2; FMT3; FMT4; FMT5; SELF1; SELF2; SELF3; SELF4; SELF5,Homo sapiens,Amsterdam,ERR1297852,27126044,SAMEA3882549,Illumina HiSeq 2000,FMT_metabolic_syndrome_2016,Metabolic Syndrome,Fecal Microbiota Transplantation,"10 subjects: 5 allogenic FMT recipients, 5 autologous FMT (placebo); Three lean donors, unrelated to recipients; 55 fecal samples total sequenced; Samples collected pre-FMT and 4 times post-FMT; Metabolic syndrome patients; No antibiotics for ≥3 months before treatment; 164 fecal metagenomes analyzed across three study groups; 1105 detected prokaryotic species; 11.8 million variant positions identified; 109 metagenomes from 48 healthy FMT-naïve individuals as control; 42 species tracked at strain level across 5 phyla; Determinant positions ranged 66 to 161,800 per species (median 15,550)"
