paper_id,age_group,age_max,age_min,age_unit,antibiotics_current_use,antibiotics_exclusion_period,antibiotics_exclusion_period_unit,body_site,body_site_details,country,disease,disease_details,dna_extraction_kit,fmt_id,fmt_role,host_species,host_species_common,location,ncbi_accession,sample_id,sequencing_platform,sex,subcohort,subject_id,target_condition,treatment,uncurated_metadata
33440172,Adult,65,18,Year,No,3,Month,USA,cecum; colon; ileum,2017-06,Rheumatoid Arthritis,New-onset rheumatoid arthritis,MoBio,Donor 1; Donor 2; Donor 3; Donor 4; Donor 5; Donor 6,Donor,gut metagenome,,New York University Langone Medical Center,SRR12451450,SAMN15814313,Illumina MiSeq,,RRN_rescue_RRN-GNOTO4-5-J1-2-4-feces,mouse,Rheumatoid Arthritis,Methotrexate,2021-01-11
33440172,Adult,65,18,Year,No,3,Month,USA,cecum; colon; ileum,2017-06,Rheumatoid Arthritis,New-onset rheumatoid arthritis,MoBio,Donor 1; Donor 2; Donor 3; Donor 4; Donor 5; Donor 6,Donor,gut metagenome,,New York University Langone Medical Center,SRR12451451,SAMN15814312,Illumina MiSeq,,RRN_rescue_RRN-GNOTO4-5-J1-2-3-feces,mouse,Rheumatoid Arthritis,Methotrexate,2021-01-11
33440172,Adult,65,18,Year,No,3,Month,USA,cecum; colon; ileum,2017-06,Rheumatoid Arthritis,New-onset rheumatoid arthritis,MoBio,Donor 1; Donor 2; Donor 3; Donor 4; Donor 5; Donor 6,Donor,gut metagenome,,New York University Langone Medical Center,SRR12451452,SAMN15814311,Illumina MiSeq,,RRN_rescue_RRN-GNOTO4-5-J1-1-5-feces,mouse,Rheumatoid Arthritis,Methotrexate,2021-01-11
33440172,Adult,65,18,Year,No,3,Month,USA,cecum; colon; ileum,2017-06,Rheumatoid Arthritis,New-onset rheumatoid arthritis,MoBio,Donor 1; Donor 2; Donor 3; Donor 4; Donor 5; Donor 6,Donor,gut metagenome,,New York University Langone Medical Center,SRR12451456,SAMN15814323,Illumina MiSeq,,RRN_rescue_RRN-GNOTO4-5-J2-2-5-feces,mouse,Rheumatoid Arthritis,Methotrexate,2021-01-11
33440172,Adult,65,18,Year,No,3,Month,USA,cecum; colon; ileum,2017-06,Rheumatoid Arthritis,New-onset rheumatoid arthritis,MoBio,Donor 1; Donor 2; Donor 3; Donor 4; Donor 5; Donor 6,Donor,gut metagenome,,New York University Langone Medical Center,SRR12451459,SAMN15814320,Illumina MiSeq,,RRN_rescue_RRN-GNOTO4-5-J2-1-5-feces,mouse,Rheumatoid Arthritis,Methotrexate,2021-01-11
33440172,Adult,65,18,Year,No,3,Month,USA,cecum; colon; ileum,2017-06,Rheumatoid Arthritis,New-onset rheumatoid arthritis,MoBio,Donor 1; Donor 2; Donor 3; Donor 4; Donor 5; Donor 6,Donor,gut metagenome,,New York University Langone Medical Center,SRR12451461,SAMN15814310,Illumina MiSeq,,RRN_rescue_RRN-GNOTO4-5-J1-1-4-feces,mouse,Rheumatoid Arthritis,Methotrexate,2021-01-11
33440172,Adult,65,18,Year,No,3,Month,USA,cecum; colon; ileum,2019,Rheumatoid Arthritis,New-onset rheumatoid arthritis,MoBio,Donor 1; Donor 2; Donor 3; Donor 4; Donor 5; Donor 6,Donor,gut metagenome,,New York University Langone Medical Center,SRR12451727,SAMN15816111,Illumina MiSeq,,RRN_FMT_RRN_gnoto8_61,mouse,Rheumatoid Arthritis,Methotrexate,2021-01-11
33440172,Adult,65,18,Year,No,3,Month,USA,cecum; colon; ileum,2019,Rheumatoid Arthritis,New-onset rheumatoid arthritis,MoBio,Donor 1; Donor 2; Donor 3; Donor 4; Donor 5; Donor 6,Donor,gut metagenome,,New York University Langone Medical Center,SRR12451731,SAMN15816107,Illumina MiSeq,,RRN_FMT_RRN_gnoto8_58,mouse,Rheumatoid Arthritis,Methotrexate,2021-01-11
33440172,Adult,65,18,Year,No,3,Month,USA,cecum; colon; ileum,2019-08,Rheumatoid Arthritis,New-onset rheumatoid arthritis,MoBio,Donor 1; Donor 2; Donor 3; Donor 4; Donor 5; Donor 6,Donor,gut metagenome,,New York University Langone Medical Center,SRR12451736,SAMN15815959,Illumina MiSeq,,RRN_individuallyHoused_RRN_gnoto10_27,mouse,Rheumatoid Arthritis,Methotrexate,2021-01-11
33440172,Adult,65,18,Year,No,3,Month,USA,cecum; colon; ileum,2019,Rheumatoid Arthritis,New-onset rheumatoid arthritis,MoBio,Donor 1; Donor 2; Donor 3; Donor 4; Donor 5; Donor 6,Donor,gut metagenome,,New York University Langone Medical Center,SRR12451738,SAMN15816101,Illumina MiSeq,,RRN_FMT_RRN_gnoto8_52,mouse,Rheumatoid Arthritis,Methotrexate,2021-01-11
33440172,Adult,65,18,Year,No,3,Month,USA,cecum; colon; ileum,2019,Rheumatoid Arthritis,New-onset rheumatoid arthritis,MoBio,Donor 1; Donor 2; Donor 3; Donor 4; Donor 5; Donor 6,Donor,gut metagenome,,New York University Langone Medical Center,SRR12451740,SAMN15816099,Illumina MiSeq,,RRN_FMT_RRN_gnoto8_50,mouse,Rheumatoid Arthritis,Methotrexate,2021-01-11
33440172,Adult,65,18,Year,No,3,Month,USA,cecum; colon; ileum,2019,Rheumatoid Arthritis,New-onset rheumatoid arthritis,MoBio,Donor 1; Donor 2; Donor 3; Donor 4; Donor 5; Donor 6,Donor,gut metagenome,,New York University Langone Medical Center,SRR12451743,SAMN15816096,Illumina MiSeq,,RRN_FMT_RRN_gnoto8_48,mouse,Rheumatoid Arthritis,Methotrexate,2021-01-11
33440172,Adult,65,18,Year,No,3,Month,USA,cecum; colon; ileum,2019,Rheumatoid Arthritis,New-onset rheumatoid arthritis,MoBio,Donor 1; Donor 2; Donor 3; Donor 4; Donor 5; Donor 6,Donor,gut metagenome,,New York University Langone Medical Center,SRR12451745,SAMN15816094,Illumina MiSeq,,RRN_FMT_RRN_gnoto8_46,mouse,Rheumatoid Arthritis,Methotrexate,2021-01-11
33440172,Adult,65,18,Year,No,3,Month,USA,cecum; colon; ileum,2018,Rheumatoid Arthritis,New-onset rheumatoid arthritis,MoBio,Donor 1; Donor 2; Donor 3; Donor 4; Donor 5; Donor 6,Donor,gut metagenome,,New York University Langone Medical Center,SRR12451765,SAMN15816010,Illumina MiSeq,,RRN_FMT_RRN_gnoto7_3,mouse,Rheumatoid Arthritis,Methotrexate,2021-01-11
33440172,Adult,65,18,Year,No,3,Month,USA,cecum; colon; ileum,2018,Rheumatoid Arthritis,New-onset rheumatoid arthritis,MoBio,Donor 1; Donor 2; Donor 3; Donor 4; Donor 5; Donor 6,Donor,gut metagenome,,New York University Langone Medical Center,SRR12451768,SAMN15816007,Illumina MiSeq,,RRN_FMT_RRN_gnoto7_27,mouse,Rheumatoid Arthritis,Methotrexate,2021-01-11
33440172,Adult,65,18,Year,No,3,Month,USA,cecum; colon; ileum,2018,Rheumatoid Arthritis,New-onset rheumatoid arthritis,MoBio,Donor 1; Donor 2; Donor 3; Donor 4; Donor 5; Donor 6,Donor,gut metagenome,,New York University Langone Medical Center,SRR12451771,SAMN15816004,Illumina MiSeq,,RRN_FMT_RRN_gnoto7_22,mouse,Rheumatoid Arthritis,Methotrexate,2021-01-11
33440172,Adult,65,18,Year,No,3,Month,USA,cecum; colon; ileum,2019-08,Rheumatoid Arthritis,New-onset rheumatoid arthritis,MoBio,Donor 1; Donor 2; Donor 3; Donor 4; Donor 5; Donor 6,Donor,gut metagenome,,New York University Langone Medical Center,SRR12451773,SAMN15815949,Illumina MiSeq,,RRN_individuallyHoused_RRN_gnoto10_16,mouse,Rheumatoid Arthritis,Methotrexate,2021-01-11
33440172,Adult,65,18,Year,No,3,Month,USA,cecum; colon; ileum,2018,Rheumatoid Arthritis,New-onset rheumatoid arthritis,MoBio,Donor 1; Donor 2; Donor 3; Donor 4; Donor 5; Donor 6,Donor,gut metagenome,,New York University Langone Medical Center,SRR12451775,SAMN15816001,Illumina MiSeq,,RRN_FMT_RRN_gnoto7_2,mouse,Rheumatoid Arthritis,Methotrexate,2021-01-11
33440172,Adult,65,18,Year,No,3,Month,USA,cecum; colon; ileum,2018,Rheumatoid Arthritis,New-onset rheumatoid arthritis,MoBio,Donor 1; Donor 2; Donor 3; Donor 4; Donor 5; Donor 6,Donor,gut metagenome,,New York University Langone Medical Center,SRR12451776,SAMN15816000,Illumina MiSeq,,RRN_FMT_RRN_gnoto7_19,mouse,Rheumatoid Arthritis,Methotrexate,2021-01-11
33440172,Adult,65,18,Year,No,3,Month,USA,cecum; colon; ileum,2018,Rheumatoid Arthritis,New-onset rheumatoid arthritis,MoBio,Donor 1; Donor 2; Donor 3; Donor 4; Donor 5; Donor 6,Donor,gut metagenome,,New York University Langone Medical Center,SRR12451783,SAMN15815993,Illumina MiSeq,,RRN_FMT_RRN_gnoto7_10,mouse,Rheumatoid Arthritis,Methotrexate,2021-01-11
33440172,Adult,65,18,Year,No,3,Month,USA,cecum; colon; ileum,2019-08,Rheumatoid Arthritis,New-onset rheumatoid arthritis,MoBio,Donor 1; Donor 2; Donor 3; Donor 4; Donor 5; Donor 6,Donor,gut metagenome,,New York University Langone Medical Center,SRR12451787,SAMN15815990,Illumina MiSeq,,RRN_individuallyHoused_RRN_gnoto10_7,mouse,Rheumatoid Arthritis,Methotrexate,2021-01-11
33440172,Adult,65,18,Year,No,3,Month,USA,cecum; colon; ileum,2019-08,Rheumatoid Arthritis,New-onset rheumatoid arthritis,MoBio,Donor 1; Donor 2; Donor 3; Donor 4; Donor 5; Donor 6,Donor,gut metagenome,,New York University Langone Medical Center,SRR12451794,SAMN15815983,Illumina MiSeq,,RRN_individuallyHoused_RRN_gnoto10_51,mouse,Rheumatoid Arthritis,Methotrexate,2021-01-11
33440172,Adult,65,18,Year,No,3,Month,USA,cecum; colon; ileum,2019-08,Rheumatoid Arthritis,New-onset rheumatoid arthritis,MoBio,Donor 1; Donor 2; Donor 3; Donor 4; Donor 5; Donor 6,Donor,gut metagenome,,New York University Langone Medical Center,SRR12451796,SAMN15815982,Illumina MiSeq,,RRN_individuallyHoused_RRN_gnoto10_50,mouse,Rheumatoid Arthritis,Methotrexate,2021-01-11
33440172,Adult,65,18,Year,No,3,Month,USA,cecum; colon; ileum,2019-08,Rheumatoid Arthritis,New-onset rheumatoid arthritis,MoBio,Donor 1; Donor 2; Donor 3; Donor 4; Donor 5; Donor 6,Donor,gut metagenome,,New York University Langone Medical Center,SRR12451800,SAMN15815978,Illumina MiSeq,,RRN_individuallyHoused_RRN_gnoto10_46,mouse,Rheumatoid Arthritis,Methotrexate,2021-01-11
33440172,Adult,65,18,Year,No,3,Month,USA,cecum; colon; ileum,2019-08,Rheumatoid Arthritis,New-onset rheumatoid arthritis,MoBio,Donor 1; Donor 2; Donor 3; Donor 4; Donor 5; Donor 6,Donor,gut metagenome,,New York University Langone Medical Center,SRR12451801,SAMN15815977,Illumina MiSeq,,RRN_individuallyHoused_RRN_gnoto10_45,mouse,Rheumatoid Arthritis,Methotrexate,2021-01-11
33440172,Adult,65,18,Year,No,3,Month,USA,cecum; colon; ileum,2019-08,Rheumatoid Arthritis,New-onset rheumatoid arthritis,MoBio,Donor 1; Donor 2; Donor 3; Donor 4; Donor 5; Donor 6,Donor,gut metagenome,,New York University Langone Medical Center,SRR12451802,SAMN15815976,Illumina MiSeq,,RRN_individuallyHoused_RRN_gnoto10_44,mouse,Rheumatoid Arthritis,Methotrexate,2021-01-11
33440172,Adult,65,18,Year,No,3,Month,USA,cecum; colon; ileum,2018,Rheumatoid Arthritis,New-onset rheumatoid arthritis,MoBio,Donor 1; Donor 2; Donor 3; Donor 4; Donor 5; Donor 6,Donor,gut metagenome,,New York University Langone Medical Center,SRR12451804,SAMN15816042,Illumina MiSeq,,RRN_FMT_RRN_gnoto7_68,mouse,Rheumatoid Arthritis,Methotrexate,2021-01-11
33440172,Adult,65,18,Year,No,3,Month,USA,cecum; colon; ileum,2018,Rheumatoid Arthritis,New-onset rheumatoid arthritis,MoBio,Donor 1; Donor 2; Donor 3; Donor 4; Donor 5; Donor 6,Donor,gut metagenome,,New York University Langone Medical Center,SRR12451809,SAMN15816037,Illumina MiSeq,,RRN_FMT_RRN_gnoto7_61,mouse,Rheumatoid Arthritis,Methotrexate,2021-01-11
33440172,Adult,65,18,Year,No,3,Month,USA,cecum; colon; ileum,2018,Rheumatoid Arthritis,New-onset rheumatoid arthritis,MoBio,Donor 1; Donor 2; Donor 3; Donor 4; Donor 5; Donor 6,Donor,gut metagenome,,New York University Langone Medical Center,SRR12451811,SAMN15816035,Illumina MiSeq,,RRN_FMT_RRN_gnoto7_6,mouse,Rheumatoid Arthritis,Methotrexate,2021-01-11
33440172,Adult,65,18,Year,No,3,Month,USA,cecum; colon; ileum,2018,Rheumatoid Arthritis,New-onset rheumatoid arthritis,MoBio,Donor 1; Donor 2; Donor 3; Donor 4; Donor 5; Donor 6,Donor,gut metagenome,,New York University Langone Medical Center,SRR12451813,SAMN15816033,Illumina MiSeq,,RRN_FMT_RRN_gnoto7_58,mouse,Rheumatoid Arthritis,Methotrexate,2021-01-11
33440172,Adult,65,18,Year,No,3,Month,USA,cecum; colon; ileum,2018,Rheumatoid Arthritis,New-onset rheumatoid arthritis,MoBio,Donor 1; Donor 2; Donor 3; Donor 4; Donor 5; Donor 6,Donor,gut metagenome,,New York University Langone Medical Center,SRR12451815,SAMN15816032,Illumina MiSeq,,RRN_FMT_RRN_gnoto7_57,mouse,Rheumatoid Arthritis,Methotrexate,2021-01-11
33440172,Adult,65,18,Year,No,3,Month,USA,cecum; colon; ileum,2018,Rheumatoid Arthritis,New-onset rheumatoid arthritis,MoBio,Donor 1; Donor 2; Donor 3; Donor 4; Donor 5; Donor 6,Donor,gut metagenome,,New York University Langone Medical Center,SRR12451816,SAMN15816031,Illumina MiSeq,,RRN_FMT_RRN_gnoto7_54,mouse,Rheumatoid Arthritis,Methotrexate,2021-01-11
33440172,Adult,65,18,Year,No,3,Month,USA,cecum; colon; ileum,2018,Rheumatoid Arthritis,New-onset rheumatoid arthritis,MoBio,Donor 1; Donor 2; Donor 3; Donor 4; Donor 5; Donor 6,Donor,gut metagenome,,New York University Langone Medical Center,SRR12451820,SAMN15816027,Illumina MiSeq,,RRN_FMT_RRN_gnoto7_50,mouse,Rheumatoid Arthritis,Methotrexate,2021-01-11
33440172,Adult,65,18,Year,No,3,Month,USA,cecum; colon; ileum,2019-08,Rheumatoid Arthritis,New-onset rheumatoid arthritis,MoBio,Donor 1; Donor 2; Donor 3; Donor 4; Donor 5; Donor 6,Donor,gut metagenome,,New York University Langone Medical Center,SRR12451835,SAMN15815965,Illumina MiSeq,,RRN_individuallyHoused_RRN_gnoto10_32,mouse,Rheumatoid Arthritis,Methotrexate,2021-01-11
33440172,Adult,65,18,Year,No,3,Month,USA,cecum; colon; ileum,2019-08,Rheumatoid Arthritis,New-onset rheumatoid arthritis,MoBio,Donor 1; Donor 2; Donor 3; Donor 4; Donor 5; Donor 6,Donor,gut metagenome,,New York University Langone Medical Center,SRR12451837,SAMN15815963,Illumina MiSeq,,RRN_individuallyHoused_RRN_gnoto10_30,mouse,Rheumatoid Arthritis,Methotrexate,2021-01-11
33440172,Adult,65,18,Year,No,3,Month,USA,cecum; colon; ileum,2019,Rheumatoid Arthritis,New-onset rheumatoid arthritis,MoBio,Donor 1; Donor 2; Donor 3; Donor 4; Donor 5; Donor 6,Donor,gut metagenome,,New York University Langone Medical Center,SRR12451841,SAMN15816121,Illumina MiSeq,,RRN_FMT_RRN_gnoto8_90,mouse,Rheumatoid Arthritis,Methotrexate,2021-01-11
33440172,Adult,65,18,Year,No,3,Month,USA,cecum; colon; ileum,2019,Rheumatoid Arthritis,New-onset rheumatoid arthritis,MoBio,Donor 1; Donor 2; Donor 3; Donor 4; Donor 5; Donor 6,Donor,gut metagenome,,New York University Langone Medical Center,SRR12451843,SAMN15816119,Illumina MiSeq,,RRN_FMT_RRN_gnoto8_89,mouse,Rheumatoid Arthritis,Methotrexate,2021-01-11
33440172,Adult,65,18,Year,No,3,Month,USA,cecum; colon; ileum,2019,Rheumatoid Arthritis,New-onset rheumatoid arthritis,MoBio,Donor 1; Donor 2; Donor 3; Donor 4; Donor 5; Donor 6,Donor,gut metagenome,,New York University Langone Medical Center,SRR12451844,SAMN15816118,Illumina MiSeq,,RRN_FMT_RRN_gnoto8_8,mouse,Rheumatoid Arthritis,Methotrexate,2021-01-11
33440172,Adult,65,18,Year,No,3,Month,USA,cecum; colon; ileum,2019,Rheumatoid Arthritis,New-onset rheumatoid arthritis,MoBio,Donor 1; Donor 2; Donor 3; Donor 4; Donor 5; Donor 6,Donor,gut metagenome,,New York University Langone Medical Center,SRR12451848,SAMN15816114,Illumina MiSeq,,RRN_FMT_RRN_gnoto8_64,mouse,Rheumatoid Arthritis,Methotrexate,2021-01-11
33440172,Adult,65,18,Year,No,3,Month,USA,cecum; colon; ileum,2019,Rheumatoid Arthritis,New-onset rheumatoid arthritis,MoBio,Donor 1; Donor 2; Donor 3; Donor 4; Donor 5; Donor 6,Donor,gut metagenome,,New York University Langone Medical Center,SRR12451849,SAMN15816113,Illumina MiSeq,,RRN_FMT_RRN_gnoto8_63,mouse,Rheumatoid Arthritis,Methotrexate,2021-01-11
33440172,Adult,65,18,Year,No,3,Month,USA,cecum; colon; ileum,2019-08,Rheumatoid Arthritis,New-onset rheumatoid arthritis,MoBio,Donor 1; Donor 2; Donor 3; Donor 4; Donor 5; Donor 6,Donor,gut metagenome,,New York University Langone Medical Center,SRR12451852,SAMN15815955,Illumina MiSeq,,RRN_individuallyHoused_RRN_gnoto10_22,mouse,Rheumatoid Arthritis,Methotrexate,2021-01-11
33440172,Adult,65,18,Year,No,3,Month,USA,cecum; colon; ileum,2019,Rheumatoid Arthritis,New-onset rheumatoid arthritis,MoBio,Donor 1; Donor 2; Donor 3; Donor 4; Donor 5; Donor 6,Donor,gut metagenome,,New York University Langone Medical Center,SRR12451858,SAMN15816057,Illumina MiSeq,,RRN_FMT_RRN_gnoto8_12,mouse,Rheumatoid Arthritis,Methotrexate,2021-01-11
33440172,Adult,65,18,Year,No,3,Month,USA,cecum; colon; ileum,2019,Rheumatoid Arthritis,New-onset rheumatoid arthritis,MoBio,Donor 1; Donor 2; Donor 3; Donor 4; Donor 5; Donor 6,Donor,gut metagenome,,New York University Langone Medical Center,SRR12451859,SAMN15816056,Illumina MiSeq,,RRN_FMT_RRN_gnoto8_11,mouse,Rheumatoid Arthritis,Methotrexate,2021-01-11
33440172,Adult,65,18,Year,No,3,Month,USA,cecum; colon; ileum,2019,Rheumatoid Arthritis,New-onset rheumatoid arthritis,MoBio,Donor 1; Donor 2; Donor 3; Donor 4; Donor 5; Donor 6,Donor,gut metagenome,,New York University Langone Medical Center,SRR12451860,SAMN15816055,Illumina MiSeq,,RRN_FMT_RRN_gnoto8_10,mouse,Rheumatoid Arthritis,Methotrexate,2021-01-11
33440172,Adult,65,18,Year,No,3,Month,USA,cecum; colon; ileum,2019,Rheumatoid Arthritis,New-onset rheumatoid arthritis,MoBio,Donor 1; Donor 2; Donor 3; Donor 4; Donor 5; Donor 6,Donor,gut metagenome,,New York University Langone Medical Center,SRR12451861,SAMN15816054,Illumina MiSeq,,RRN_FMT_RRN_gnoto8_1,mouse,Rheumatoid Arthritis,Methotrexate,2021-01-11
33440172,Adult,65,18,Year,No,3,Month,USA,cecum; colon; ileum,2018,Rheumatoid Arthritis,New-onset rheumatoid arthritis,MoBio,Donor 1; Donor 2; Donor 3; Donor 4; Donor 5; Donor 6,Donor,gut metagenome,,New York University Langone Medical Center,SRR12451862,SAMN15816053,Illumina MiSeq,,RRN_FMT_RRN_gnoto7_9,mouse,Rheumatoid Arthritis,Methotrexate,2021-01-11
33440172,Adult,65,18,Year,No,3,Month,USA,cecum; colon; ileum,2018,Rheumatoid Arthritis,New-onset rheumatoid arthritis,MoBio,Donor 1; Donor 2; Donor 3; Donor 4; Donor 5; Donor 6,Donor,gut metagenome,,New York University Langone Medical Center,SRR12451864,SAMN15816052,Illumina MiSeq,,RRN_FMT_RRN_gnoto7_82,mouse,Rheumatoid Arthritis,Methotrexate,2021-01-11
33440172,Adult,65,18,Year,No,3,Month,USA,cecum; colon; ileum,2018,Rheumatoid Arthritis,New-onset rheumatoid arthritis,MoBio,Donor 1; Donor 2; Donor 3; Donor 4; Donor 5; Donor 6,Donor,gut metagenome,,New York University Langone Medical Center,SRR12451869,SAMN15816047,Illumina MiSeq,,RRN_FMT_RRN_gnoto7_75,mouse,Rheumatoid Arthritis,Methotrexate,2021-01-11
33440172,Adult,65,18,Year,No,3,Month,USA,cecum; colon; ileum,2018,Rheumatoid Arthritis,New-onset rheumatoid arthritis,MoBio,Donor 1; Donor 2; Donor 3; Donor 4; Donor 5; Donor 6,Donor,gut metagenome,,New York University Langone Medical Center,SRR12451870,SAMN15816046,Illumina MiSeq,,RRN_FMT_RRN_gnoto7_74,mouse,Rheumatoid Arthritis,Methotrexate,2021-01-11
33440172,Adult,65,18,Year,No,3,Month,USA,cecum; colon; ileum,2019,Rheumatoid Arthritis,New-onset rheumatoid arthritis,MoBio,Donor 1; Donor 2; Donor 3; Donor 4; Donor 5; Donor 6,Donor,gut metagenome,,New York University Langone Medical Center,SRR12451880,SAMN15816086,Illumina MiSeq,,RRN_FMT_RRN_gnoto8_39,mouse,Rheumatoid Arthritis,Methotrexate,2021-01-11
33440172,Adult,65,18,Year,No,3,Month,USA,cecum; colon; ileum,2019,Rheumatoid Arthritis,New-onset rheumatoid arthritis,MoBio,Donor 1; Donor 2; Donor 3; Donor 4; Donor 5; Donor 6,Donor,gut metagenome,,New York University Langone Medical Center,SRR12451881,SAMN15816085,Illumina MiSeq,,RRN_FMT_RRN_gnoto8_38,mouse,Rheumatoid Arthritis,Methotrexate,2021-01-11
33440172,Adult,65,18,Year,No,3,Month,USA,cecum; colon; ileum,2019-08,Rheumatoid Arthritis,New-onset rheumatoid arthritis,MoBio,Donor 1; Donor 2; Donor 3; Donor 4; Donor 5; Donor 6,Donor,gut metagenome,,New York University Langone Medical Center,SRR12451884,SAMN15815957,Illumina MiSeq,,RRN_individuallyHoused_RRN_gnoto10_24,mouse,Rheumatoid Arthritis,Methotrexate,2021-01-11
33440172,Adult,65,18,Year,No,3,Month,USA,cecum; colon; ileum,2019,Rheumatoid Arthritis,New-onset rheumatoid arthritis,MoBio,Donor 1; Donor 2; Donor 3; Donor 4; Donor 5; Donor 6,Donor,gut metagenome,,New York University Langone Medical Center,SRR12451885,SAMN15816082,Illumina MiSeq,,RRN_FMT_RRN_gnoto8_35,mouse,Rheumatoid Arthritis,Methotrexate,2021-01-11
33440172,Adult,65,18,Year,No,3,Month,USA,cecum; colon; ileum,2019,Rheumatoid Arthritis,New-onset rheumatoid arthritis,MoBio,Donor 1; Donor 2; Donor 3; Donor 4; Donor 5; Donor 6,Donor,gut metagenome,,New York University Langone Medical Center,SRR12451889,SAMN15816078,Illumina MiSeq,,RRN_FMT_RRN_gnoto8_31,mouse,Rheumatoid Arthritis,Methotrexate,2021-01-11
33440172,Adult,65,18,Year,No,3,Month,USA,cecum; colon; ileum,2019,Rheumatoid Arthritis,New-onset rheumatoid arthritis,MoBio,Donor 1; Donor 2; Donor 3; Donor 4; Donor 5; Donor 6,Donor,gut metagenome,,New York University Langone Medical Center,SRR12451890,SAMN15816077,Illumina MiSeq,,RRN_FMT_RRN_gnoto8_30,mouse,Rheumatoid Arthritis,Methotrexate,2021-01-11
33440172,Adult,65,18,Year,No,3,Month,USA,cecum; colon; ileum,2019,Rheumatoid Arthritis,New-onset rheumatoid arthritis,MoBio,Donor 1; Donor 2; Donor 3; Donor 4; Donor 5; Donor 6,Donor,gut metagenome,,New York University Langone Medical Center,SRR12451891,SAMN15816076,Illumina MiSeq,,RRN_FMT_RRN_gnoto8_3,mouse,Rheumatoid Arthritis,Methotrexate,2021-01-11
33440172,Adult,65,18,Year,No,3,Month,USA,cecum; colon; ileum,2019-08,Rheumatoid Arthritis,New-onset rheumatoid arthritis,MoBio,Donor 1; Donor 2; Donor 3; Donor 4; Donor 5; Donor 6,Donor,gut metagenome,,New York University Langone Medical Center,SRR12451895,SAMN15815956,Illumina MiSeq,,RRN_individuallyHoused_RRN_gnoto10_23,mouse,Rheumatoid Arthritis,Methotrexate,2021-01-11
33440172,Adult,65,18,Year,No,3,Month,USA,cecum; colon; ileum,2019,Rheumatoid Arthritis,New-onset rheumatoid arthritis,MoBio,Donor 1; Donor 2; Donor 3; Donor 4; Donor 5; Donor 6,Donor,gut metagenome,,New York University Langone Medical Center,SRR12451897,SAMN15816071,Illumina MiSeq,,RRN_FMT_RRN_gnoto8_25,mouse,Rheumatoid Arthritis,Methotrexate,2021-01-11
33440172,Adult,65,18,Year,No,3,Month,USA,cecum; colon; ileum,2017-06,Rheumatoid Arthritis,New-onset rheumatoid arthritis,MoBio,Donor 1; Donor 2; Donor 3; Donor 4; Donor 5; Donor 6,Donor,gut metagenome,,New York University Langone Medical Center,SRR12451942,SAMN15815866,Illumina MiSeq,,RRN_route_RRN-GNOTO4-5-I1-3-4-feces,mouse,Rheumatoid Arthritis,Methotrexate,2021-01-11
33440172,Adult,65,18,Year,No,3,Month,USA,cecum; colon; ileum,2017-06,Rheumatoid Arthritis,New-onset rheumatoid arthritis,MoBio,Donor 1; Donor 2; Donor 3; Donor 4; Donor 5; Donor 6,Donor,gut metagenome,,New York University Langone Medical Center,SRR12451944,SAMN15815864,Illumina MiSeq,,RRN_route_RRN-GNOTO4-5-I1-2-5-feces,mouse,Rheumatoid Arthritis,Methotrexate,2021-01-11
33440172,Adult,65,18,Year,No,3,Month,USA,cecum; colon; ileum,2017-06,Rheumatoid Arthritis,New-onset rheumatoid arthritis,MoBio,Donor 1; Donor 2; Donor 3; Donor 4; Donor 5; Donor 6,Donor,gut metagenome,,New York University Langone Medical Center,SRR12451948,SAMN15815876,Illumina MiSeq,,RRN_route_RRN-GNOTO4-5-I2-3-5-feces,mouse,Rheumatoid Arthritis,Methotrexate,2021-01-11
33440172,Adult,65,18,Year,No,3,Month,USA,cecum; colon; ileum,2017-06,Rheumatoid Arthritis,New-onset rheumatoid arthritis,MoBio,Donor 1; Donor 2; Donor 3; Donor 4; Donor 5; Donor 6,Donor,gut metagenome,,New York University Langone Medical Center,SRR12451952,SAMN15815872,Illumina MiSeq,,RRN_route_RRN-GNOTO4-5-I2-2-4-feces,mouse,Rheumatoid Arthritis,Methotrexate,2021-01-11
33440172,Adult,65,18,Year,No,3,Month,USA,cecum; colon; ileum,2017-06,Rheumatoid Arthritis,New-onset rheumatoid arthritis,MoBio,Donor 1; Donor 2; Donor 3; Donor 4; Donor 5; Donor 6,Donor,gut metagenome,,New York University Langone Medical Center,SRR12451954,SAMN15815870,Illumina MiSeq,,RRN_route_RRN-GNOTO4-5-I2-1-5-feces,mouse,Rheumatoid Arthritis,Methotrexate,2021-01-11
33440172,Adult,65,18,Year,No,3,Month,USA,cecum; colon; ileum,2017-06,Rheumatoid Arthritis,New-onset rheumatoid arthritis,MoBio,Donor 1; Donor 2; Donor 3; Donor 4; Donor 5; Donor 6,Donor,gut metagenome,,New York University Langone Medical Center,SRR12451955,SAMN15815869,Illumina MiSeq,,RRN_route_RRN-GNOTO4-5-I2-1-4-feces,mouse,Rheumatoid Arthritis,Methotrexate,2021-01-11
33440172,Adult,65,18,Year,No,3,Month,USA,cecum; colon; ileum,2018-03,Rheumatoid Arthritis,New-onset rheumatoid arthritis,MoBio,Donor 1; Donor 2; Donor 3; Donor 4; Donor 5; Donor 6,Donor,[Clostridium] asparagiforme DSM 15981,,New York University Langone Medical Center,SRR12452152,SAMN15816273,Illumina HiSeq 2500,,RRN_RNAseq_RRN01_S1,Homo sapiens,Rheumatoid Arthritis,Methotrexate,2021-01-11
33440172,Adult,65,18,Year,No,3,Month,USA,cecum; colon; ileum,2018-03,Rheumatoid Arthritis,New-onset rheumatoid arthritis,MoBio,Donor 1; Donor 2; Donor 3; Donor 4; Donor 5; Donor 6,Donor,[Clostridium] asparagiforme DSM 15981,,New York University Langone Medical Center,SRR12452153,SAMN15816272,Illumina HiSeq 2500,,RRN_RNAseq_RN12_S24,Homo sapiens,Rheumatoid Arthritis,Methotrexate,2021-01-11
33440172,Adult,65,18,Year,No,3,Month,USA,cecum; colon; ileum,2018-03,Rheumatoid Arthritis,New-onset rheumatoid arthritis,MoBio,Donor 1; Donor 2; Donor 3; Donor 4; Donor 5; Donor 6,Donor,[Clostridium] symbiosum,,New York University Langone Medical Center,SRR12452157,SAMN15816300,Illumina HiSeq 2500,,RRN_RNAseq_RRN58_S34,Homo sapiens,Rheumatoid Arthritis,Methotrexate,2021-01-11
33440172,Adult,65,18,Year,No,3,Month,USA,cecum; colon; ileum,2018-03,Rheumatoid Arthritis,New-onset rheumatoid arthritis,MoBio,Donor 1; Donor 2; Donor 3; Donor 4; Donor 5; Donor 6,Donor,[Clostridium] symbiosum,,New York University Langone Medical Center,SRR12452158,SAMN15816299,Illumina HiSeq 2500,,RRN_RNAseq_RRN57_S33,Homo sapiens,Rheumatoid Arthritis,Methotrexate,2021-01-11
33440172,Adult,65,18,Year,No,3,Month,USA,cecum; colon; ileum,2018-03,Rheumatoid Arthritis,New-onset rheumatoid arthritis,MoBio,Donor 1; Donor 2; Donor 3; Donor 4; Donor 5; Donor 6,Donor,Clostridium sporogenes,,New York University Langone Medical Center,SRR12452162,SAMN15816296,Illumina HiSeq 2500,,RRN_RNAseq_RRN54_S30,Homo sapiens,Rheumatoid Arthritis,Methotrexate,2021-01-11
33440172,Adult,65,18,Year,No,3,Month,USA,cecum; colon; ileum,2018-03,Rheumatoid Arthritis,New-onset rheumatoid arthritis,MoBio,Donor 1; Donor 2; Donor 3; Donor 4; Donor 5; Donor 6,Donor,Clostridium sporogenes,,New York University Langone Medical Center,SRR12452163,SAMN15816295,Illumina HiSeq 2500,,RRN_RNAseq_RRN53_S29,Homo sapiens,Rheumatoid Arthritis,Methotrexate,2021-01-11
33440172,Adult,65,18,Year,No,3,Month,USA,cecum; colon; ileum,2018-03,Rheumatoid Arthritis,New-onset rheumatoid arthritis,MoBio,Donor 1; Donor 2; Donor 3; Donor 4; Donor 5; Donor 6,Donor,Clostridium sporogenes,,New York University Langone Medical Center,SRR12452167,SAMN15816291,Illumina HiSeq 2500,,RRN_RNAseq_RRN49_S25,Homo sapiens,Rheumatoid Arthritis,Methotrexate,2021-01-11
33440172,Adult,65,18,Year,No,3,Month,USA,cecum; colon; ileum,2018-03,Rheumatoid Arthritis,New-onset rheumatoid arthritis,MoBio,Donor 1; Donor 2; Donor 3; Donor 4; Donor 5; Donor 6,Donor,Bacteroides thetaiotaomicron,,New York University Langone Medical Center,SRR12452170,SAMN15816288,Illumina HiSeq 2500,,RRN_RNAseq_RRN28_S22,Homo sapiens,Rheumatoid Arthritis,Methotrexate,2021-01-11
33440172,Adult,65,18,Year,No,3,Month,USA,cecum; colon; ileum,2018-03,Rheumatoid Arthritis,New-onset rheumatoid arthritis,MoBio,Donor 1; Donor 2; Donor 3; Donor 4; Donor 5; Donor 6,Donor,Bacteroides thetaiotaomicron,,New York University Langone Medical Center,SRR12452173,SAMN15816286,Illumina HiSeq 2500,,RRN_RNAseq_RRN26_S20,Homo sapiens,Rheumatoid Arthritis,Methotrexate,2021-01-11
33440172,Adult,65,18,Year,No,3,Month,USA,cecum; colon; ileum,2018-03,Rheumatoid Arthritis,New-onset rheumatoid arthritis,MoBio,Donor 1; Donor 2; Donor 3; Donor 4; Donor 5; Donor 6,Donor,Bacteroides thetaiotaomicron,,New York University Langone Medical Center,SRR12452174,SAMN15816285,Illumina HiSeq 2500,,RRN_RNAseq_RRN25_S19,Homo sapiens,Rheumatoid Arthritis,Methotrexate,2021-01-11
33440172,Adult,65,18,Year,No,3,Month,USA,cecum; colon; ileum,2018-03,Rheumatoid Arthritis,New-onset rheumatoid arthritis,MoBio,Donor 1; Donor 2; Donor 3; Donor 4; Donor 5; Donor 6,Donor,[Clostridium] asparagiforme DSM 15981,,New York University Langone Medical Center,SRR12452180,SAMN15816279,Illumina HiSeq 2500,,RRN_RNAseq_RRN07_S7,Homo sapiens,Rheumatoid Arthritis,Methotrexate,2021-01-11
33440172,Adult,65,18,Year,No,3,Month,USA,cecum; colon; ileum,2018-03,Rheumatoid Arthritis,New-onset rheumatoid arthritis,MoBio,Donor 1; Donor 2; Donor 3; Donor 4; Donor 5; Donor 6,Donor,[Clostridium] asparagiforme DSM 15981,,New York University Langone Medical Center,SRR12452182,SAMN15816277,Illumina HiSeq 2500,,RRN_RNAseq_RRN05_S5,Homo sapiens,Rheumatoid Arthritis,Methotrexate,2021-01-11
33440172,Adult,65,18,Year,No,3,Month,USA,cecum; colon; ileum,2018-03,Rheumatoid Arthritis,New-onset rheumatoid arthritis,MoBio,Donor 1; Donor 2; Donor 3; Donor 4; Donor 5; Donor 6,Donor,[Clostridium] asparagiforme DSM 15981,,New York University Langone Medical Center,SRR12452183,SAMN15816268,Illumina HiSeq 2500,,RRN_RNAseq_RN08_S20,Homo sapiens,Rheumatoid Arthritis,Methotrexate,2021-01-11
33440172,Adult,65,18,Year,No,3,Month,USA,cecum; colon; ileum,2019-06,Rheumatoid Arthritis,New-onset rheumatoid arthritis,MoBio,Donor 1; Donor 2; Donor 3; Donor 4; Donor 5; Donor 6,Donor,gut metagenome,,New York University Langone Medical Center,SRR12454620,SAMN15822846,Illumina MiSeq,,RRN_RAexVivo_RAexVivo_sample19,Homo sapiens,Rheumatoid Arthritis,Methotrexate,2021-01-11
33440172,Adult,65,18,Year,No,3,Month,USA,cecum; colon; ileum,2019-06,Rheumatoid Arthritis,New-onset rheumatoid arthritis,MoBio,Donor 1; Donor 2; Donor 3; Donor 4; Donor 5; Donor 6,Donor,gut metagenome,,New York University Langone Medical Center,SRR12454621,SAMN15822837,Illumina MiSeq,,RRN_RAexVivo_RAexVivo_sample10,Homo sapiens,Rheumatoid Arthritis,Methotrexate,2021-01-11
33440172,Adult,65,18,Year,No,3,Month,USA,cecum; colon; ileum,2019,Rheumatoid Arthritis,New-onset rheumatoid arthritis,MoBio,Donor 1; Donor 2; Donor 3; Donor 4; Donor 5; Donor 6,Donor,gut metagenome,,New York University Langone Medical Center,SRR12454624,SAMN15822934,Illumina MiSeq,,RRN_FMT_RRN_gnoto9_60,mouse,Rheumatoid Arthritis,Methotrexate,2021-01-11
33440172,Adult,65,18,Year,No,3,Month,USA,cecum; colon; ileum,2019,Rheumatoid Arthritis,New-onset rheumatoid arthritis,MoBio,Donor 1; Donor 2; Donor 3; Donor 4; Donor 5; Donor 6,Donor,gut metagenome,,New York University Langone Medical Center,SRR12454628,SAMN15822930,Illumina MiSeq,,RRN_FMT_RRN_gnoto9_52,mouse,Rheumatoid Arthritis,Methotrexate,2021-01-11
33440172,Adult,65,18,Year,No,3,Month,USA,cecum; colon; ileum,2019,Rheumatoid Arthritis,New-onset rheumatoid arthritis,MoBio,Donor 1; Donor 2; Donor 3; Donor 4; Donor 5; Donor 6,Donor,gut metagenome,,New York University Langone Medical Center,SRR12454631,SAMN15822927,Illumina MiSeq,,RRN_FMT_RRN_gnoto9_48,mouse,Rheumatoid Arthritis,Methotrexate,2021-01-11
33440172,Adult,65,18,Year,No,3,Month,USA,cecum; colon; ileum,2019-06,Rheumatoid Arthritis,New-onset rheumatoid arthritis,MoBio,Donor 1; Donor 2; Donor 3; Donor 4; Donor 5; Donor 6,Donor,gut metagenome,,New York University Langone Medical Center,SRR12454633,SAMN15822845,Illumina MiSeq,,RRN_RAexVivo_RAexVivo_sample18,Homo sapiens,Rheumatoid Arthritis,Methotrexate,2021-01-11
33440172,Adult,65,18,Year,No,3,Month,USA,cecum; colon; ileum,2019,Rheumatoid Arthritis,New-onset rheumatoid arthritis,MoBio,Donor 1; Donor 2; Donor 3; Donor 4; Donor 5; Donor 6,Donor,gut metagenome,,New York University Langone Medical Center,SRR12454634,SAMN15822925,Illumina MiSeq,,RRN_FMT_RRN_gnoto9_46,mouse,Rheumatoid Arthritis,Methotrexate,2021-01-11
33440172,Adult,65,18,Year,No,3,Month,USA,cecum; colon; ileum,2019,Rheumatoid Arthritis,New-onset rheumatoid arthritis,MoBio,Donor 1; Donor 2; Donor 3; Donor 4; Donor 5; Donor 6,Donor,gut metagenome,,New York University Langone Medical Center,SRR12454635,SAMN15822924,Illumina MiSeq,,RRN_FMT_RRN_gnoto9_45,mouse,Rheumatoid Arthritis,Methotrexate,2021-01-11
33440172,Adult,65,18,Year,No,3,Month,USA,cecum; colon; ileum,2019,Rheumatoid Arthritis,New-onset rheumatoid arthritis,MoBio,Donor 1; Donor 2; Donor 3; Donor 4; Donor 5; Donor 6,Donor,gut metagenome,,New York University Langone Medical Center,SRR12454636,SAMN15822923,Illumina MiSeq,,RRN_FMT_RRN_gnoto9_44,mouse,Rheumatoid Arthritis,Methotrexate,2021-01-11
33440172,Adult,65,18,Year,No,3,Month,USA,cecum; colon; ileum,2019,Rheumatoid Arthritis,New-onset rheumatoid arthritis,MoBio,Donor 1; Donor 2; Donor 3; Donor 4; Donor 5; Donor 6,Donor,gut metagenome,,New York University Langone Medical Center,SRR12454638,SAMN15822921,Illumina MiSeq,,RRN_FMT_RRN_gnoto9_40,mouse,Rheumatoid Arthritis,Methotrexate,2021-01-11
33440172,Adult,65,18,Year,No,3,Month,USA,cecum; colon; ileum,2019,Rheumatoid Arthritis,New-onset rheumatoid arthritis,MoBio,Donor 1; Donor 2; Donor 3; Donor 4; Donor 5; Donor 6,Donor,gut metagenome,,New York University Langone Medical Center,SRR12454645,SAMN15822915,Illumina MiSeq,,RRN_FMT_RRN_gnoto9_32,mouse,Rheumatoid Arthritis,Methotrexate,2021-01-11
33440172,Adult,65,18,Year,No,3,Month,USA,cecum; colon; ileum,2019,Rheumatoid Arthritis,New-onset rheumatoid arthritis,MoBio,Donor 1; Donor 2; Donor 3; Donor 4; Donor 5; Donor 6,Donor,gut metagenome,,New York University Langone Medical Center,SRR12454649,SAMN15822911,Illumina MiSeq,,RRN_FMT_RRN_gnoto9_28,mouse,Rheumatoid Arthritis,Methotrexate,2021-01-11
33440172,Adult,65,18,Year,No,3,Month,USA,cecum; colon; ileum,2019,Rheumatoid Arthritis,New-onset rheumatoid arthritis,MoBio,Donor 1; Donor 2; Donor 3; Donor 4; Donor 5; Donor 6,Donor,gut metagenome,,New York University Langone Medical Center,SRR12454650,SAMN15822910,Illumina MiSeq,,RRN_FMT_RRN_gnoto9_27,mouse,Rheumatoid Arthritis,Methotrexate,2021-01-11
33440172,Adult,65,18,Year,No,3,Month,USA,cecum; colon; ileum,2019,Rheumatoid Arthritis,New-onset rheumatoid arthritis,MoBio,Donor 1; Donor 2; Donor 3; Donor 4; Donor 5; Donor 6,Donor,gut metagenome,,New York University Langone Medical Center,SRR12454651,SAMN15822909,Illumina MiSeq,,RRN_FMT_RRN_gnoto9_24,mouse,Rheumatoid Arthritis,Methotrexate,2021-01-11
33440172,Adult,65,18,Year,No,3,Month,USA,cecum; colon; ileum,2019,Rheumatoid Arthritis,New-onset rheumatoid arthritis,MoBio,Donor 1; Donor 2; Donor 3; Donor 4; Donor 5; Donor 6,Donor,gut metagenome,,New York University Langone Medical Center,SRR12454656,SAMN15822905,Illumina MiSeq,,RRN_FMT_RRN_gnoto9_20,mouse,Rheumatoid Arthritis,Methotrexate,2021-01-11
33440172,Adult,65,18,Year,No,3,Month,USA,cecum; colon; ileum,2019-06,Rheumatoid Arthritis,New-onset rheumatoid arthritis,MoBio,Donor 1; Donor 2; Donor 3; Donor 4; Donor 5; Donor 6,Donor,gut metagenome,,New York University Langone Medical Center,SRR12454667,SAMN15822895,Illumina MiSeq,,RRN_RAexVivo_RAexVivo_sample93,Homo sapiens,Rheumatoid Arthritis,Methotrexate,2021-01-11
33440172,Adult,65,18,Year,No,3,Month,USA,cecum; colon; ileum,2019-06,Rheumatoid Arthritis,New-onset rheumatoid arthritis,MoBio,Donor 1; Donor 2; Donor 3; Donor 4; Donor 5; Donor 6,Donor,gut metagenome,,New York University Langone Medical Center,SRR12454671,SAMN15822891,Illumina MiSeq,,RRN_RAexVivo_RAexVivo_sample9,Homo sapiens,Rheumatoid Arthritis,Methotrexate,2021-01-11
33440172,Adult,65,18,Year,No,3,Month,USA,cecum; colon; ileum,2019-06,Rheumatoid Arthritis,New-onset rheumatoid arthritis,MoBio,Donor 1; Donor 2; Donor 3; Donor 4; Donor 5; Donor 6,Donor,gut metagenome,,New York University Langone Medical Center,SRR12454672,SAMN15822890,Illumina MiSeq,,RRN_RAexVivo_RAexVivo_sample89,Homo sapiens,Rheumatoid Arthritis,Methotrexate,2021-01-11
33440172,Adult,65,18,Year,No,3,Month,USA,cecum; colon; ileum,2019-06,Rheumatoid Arthritis,New-onset rheumatoid arthritis,MoBio,Donor 1; Donor 2; Donor 3; Donor 4; Donor 5; Donor 6,Donor,gut metagenome,,New York University Langone Medical Center,SRR12454676,SAMN15822886,Illumina MiSeq,,RRN_RAexVivo_RAexVivo_sample85,Homo sapiens,Rheumatoid Arthritis,Methotrexate,2021-01-11
33440172,Adult,65,18,Year,No,3,Month,USA,cecum; colon; ileum,2019-06,Rheumatoid Arthritis,New-onset rheumatoid arthritis,MoBio,Donor 1; Donor 2; Donor 3; Donor 4; Donor 5; Donor 6,Donor,gut metagenome,,New York University Langone Medical Center,SRR12454689,SAMN15822875,Illumina MiSeq,,RRN_RAexVivo_RAexVivo_sample75,Homo sapiens,Rheumatoid Arthritis,Methotrexate,2021-01-11
33440172,Adult,65,18,Year,No,3,Month,USA,cecum; colon; ileum,2019-06,Rheumatoid Arthritis,New-onset rheumatoid arthritis,MoBio,Donor 1; Donor 2; Donor 3; Donor 4; Donor 5; Donor 6,Donor,gut metagenome,,New York University Langone Medical Center,SRR12454690,SAMN15822874,Illumina MiSeq,,RRN_RAexVivo_RAexVivo_sample74,Homo sapiens,Rheumatoid Arthritis,Methotrexate,2021-01-11
33440172,Adult,65,18,Year,No,3,Month,USA,cecum; colon; ileum,2019-06,Rheumatoid Arthritis,New-onset rheumatoid arthritis,MoBio,Donor 1; Donor 2; Donor 3; Donor 4; Donor 5; Donor 6,Donor,gut metagenome,,New York University Langone Medical Center,SRR12454691,SAMN15822873,Illumina MiSeq,,RRN_RAexVivo_RAexVivo_sample73,Homo sapiens,Rheumatoid Arthritis,Methotrexate,2021-01-11
33440172,Adult,65,18,Year,No,3,Month,USA,cecum; colon; ileum,2019-06,Rheumatoid Arthritis,New-onset rheumatoid arthritis,MoBio,Donor 1; Donor 2; Donor 3; Donor 4; Donor 5; Donor 6,Donor,gut metagenome,,New York University Langone Medical Center,SRR12454699,SAMN15822839,Illumina MiSeq,,RRN_RAexVivo_RAexVivo_sample12,Homo sapiens,Rheumatoid Arthritis,Methotrexate,2021-01-11
33440172,Adult,65,18,Year,No,3,Month,USA,cecum; colon; ileum,2019-06,Rheumatoid Arthritis,New-onset rheumatoid arthritis,MoBio,Donor 1; Donor 2; Donor 3; Donor 4; Donor 5; Donor 6,Donor,gut metagenome,,New York University Langone Medical Center,SRR12454705,SAMN15822860,Illumina MiSeq,,RRN_RAexVivo_RAexVivo_sample31,Homo sapiens,Rheumatoid Arthritis,Methotrexate,2021-01-11
33440172,Adult,65,18,Year,No,3,Month,USA,cecum; colon; ileum,2019-06,Rheumatoid Arthritis,New-onset rheumatoid arthritis,MoBio,Donor 1; Donor 2; Donor 3; Donor 4; Donor 5; Donor 6,Donor,gut metagenome,,New York University Langone Medical Center,SRR12454708,SAMN15822857,Illumina MiSeq,,RRN_RAexVivo_RAexVivo_sample29,Homo sapiens,Rheumatoid Arthritis,Methotrexate,2021-01-11
33440172,Adult,65,18,Year,No,3,Month,USA,cecum; colon; ileum,2019-06,Rheumatoid Arthritis,New-onset rheumatoid arthritis,MoBio,Donor 1; Donor 2; Donor 3; Donor 4; Donor 5; Donor 6,Donor,gut metagenome,,New York University Langone Medical Center,SRR12454712,SAMN15822854,Illumina MiSeq,,RRN_RAexVivo_RAexVivo_sample26,Homo sapiens,Rheumatoid Arthritis,Methotrexate,2021-01-11
33440172,Adult,65,18,Year,No,3,Month,USA,cecum; colon; ileum,2019-06,Rheumatoid Arthritis,New-onset rheumatoid arthritis,MoBio,Donor 1; Donor 2; Donor 3; Donor 4; Donor 5; Donor 6,Donor,gut metagenome,,New York University Langone Medical Center,SRR12454713,SAMN15822853,Illumina MiSeq,,RRN_RAexVivo_RAexVivo_sample25,Homo sapiens,Rheumatoid Arthritis,Methotrexate,2021-01-11
33440172,Adult,65,18,Year,No,3,Month,USA,cecum; colon; ileum,2019-06,Rheumatoid Arthritis,New-onset rheumatoid arthritis,MoBio,Donor 1; Donor 2; Donor 3; Donor 4; Donor 5; Donor 6,Donor,gut metagenome,,New York University Langone Medical Center,SRR12454719,SAMN15822847,Illumina MiSeq,,RRN_RAexVivo_RAexVivo_sample2,Homo sapiens,Rheumatoid Arthritis,Methotrexate,2021-01-11
33440172,Adult,65,18,Year,No,3,Month,USA,cecum; colon; ileum,2019,Rheumatoid Arthritis,New-onset rheumatoid arthritis,MoBio,Donor 1; Donor 2; Donor 3; Donor 4; Donor 5; Donor 6,Donor,gut metagenome,,New York University Langone Medical Center,SRR12454720,SAMN15822938,Illumina MiSeq,,RRN_FMT_RRN_gnoto9_86,mouse,Rheumatoid Arthritis,Methotrexate,2021-01-11
33440172,Adult,65,18,Year,No,3,Month,USA,cecum; colon; ileum,2019,Rheumatoid Arthritis,New-onset rheumatoid arthritis,MoBio,Donor 1; Donor 2; Donor 3; Donor 4; Donor 5; Donor 6,Donor,gut metagenome,,New York University Langone Medical Center,SRR12454721,SAMN15822937,Illumina MiSeq,,RRN_FMT_RRN_gnoto9_85,mouse,Rheumatoid Arthritis,Methotrexate,2021-01-11
33440172,Adult,65,18,Year,No,3,Month,USA,cecum; colon; ileum,2014-01,Rheumatoid Arthritis,New-onset rheumatoid arthritis,MoBio,Donor 1; Donor 2; Donor 3; Donor 4; Donor 5; Donor 6,Donor,gut metagenome,,New York University Langone Medical Center,SRR12455123,SAMN15823267,Illumina MiSeq,,NYU_RA_90C,Homo sapiens,Rheumatoid Arthritis,Methotrexate,2021-01-11
33440172,Adult,65,18,Year,No,3,Month,USA,cecum; colon; ileum,2014-01,Rheumatoid Arthritis,New-onset rheumatoid arthritis,MoBio,Donor 1; Donor 2; Donor 3; Donor 4; Donor 5; Donor 6,Donor,gut metagenome,,New York University Langone Medical Center,SRR12455125,SAMN15823265,Illumina MiSeq,,NYU_RA_88C,Homo sapiens,Rheumatoid Arthritis,Methotrexate,2021-01-11
33440172,Adult,65,18,Year,No,3,Month,USA,cecum; colon; ileum,2014-01,Rheumatoid Arthritis,New-onset rheumatoid arthritis,MoBio,Donor 1; Donor 2; Donor 3; Donor 4; Donor 5; Donor 6,Donor,gut metagenome,,New York University Langone Medical Center,SRR12455127,SAMN15823263,Illumina MiSeq,,NYU_RA_82C,Homo sapiens,Rheumatoid Arthritis,Methotrexate,2021-01-11
33440172,Adult,65,18,Year,No,3,Month,USA,cecum; colon; ileum,2014-01,Rheumatoid Arthritis,New-onset rheumatoid arthritis,MoBio,Donor 1; Donor 2; Donor 3; Donor 4; Donor 5; Donor 6,Donor,gut metagenome,,New York University Langone Medical Center,SRR12455139,SAMN15823293,Illumina MiSeq,,NYU_RA_299C,Homo sapiens,Rheumatoid Arthritis,Methotrexate,2021-01-11
33440172,Adult,65,18,Year,No,3,Month,USA,cecum; colon; ileum,2014-01,Rheumatoid Arthritis,New-onset rheumatoid arthritis,MoBio,Donor 1; Donor 2; Donor 3; Donor 4; Donor 5; Donor 6,Donor,gut metagenome,,New York University Langone Medical Center,SRR12455141,SAMN15823291,Illumina MiSeq,,NYU_RA_293C,Homo sapiens,Rheumatoid Arthritis,Methotrexate,2021-01-11
33440172,Adult,65,18,Year,No,3,Month,USA,cecum; colon; ileum,2014-01,Rheumatoid Arthritis,New-onset rheumatoid arthritis,MoBio,Donor 1; Donor 2; Donor 3; Donor 4; Donor 5; Donor 6,Donor,gut metagenome,,New York University Langone Medical Center,SRR12455142,SAMN15823290,Illumina MiSeq,,NYU_RA_293B,Homo sapiens,Rheumatoid Arthritis,Methotrexate,2021-01-11
33440172,Adult,65,18,Year,No,3,Month,USA,cecum; colon; ileum,2014-01,Rheumatoid Arthritis,New-onset rheumatoid arthritis,MoBio,Donor 1; Donor 2; Donor 3; Donor 4; Donor 5; Donor 6,Donor,gut metagenome,,New York University Langone Medical Center,SRR12455143,SAMN15823289,Illumina MiSeq,,NYU_RA_283C,Homo sapiens,Rheumatoid Arthritis,Methotrexate,2021-01-11
33440172,Adult,65,18,Year,No,3,Month,USA,cecum; colon; ileum,2014-01,Rheumatoid Arthritis,New-onset rheumatoid arthritis,MoBio,Donor 1; Donor 2; Donor 3; Donor 4; Donor 5; Donor 6,Donor,gut metagenome,,New York University Langone Medical Center,SRR12455146,SAMN15823287,Illumina MiSeq,,NYU_RA_263C,Homo sapiens,Rheumatoid Arthritis,Methotrexate,2021-01-11
33440172,Adult,65,18,Year,No,3,Month,USA,cecum; colon; ileum,2014-01,Rheumatoid Arthritis,New-onset rheumatoid arthritis,MoBio,Donor 1; Donor 2; Donor 3; Donor 4; Donor 5; Donor 6,Donor,gut metagenome,,New York University Langone Medical Center,SRR12455147,SAMN15823286,Illumina MiSeq,,NYU_RA_263B,Homo sapiens,Rheumatoid Arthritis,Methotrexate,2021-01-11
33440172,Adult,65,18,Year,No,3,Month,USA,cecum; colon; ileum,2014-01,Rheumatoid Arthritis,New-onset rheumatoid arthritis,MoBio,Donor 1; Donor 2; Donor 3; Donor 4; Donor 5; Donor 6,Donor,gut metagenome,,New York University Langone Medical Center,SRR12455148,SAMN15823285,Illumina MiSeq,,NYU_RA_215C,Homo sapiens,Rheumatoid Arthritis,Methotrexate,2021-01-11
33440172,Adult,65,18,Year,No,3,Month,USA,cecum; colon; ileum,2014-01,Rheumatoid Arthritis,New-onset rheumatoid arthritis,MoBio,Donor 1; Donor 2; Donor 3; Donor 4; Donor 5; Donor 6,Donor,gut metagenome,,New York University Langone Medical Center,SRR12455150,SAMN15823283,Illumina MiSeq,,NYU_RA_198C,Homo sapiens,Rheumatoid Arthritis,Methotrexate,2021-01-11
33440172,Adult,65,18,Year,No,3,Month,USA,cecum; colon; ileum,2014-01,Rheumatoid Arthritis,New-onset rheumatoid arthritis,MoBio,Donor 1; Donor 2; Donor 3; Donor 4; Donor 5; Donor 6,Donor,gut metagenome,,New York University Langone Medical Center,SRR12455151,SAMN15823282,Illumina MiSeq,,NYU_RA_198B,Homo sapiens,Rheumatoid Arthritis,Methotrexate,2021-01-11
33440172,Adult,65,18,Year,No,3,Month,USA,cecum; colon; ileum,2014-01,Rheumatoid Arthritis,New-onset rheumatoid arthritis,MoBio,Donor 1; Donor 2; Donor 3; Donor 4; Donor 5; Donor 6,Donor,gut metagenome,,New York University Langone Medical Center,SRR12455152,SAMN15823281,Illumina MiSeq,,NYU_RA_172C,Homo sapiens,Rheumatoid Arthritis,Methotrexate,2021-01-11
33440172,Adult,65,18,Year,No,3,Month,USA,cecum; colon; ileum,2014-01,Rheumatoid Arthritis,New-onset rheumatoid arthritis,MoBio,Donor 1; Donor 2; Donor 3; Donor 4; Donor 5; Donor 6,Donor,gut metagenome,,New York University Langone Medical Center,SRR12455156,SAMN15823260,Illumina MiSeq,,NYU_RA_72B,Homo sapiens,Rheumatoid Arthritis,Methotrexate,2021-01-11
33440172,Adult,65,18,Year,No,3,Month,USA,cecum; colon; ileum,2014-01,Rheumatoid Arthritis,New-onset rheumatoid arthritis,MoBio,Donor 1; Donor 2; Donor 3; Donor 4; Donor 5; Donor 6,Donor,gut metagenome,,New York University Langone Medical Center,SRR12455157,SAMN15823277,Illumina MiSeq,,NYU_RA_144C,Homo sapiens,Rheumatoid Arthritis,Methotrexate,2021-01-11
33440172,Adult,65,18,Year,No,3,Month,USA,cecum; colon; ileum,2014-01,Rheumatoid Arthritis,New-onset rheumatoid arthritis,MoBio,Donor 1; Donor 2; Donor 3; Donor 4; Donor 5; Donor 6,Donor,gut metagenome,,New York University Langone Medical Center,SRR12455168,SAMN15823258,Illumina MiSeq,,NYU_RA_5B,Homo sapiens,Rheumatoid Arthritis,Methotrexate,2021-01-11
33440172,Adult,65,18,Year,No,3,Month,USA,cecum; colon; ileum,2014-01,Rheumatoid Arthritis,New-onset rheumatoid arthritis,MoBio,Donor 1; Donor 2; Donor 3; Donor 4; Donor 5; Donor 6,Donor,gut metagenome,,New York University Langone Medical Center,SRR12455507,SAMN15823301,Illumina NovaSeq 6000,,NYU_RA_347C,Homo sapiens,Rheumatoid Arthritis,Methotrexate,2021-01-11
33440172,Adult,65,18,Year,No,3,Month,USA,cecum; colon; ileum,2014-01,Rheumatoid Arthritis,New-onset rheumatoid arthritis,MoBio,Donor 1; Donor 2; Donor 3; Donor 4; Donor 5; Donor 6,Donor,gut metagenome,,New York University Langone Medical Center,SRR12455510,SAMN15823286,Illumina NovaSeq 6000,,NYU_RA_263B,Homo sapiens,Rheumatoid Arthritis,Methotrexate,2021-01-11
33440172,Adult,65,18,Year,No,3,Month,USA,cecum; colon; ileum,2014-01,Rheumatoid Arthritis,New-onset rheumatoid arthritis,MoBio,Donor 1; Donor 2; Donor 3; Donor 4; Donor 5; Donor 6,Donor,gut metagenome,,New York University Langone Medical Center,SRR12455513,SAMN15823267,Illumina NovaSeq 6000,,NYU_RA_90C,Homo sapiens,Rheumatoid Arthritis,Methotrexate,2021-01-11
33440172,Adult,65,18,Year,No,3,Month,USA,cecum; colon; ileum,2014-01,Rheumatoid Arthritis,New-onset rheumatoid arthritis,MoBio,Donor 1; Donor 2; Donor 3; Donor 4; Donor 5; Donor 6,Donor,gut metagenome,,New York University Langone Medical Center,SRR12455514,SAMN15823266,Illumina NovaSeq 6000,,NYU_RA_90B,Homo sapiens,Rheumatoid Arthritis,Methotrexate,2021-01-11
33440172,Adult,65,18,Year,No,3,Month,USA,cecum; colon; ileum,2014-01,Rheumatoid Arthritis,New-onset rheumatoid arthritis,MoBio,Donor 1; Donor 2; Donor 3; Donor 4; Donor 5; Donor 6,Donor,gut metagenome,,New York University Langone Medical Center,SRR12455516,SAMN15823264,Illumina NovaSeq 6000,,NYU_RA_88B,Homo sapiens,Rheumatoid Arthritis,Methotrexate,2021-01-11
33440172,Adult,65,18,Year,No,3,Month,USA,cecum; colon; ileum,2014-01,Rheumatoid Arthritis,New-onset rheumatoid arthritis,MoBio,Donor 1; Donor 2; Donor 3; Donor 4; Donor 5; Donor 6,Donor,gut metagenome,,New York University Langone Medical Center,SRR12455521,SAMN15823294,Illumina NovaSeq 6000,,NYU_RA_317B,Homo sapiens,Rheumatoid Arthritis,Methotrexate,2021-01-11
33440172,Adult,65,18,Year,No,3,Month,USA,cecum; colon; ileum,2014-01,Rheumatoid Arthritis,New-onset rheumatoid arthritis,MoBio,Donor 1; Donor 2; Donor 3; Donor 4; Donor 5; Donor 6,Donor,gut metagenome,,New York University Langone Medical Center,SRR12455522,SAMN15823289,Illumina NovaSeq 6000,,NYU_RA_283C,Homo sapiens,Rheumatoid Arthritis,Methotrexate,2021-01-11
33440172,Adult,65,18,Year,No,3,Month,USA,cecum; colon; ileum,2014-01,Rheumatoid Arthritis,New-onset rheumatoid arthritis,MoBio,Donor 1; Donor 2; Donor 3; Donor 4; Donor 5; Donor 6,Donor,gut metagenome,,New York University Langone Medical Center,SRR12455523,SAMN15823288,Illumina NovaSeq 6000,,NYU_RA_283B,Homo sapiens,Rheumatoid Arthritis,Methotrexate,2021-01-11
33440172,Adult,65,18,Year,No,3,Month,USA,cecum; colon; ileum,2014-01,Rheumatoid Arthritis,New-onset rheumatoid arthritis,MoBio,Donor 1; Donor 2; Donor 3; Donor 4; Donor 5; Donor 6,Donor,gut metagenome,,New York University Langone Medical Center,SRR12455524,SAMN15823275,Illumina NovaSeq 6000,,NYU_RA_140C,Homo sapiens,Rheumatoid Arthritis,Methotrexate,2021-01-11
33440172,Adult,65,18,Year,No,3,Month,USA,cecum; colon; ileum,2014-01,Rheumatoid Arthritis,New-onset rheumatoid arthritis,MoBio,Donor 1; Donor 2; Donor 3; Donor 4; Donor 5; Donor 6,Donor,gut metagenome,,New York University Langone Medical Center,SRR12455527,SAMN15823262,Illumina NovaSeq 6000,,NYU_RA_82B,Homo sapiens,Rheumatoid Arthritis,Methotrexate,2021-01-11
33440172,Adult,65,18,Year,No,3,Month,USA,cecum; colon; ileum,2014-01,Rheumatoid Arthritis,New-onset rheumatoid arthritis,MoBio,Donor 1; Donor 2; Donor 3; Donor 4; Donor 5; Donor 6,Donor,gut metagenome,,New York University Langone Medical Center,SRR12455528,SAMN15823270,Illumina NovaSeq 6000,,NYU_RA_126B,Homo sapiens,Rheumatoid Arthritis,Methotrexate,2021-01-11
33440172,Adult,65,18,Year,No,3,Month,USA,cecum; colon; ileum,2014-01,Rheumatoid Arthritis,New-onset rheumatoid arthritis,MoBio,Donor 1; Donor 2; Donor 3; Donor 4; Donor 5; Donor 6,Donor,gut metagenome,,New York University Langone Medical Center,SRR12455530,SAMN15823260,Illumina NovaSeq 6000,,NYU_RA_72B,Homo sapiens,Rheumatoid Arthritis,Methotrexate,2021-01-11
33440172,Adult,65,18,Year,No,3,Month,USA,cecum; colon; ileum,2014-01,Rheumatoid Arthritis,New-onset rheumatoid arthritis,MoBio,Donor 1; Donor 2; Donor 3; Donor 4; Donor 5; Donor 6,Donor,gut metagenome,,New York University Langone Medical Center,SRR12455532,SAMN15823258,Illumina NovaSeq 6000,,NYU_RA_5B,Homo sapiens,Rheumatoid Arthritis,Methotrexate,2021-01-11
33440172,Adult,65,18,Year,No,3,Month,USA,cecum; colon; ileum,2014-01,Rheumatoid Arthritis,New-onset rheumatoid arthritis,MoBio,Donor 1; Donor 2; Donor 3; Donor 4; Donor 5; Donor 6,Donor,gut metagenome,,New York University Langone Medical Center,SRR12455535,SAMN15823303,Illumina NovaSeq 6000,,NYU_RA_360C,Homo sapiens,Rheumatoid Arthritis,Methotrexate,2021-01-11
33440172,Adult,65,18,Year,No,3,Month,USA,cecum; colon; ileum,2019-10,Rheumatoid Arthritis,New-onset rheumatoid arthritis,MoBio,Donor 1; Donor 2; Donor 3; Donor 4; Donor 5; Donor 6,Donor,gut metagenome,,New York University Langone Medical Center,SRR12455537,SAMN15824363,Illumina NovaSeq 6000,,NYU_RA_356C,Homo sapiens,Rheumatoid Arthritis,Methotrexate,2021-01-11
33440172,Adult,65,18,Year,No,3,Month,USA,cecum; colon; ileum,2014-01,Rheumatoid Arthritis,New-onset rheumatoid arthritis,MoBio,Donor 1; Donor 2; Donor 3; Donor 4; Donor 5; Donor 6,Donor,gut metagenome,,New York University Langone Medical Center,SRR12455540,SAMN15823268,Illumina NovaSeq 6000,,NYU_RA_107B,Homo sapiens,Rheumatoid Arthritis,Methotrexate,2021-01-11
33440172,Adult,65,18,Year,No,3,Month,USA,cecum; colon; ileum,2017-06,Rheumatoid Arthritis,New-onset rheumatoid arthritis,MoBio,Donor 1; Donor 2; Donor 3; Donor 4; Donor 5; Donor 6,Donor,gut metagenome,,New York University Langone Medical Center,SRR12451445,SAMN15814318,Illumina MiSeq,,RRN_rescue_RRN-GNOTO4-5-J2-1-3-feces,mouse,Rheumatoid Arthritis,Methotrexate,2021-01-11
33440172,Adult,65,18,Year,No,3,Month,USA,cecum; colon; ileum,2017-06,Rheumatoid Arthritis,New-onset rheumatoid arthritis,MoBio,Donor 1; Donor 2; Donor 3; Donor 4; Donor 5; Donor 6,Donor,gut metagenome,,New York University Langone Medical Center,SRR12451447,SAMN15814316,Illumina MiSeq,,RRN_rescue_RRN-GNOTO4-5-J1-3-4-feces,mouse,Rheumatoid Arthritis,Methotrexate,2021-01-11
33440172,Adult,65,18,Year,No,3,Month,USA,cecum; colon; ileum,2017-06,Rheumatoid Arthritis,New-onset rheumatoid arthritis,MoBio,Donor 1; Donor 2; Donor 3; Donor 4; Donor 5; Donor 6,Donor,gut metagenome,,New York University Langone Medical Center,SRR12451448,SAMN15814315,Illumina MiSeq,,RRN_rescue_RRN-GNOTO4-5-J1-3-3-feces,mouse,Rheumatoid Arthritis,Methotrexate,2021-01-11
33440172,Adult,65,18,Year,No,3,Month,USA,cecum; colon; ileum,2017-06,Rheumatoid Arthritis,New-onset rheumatoid arthritis,MoBio,Donor 1; Donor 2; Donor 3; Donor 4; Donor 5; Donor 6,Donor,gut metagenome,,New York University Langone Medical Center,SRR12451449,SAMN15814314,Illumina MiSeq,,RRN_rescue_RRN-GNOTO4-5-J1-2-5-feces,mouse,Rheumatoid Arthritis,Methotrexate,2021-01-11
33440172,Adult,65,18,Year,No,3,Month,USA,cecum; colon; ileum,2017-06,Rheumatoid Arthritis,New-onset rheumatoid arthritis,MoBio,Donor 1; Donor 2; Donor 3; Donor 4; Donor 5; Donor 6,Donor,gut metagenome,,New York University Langone Medical Center,SRR12451453,SAMN15814326,Illumina MiSeq,,RRN_rescue_RRN-GNOTO4-5-J2-4-5-feces,mouse,Rheumatoid Arthritis,Methotrexate,2021-01-11
33440172,Adult,65,18,Year,No,3,Month,USA,cecum; colon; ileum,2017-06,Rheumatoid Arthritis,New-onset rheumatoid arthritis,MoBio,Donor 1; Donor 2; Donor 3; Donor 4; Donor 5; Donor 6,Donor,gut metagenome,,New York University Langone Medical Center,SRR12451457,SAMN15814322,Illumina MiSeq,,RRN_rescue_RRN-GNOTO4-5-J2-2-4-feces,mouse,Rheumatoid Arthritis,Methotrexate,2021-01-11
33440172,Adult,65,18,Year,No,3,Month,USA,cecum; colon; ileum,2017-06,Rheumatoid Arthritis,New-onset rheumatoid arthritis,MoBio,Donor 1; Donor 2; Donor 3; Donor 4; Donor 5; Donor 6,Donor,gut metagenome,,New York University Langone Medical Center,SRR12451458,SAMN15814321,Illumina MiSeq,,RRN_rescue_RRN-GNOTO4-5-J2-2-3-feces,mouse,Rheumatoid Arthritis,Methotrexate,2021-01-11
33440172,Adult,65,18,Year,No,3,Month,USA,cecum; colon; ileum,2019-08,Rheumatoid Arthritis,New-onset rheumatoid arthritis,MoBio,Donor 1; Donor 2; Donor 3; Donor 4; Donor 5; Donor 6,Donor,gut metagenome,,New York University Langone Medical Center,SRR12451725,SAMN15815960,Illumina MiSeq,,RRN_individuallyHoused_RRN_gnoto10_28,mouse,Rheumatoid Arthritis,Methotrexate,2021-01-11
33440172,Adult,65,18,Year,No,3,Month,USA,cecum; colon; ileum,2019,Rheumatoid Arthritis,New-onset rheumatoid arthritis,MoBio,Donor 1; Donor 2; Donor 3; Donor 4; Donor 5; Donor 6,Donor,gut metagenome,,New York University Langone Medical Center,SRR12451728,SAMN15816110,Illumina MiSeq,,RRN_FMT_RRN_gnoto8_60,mouse,Rheumatoid Arthritis,Methotrexate,2021-01-11
33440172,Adult,65,18,Year,No,3,Month,USA,cecum; colon; ileum,2019,Rheumatoid Arthritis,New-onset rheumatoid arthritis,MoBio,Donor 1; Donor 2; Donor 3; Donor 4; Donor 5; Donor 6,Donor,gut metagenome,,New York University Langone Medical Center,SRR12451729,SAMN15816109,Illumina MiSeq,,RRN_FMT_RRN_gnoto8_6,mouse,Rheumatoid Arthritis,Methotrexate,2021-01-11
33440172,Adult,65,18,Year,No,3,Month,USA,cecum; colon; ileum,2019,Rheumatoid Arthritis,New-onset rheumatoid arthritis,MoBio,Donor 1; Donor 2; Donor 3; Donor 4; Donor 5; Donor 6,Donor,gut metagenome,,New York University Langone Medical Center,SRR12451732,SAMN15816106,Illumina MiSeq,,RRN_FMT_RRN_gnoto8_57,mouse,Rheumatoid Arthritis,Methotrexate,2021-01-11
33440172,Adult,65,18,Year,No,3,Month,USA,cecum; colon; ileum,2019,Rheumatoid Arthritis,New-onset rheumatoid arthritis,MoBio,Donor 1; Donor 2; Donor 3; Donor 4; Donor 5; Donor 6,Donor,gut metagenome,,New York University Langone Medical Center,SRR12451733,SAMN15816105,Illumina MiSeq,,RRN_FMT_RRN_gnoto8_56,mouse,Rheumatoid Arthritis,Methotrexate,2021-01-11
33440172,Adult,65,18,Year,No,3,Month,USA,cecum; colon; ileum,2019,Rheumatoid Arthritis,New-onset rheumatoid arthritis,MoBio,Donor 1; Donor 2; Donor 3; Donor 4; Donor 5; Donor 6,Donor,gut metagenome,,New York University Langone Medical Center,SRR12451734,SAMN15816104,Illumina MiSeq,,RRN_FMT_RRN_gnoto8_55,mouse,Rheumatoid Arthritis,Methotrexate,2021-01-11
33440172,Adult,65,18,Year,No,3,Month,USA,cecum; colon; ileum,2019,Rheumatoid Arthritis,New-onset rheumatoid arthritis,MoBio,Donor 1; Donor 2; Donor 3; Donor 4; Donor 5; Donor 6,Donor,gut metagenome,,New York University Langone Medical Center,SRR12451737,SAMN15816102,Illumina MiSeq,,RRN_FMT_RRN_gnoto8_53,mouse,Rheumatoid Arthritis,Methotrexate,2021-01-11
33440172,Adult,65,18,Year,No,3,Month,USA,cecum; colon; ileum,2019,Rheumatoid Arthritis,New-onset rheumatoid arthritis,MoBio,Donor 1; Donor 2; Donor 3; Donor 4; Donor 5; Donor 6,Donor,gut metagenome,,New York University Langone Medical Center,SRR12451739,SAMN15816100,Illumina MiSeq,,RRN_FMT_RRN_gnoto8_51,mouse,Rheumatoid Arthritis,Methotrexate,2021-01-11
33440172,Adult,65,18,Year,No,3,Month,USA,cecum; colon; ileum,2019,Rheumatoid Arthritis,New-onset rheumatoid arthritis,MoBio,Donor 1; Donor 2; Donor 3; Donor 4; Donor 5; Donor 6,Donor,gut metagenome,,New York University Langone Medical Center,SRR12451741,SAMN15816098,Illumina MiSeq,,RRN_FMT_RRN_gnoto8_5,mouse,Rheumatoid Arthritis,Methotrexate,2021-01-11
33440172,Adult,65,18,Year,No,3,Month,USA,cecum; colon; ileum,2019,Rheumatoid Arthritis,New-onset rheumatoid arthritis,MoBio,Donor 1; Donor 2; Donor 3; Donor 4; Donor 5; Donor 6,Donor,gut metagenome,,New York University Langone Medical Center,SRR12451744,SAMN15816095,Illumina MiSeq,,RRN_FMT_RRN_gnoto8_47,mouse,Rheumatoid Arthritis,Methotrexate,2021-01-11
33440172,Adult,65,18,Year,No,3,Month,USA,cecum; colon; ileum,2019-08,Rheumatoid Arthritis,New-onset rheumatoid arthritis,MoBio,Donor 1; Donor 2; Donor 3; Donor 4; Donor 5; Donor 6,Donor,gut metagenome,,New York University Langone Medical Center,SRR12451747,SAMN15815958,Illumina MiSeq,,RRN_individuallyHoused_RRN_gnoto10_26,mouse,Rheumatoid Arthritis,Methotrexate,2021-01-11
33440172,Adult,65,18,Year,No,3,Month,USA,cecum; colon; ileum,2019,Rheumatoid Arthritis,New-onset rheumatoid arthritis,MoBio,Donor 1; Donor 2; Donor 3; Donor 4; Donor 5; Donor 6,Donor,gut metagenome,,New York University Langone Medical Center,SRR12451749,SAMN15816091,Illumina MiSeq,,RRN_FMT_RRN_gnoto8_43,mouse,Rheumatoid Arthritis,Methotrexate,2021-01-11
33440172,Adult,65,18,Year,No,3,Month,USA,cecum; colon; ileum,2019,Rheumatoid Arthritis,New-onset rheumatoid arthritis,MoBio,Donor 1; Donor 2; Donor 3; Donor 4; Donor 5; Donor 6,Donor,gut metagenome,,New York University Langone Medical Center,SRR12451750,SAMN15816090,Illumina MiSeq,,RRN_FMT_RRN_gnoto8_42,mouse,Rheumatoid Arthritis,Methotrexate,2021-01-11
33440172,Adult,65,18,Year,No,3,Month,USA,cecum; colon; ileum,2019-08,Rheumatoid Arthritis,New-onset rheumatoid arthritis,MoBio,Donor 1; Donor 2; Donor 3; Donor 4; Donor 5; Donor 6,Donor,gut metagenome,,New York University Langone Medical Center,SRR12451751,SAMN15815951,Illumina MiSeq,,RRN_individuallyHoused_RRN_gnoto10_19,mouse,Rheumatoid Arthritis,Methotrexate,2021-01-11
33440172,Adult,65,18,Year,No,3,Month,USA,cecum; colon; ileum,2018,Rheumatoid Arthritis,New-onset rheumatoid arthritis,MoBio,Donor 1; Donor 2; Donor 3; Donor 4; Donor 5; Donor 6,Donor,gut metagenome,,New York University Langone Medical Center,SRR12451755,SAMN15816019,Illumina MiSeq,,RRN_FMT_RRN_gnoto7_41,mouse,Rheumatoid Arthritis,Methotrexate,2021-01-11
33440172,Adult,65,18,Year,No,3,Month,USA,cecum; colon; ileum,2018,Rheumatoid Arthritis,New-onset rheumatoid arthritis,MoBio,Donor 1; Donor 2; Donor 3; Donor 4; Donor 5; Donor 6,Donor,gut metagenome,,New York University Langone Medical Center,SRR12451756,SAMN15816018,Illumina MiSeq,,RRN_FMT_RRN_gnoto7_4,mouse,Rheumatoid Arthritis,Methotrexate,2021-01-11
33440172,Adult,65,18,Year,No,3,Month,USA,cecum; colon; ileum,2018,Rheumatoid Arthritis,New-onset rheumatoid arthritis,MoBio,Donor 1; Donor 2; Donor 3; Donor 4; Donor 5; Donor 6,Donor,gut metagenome,,New York University Langone Medical Center,SRR12451757,SAMN15816017,Illumina MiSeq,,RRN_FMT_RRN_gnoto7_38,mouse,Rheumatoid Arthritis,Methotrexate,2021-01-11
33440172,Adult,65,18,Year,No,3,Month,USA,cecum; colon; ileum,2018,Rheumatoid Arthritis,New-onset rheumatoid arthritis,MoBio,Donor 1; Donor 2; Donor 3; Donor 4; Donor 5; Donor 6,Donor,gut metagenome,,New York University Langone Medical Center,SRR12451759,SAMN15816015,Illumina MiSeq,,RRN_FMT_RRN_gnoto7_36,mouse,Rheumatoid Arthritis,Methotrexate,2021-01-11
33440172,Adult,65,18,Year,No,3,Month,USA,cecum; colon; ileum,2018,Rheumatoid Arthritis,New-onset rheumatoid arthritis,MoBio,Donor 1; Donor 2; Donor 3; Donor 4; Donor 5; Donor 6,Donor,gut metagenome,,New York University Langone Medical Center,SRR12451760,SAMN15816014,Illumina MiSeq,,RRN_FMT_RRN_gnoto7_35,mouse,Rheumatoid Arthritis,Methotrexate,2021-01-11
33440172,Adult,65,18,Year,No,3,Month,USA,cecum; colon; ileum,2018,Rheumatoid Arthritis,New-onset rheumatoid arthritis,MoBio,Donor 1; Donor 2; Donor 3; Donor 4; Donor 5; Donor 6,Donor,gut metagenome,,New York University Langone Medical Center,SRR12451761,SAMN15816013,Illumina MiSeq,,RRN_FMT_RRN_gnoto7_34,mouse,Rheumatoid Arthritis,Methotrexate,2021-01-11
33440172,Adult,65,18,Year,No,3,Month,USA,cecum; colon; ileum,2018,Rheumatoid Arthritis,New-onset rheumatoid arthritis,MoBio,Donor 1; Donor 2; Donor 3; Donor 4; Donor 5; Donor 6,Donor,gut metagenome,,New York University Langone Medical Center,SRR12451763,SAMN15816012,Illumina MiSeq,,RRN_FMT_RRN_gnoto7_33,mouse,Rheumatoid Arthritis,Methotrexate,2021-01-11
33440172,Adult,65,18,Year,No,3,Month,USA,cecum; colon; ileum,2018,Rheumatoid Arthritis,New-onset rheumatoid arthritis,MoBio,Donor 1; Donor 2; Donor 3; Donor 4; Donor 5; Donor 6,Donor,gut metagenome,,New York University Langone Medical Center,SRR12451764,SAMN15816011,Illumina MiSeq,,RRN_FMT_RRN_gnoto7_30,mouse,Rheumatoid Arthritis,Methotrexate,2021-01-11
33440172,Adult,65,18,Year,No,3,Month,USA,cecum; colon; ileum,2018,Rheumatoid Arthritis,New-onset rheumatoid arthritis,MoBio,Donor 1; Donor 2; Donor 3; Donor 4; Donor 5; Donor 6,Donor,gut metagenome,,New York University Langone Medical Center,SRR12451766,SAMN15816009,Illumina MiSeq,,RRN_FMT_RRN_gnoto7_29,mouse,Rheumatoid Arthritis,Methotrexate,2021-01-11
33440172,Adult,65,18,Year,No,3,Month,USA,cecum; colon; ileum,2018,Rheumatoid Arthritis,New-onset rheumatoid arthritis,MoBio,Donor 1; Donor 2; Donor 3; Donor 4; Donor 5; Donor 6,Donor,gut metagenome,,New York University Langone Medical Center,SRR12451767,SAMN15816008,Illumina MiSeq,,RRN_FMT_RRN_gnoto7_28,mouse,Rheumatoid Arthritis,Methotrexate,2021-01-11
33440172,Adult,65,18,Year,No,3,Month,USA,cecum; colon; ileum,2018,Rheumatoid Arthritis,New-onset rheumatoid arthritis,MoBio,Donor 1; Donor 2; Donor 3; Donor 4; Donor 5; Donor 6,Donor,gut metagenome,,New York University Langone Medical Center,SRR12451769,SAMN15816006,Illumina MiSeq,,RRN_FMT_RRN_gnoto7_26,mouse,Rheumatoid Arthritis,Methotrexate,2021-01-11
33440172,Adult,65,18,Year,No,3,Month,USA,cecum; colon; ileum,2018,Rheumatoid Arthritis,New-onset rheumatoid arthritis,MoBio,Donor 1; Donor 2; Donor 3; Donor 4; Donor 5; Donor 6,Donor,gut metagenome,,New York University Langone Medical Center,SRR12451772,SAMN15816003,Illumina MiSeq,,RRN_FMT_RRN_gnoto7_21,mouse,Rheumatoid Arthritis,Methotrexate,2021-01-11
33440172,Adult,65,18,Year,No,3,Month,USA,cecum; colon; ileum,2018,Rheumatoid Arthritis,New-onset rheumatoid arthritis,MoBio,Donor 1; Donor 2; Donor 3; Donor 4; Donor 5; Donor 6,Donor,gut metagenome,,New York University Langone Medical Center,SRR12451774,SAMN15816002,Illumina MiSeq,,RRN_FMT_RRN_gnoto7_20,mouse,Rheumatoid Arthritis,Methotrexate,2021-01-11
33440172,Adult,65,18,Year,No,3,Month,USA,cecum; colon; ileum,2018,Rheumatoid Arthritis,New-onset rheumatoid arthritis,MoBio,Donor 1; Donor 2; Donor 3; Donor 4; Donor 5; Donor 6,Donor,gut metagenome,,New York University Langone Medical Center,SRR12451778,SAMN15815998,Illumina MiSeq,,RRN_FMT_RRN_gnoto7_17,mouse,Rheumatoid Arthritis,Methotrexate,2021-01-11
33440172,Adult,65,18,Year,No,3,Month,USA,cecum; colon; ileum,2018,Rheumatoid Arthritis,New-onset rheumatoid arthritis,MoBio,Donor 1; Donor 2; Donor 3; Donor 4; Donor 5; Donor 6,Donor,gut metagenome,,New York University Langone Medical Center,SRR12451780,SAMN15815996,Illumina MiSeq,,RRN_FMT_RRN_gnoto7_13,mouse,Rheumatoid Arthritis,Methotrexate,2021-01-11
33440172,Adult,65,18,Year,No,3,Month,USA,cecum; colon; ileum,2018,Rheumatoid Arthritis,New-onset rheumatoid arthritis,MoBio,Donor 1; Donor 2; Donor 3; Donor 4; Donor 5; Donor 6,Donor,gut metagenome,,New York University Langone Medical Center,SRR12451781,SAMN15815995,Illumina MiSeq,,RRN_FMT_RRN_gnoto7_12,mouse,Rheumatoid Arthritis,Methotrexate,2021-01-11
33440172,Adult,65,18,Year,No,3,Month,USA,cecum; colon; ileum,2018,Rheumatoid Arthritis,New-onset rheumatoid arthritis,MoBio,Donor 1; Donor 2; Donor 3; Donor 4; Donor 5; Donor 6,Donor,gut metagenome,,New York University Langone Medical Center,SRR12451782,SAMN15815994,Illumina MiSeq,,RRN_FMT_RRN_gnoto7_11,mouse,Rheumatoid Arthritis,Methotrexate,2021-01-11
33440172,Adult,65,18,Year,No,3,Month,USA,cecum; colon; ileum,2019-08,Rheumatoid Arthritis,New-onset rheumatoid arthritis,MoBio,Donor 1; Donor 2; Donor 3; Donor 4; Donor 5; Donor 6,Donor,gut metagenome,,New York University Langone Medical Center,SRR12451784,SAMN15815948,Illumina MiSeq,,RRN_individuallyHoused_RRN_gnoto10_15,mouse,Rheumatoid Arthritis,Methotrexate,2021-01-11
33440172,Adult,65,18,Year,No,3,Month,USA,cecum; colon; ileum,2018,Rheumatoid Arthritis,New-onset rheumatoid arthritis,MoBio,Donor 1; Donor 2; Donor 3; Donor 4; Donor 5; Donor 6,Donor,gut metagenome,,New York University Langone Medical Center,SRR12451785,SAMN15815992,Illumina MiSeq,,RRN_FMT_RRN_gnoto7_1,mouse,Rheumatoid Arthritis,Methotrexate,2021-01-11
33440172,Adult,65,18,Year,No,3,Month,USA,cecum; colon; ileum,2019-08,Rheumatoid Arthritis,New-onset rheumatoid arthritis,MoBio,Donor 1; Donor 2; Donor 3; Donor 4; Donor 5; Donor 6,Donor,gut metagenome,,New York University Langone Medical Center,SRR12451788,SAMN15815989,Illumina MiSeq,,RRN_individuallyHoused_RRN_gnoto10_6,mouse,Rheumatoid Arthritis,Methotrexate,2021-01-11
33440172,Adult,65,18,Year,No,3,Month,USA,cecum; colon; ileum,2019-08,Rheumatoid Arthritis,New-onset rheumatoid arthritis,MoBio,Donor 1; Donor 2; Donor 3; Donor 4; Donor 5; Donor 6,Donor,gut metagenome,,New York University Langone Medical Center,SRR12451790,SAMN15815987,Illumina MiSeq,,RRN_individuallyHoused_RRN_gnoto10_55,mouse,Rheumatoid Arthritis,Methotrexate,2021-01-11
33440172,Adult,65,18,Year,No,3,Month,USA,cecum; colon; ileum,2019-08,Rheumatoid Arthritis,New-onset rheumatoid arthritis,MoBio,Donor 1; Donor 2; Donor 3; Donor 4; Donor 5; Donor 6,Donor,gut metagenome,,New York University Langone Medical Center,SRR12451792,SAMN15815985,Illumina MiSeq,,RRN_individuallyHoused_RRN_gnoto10_53,mouse,Rheumatoid Arthritis,Methotrexate,2021-01-11
33440172,Adult,65,18,Year,No,3,Month,USA,cecum; colon; ileum,2019-08,Rheumatoid Arthritis,New-onset rheumatoid arthritis,MoBio,Donor 1; Donor 2; Donor 3; Donor 4; Donor 5; Donor 6,Donor,gut metagenome,,New York University Langone Medical Center,SRR12451797,SAMN15815981,Illumina MiSeq,,RRN_individuallyHoused_RRN_gnoto10_5,mouse,Rheumatoid Arthritis,Methotrexate,2021-01-11
33440172,Adult,65,18,Year,No,3,Month,USA,cecum; colon; ileum,2019-08,Rheumatoid Arthritis,New-onset rheumatoid arthritis,MoBio,Donor 1; Donor 2; Donor 3; Donor 4; Donor 5; Donor 6,Donor,gut metagenome,,New York University Langone Medical Center,SRR12451798,SAMN15815980,Illumina MiSeq,,RRN_individuallyHoused_RRN_gnoto10_48,mouse,Rheumatoid Arthritis,Methotrexate,2021-01-11
33440172,Adult,65,18,Year,No,3,Month,USA,cecum; colon; ileum,2018,Rheumatoid Arthritis,New-onset rheumatoid arthritis,MoBio,Donor 1; Donor 2; Donor 3; Donor 4; Donor 5; Donor 6,Donor,gut metagenome,,New York University Langone Medical Center,SRR12451807,SAMN15816039,Illumina MiSeq,,RRN_FMT_RRN_gnoto7_65,mouse,Rheumatoid Arthritis,Methotrexate,2021-01-11
33440172,Adult,65,18,Year,No,3,Month,USA,cecum; colon; ileum,2018,Rheumatoid Arthritis,New-onset rheumatoid arthritis,MoBio,Donor 1; Donor 2; Donor 3; Donor 4; Donor 5; Donor 6,Donor,gut metagenome,,New York University Langone Medical Center,SRR12451810,SAMN15816036,Illumina MiSeq,,RRN_FMT_RRN_gnoto7_60,mouse,Rheumatoid Arthritis,Methotrexate,2021-01-11
33440172,Adult,65,18,Year,No,3,Month,USA,cecum; colon; ileum,2019-08,Rheumatoid Arthritis,New-onset rheumatoid arthritis,MoBio,Donor 1; Donor 2; Donor 3; Donor 4; Donor 5; Donor 6,Donor,gut metagenome,,New York University Langone Medical Center,SRR12451814,SAMN15815952,Illumina MiSeq,,RRN_individuallyHoused_RRN_gnoto10_2,mouse,Rheumatoid Arthritis,Methotrexate,2021-01-11
33440172,Adult,65,18,Year,No,3,Month,USA,cecum; colon; ileum,2018,Rheumatoid Arthritis,New-onset rheumatoid arthritis,MoBio,Donor 1; Donor 2; Donor 3; Donor 4; Donor 5; Donor 6,Donor,gut metagenome,,New York University Langone Medical Center,SRR12451817,SAMN15816030,Illumina MiSeq,,RRN_FMT_RRN_gnoto7_53,mouse,Rheumatoid Arthritis,Methotrexate,2021-01-11
33440172,Adult,65,18,Year,No,3,Month,USA,cecum; colon; ileum,2018,Rheumatoid Arthritis,New-onset rheumatoid arthritis,MoBio,Donor 1; Donor 2; Donor 3; Donor 4; Donor 5; Donor 6,Donor,gut metagenome,,New York University Langone Medical Center,SRR12451818,SAMN15816029,Illumina MiSeq,,RRN_FMT_RRN_gnoto7_52,mouse,Rheumatoid Arthritis,Methotrexate,2021-01-11
33440172,Adult,65,18,Year,No,3,Month,USA,cecum; colon; ileum,2018,Rheumatoid Arthritis,New-onset rheumatoid arthritis,MoBio,Donor 1; Donor 2; Donor 3; Donor 4; Donor 5; Donor 6,Donor,gut metagenome,,New York University Langone Medical Center,SRR12451823,SAMN15816024,Illumina MiSeq,,RRN_FMT_RRN_gnoto7_46,mouse,Rheumatoid Arthritis,Methotrexate,2021-01-11
33440172,Adult,65,18,Year,No,3,Month,USA,cecum; colon; ileum,2018,Rheumatoid Arthritis,New-onset rheumatoid arthritis,MoBio,Donor 1; Donor 2; Donor 3; Donor 4; Donor 5; Donor 6,Donor,gut metagenome,,New York University Langone Medical Center,SRR12451824,SAMN15816023,Illumina MiSeq,,RRN_FMT_RRN_gnoto7_45,mouse,Rheumatoid Arthritis,Methotrexate,2021-01-11
33440172,Adult,65,18,Year,No,3,Month,USA,cecum; colon; ileum,2019-08,Rheumatoid Arthritis,New-onset rheumatoid arthritis,MoBio,Donor 1; Donor 2; Donor 3; Donor 4; Donor 5; Donor 6,Donor,gut metagenome,,New York University Langone Medical Center,SRR12451825,SAMN15815974,Illumina MiSeq,,RRN_individuallyHoused_RRN_gnoto10_42,mouse,Rheumatoid Arthritis,Methotrexate,2021-01-11
33440172,Adult,65,18,Year,No,3,Month,USA,cecum; colon; ileum,2019-08,Rheumatoid Arthritis,New-onset rheumatoid arthritis,MoBio,Donor 1; Donor 2; Donor 3; Donor 4; Donor 5; Donor 6,Donor,gut metagenome,,New York University Langone Medical Center,SRR12451826,SAMN15815973,Illumina MiSeq,,RRN_individuallyHoused_RRN_gnoto10_40,mouse,Rheumatoid Arthritis,Methotrexate,2021-01-11
33440172,Adult,65,18,Year,No,3,Month,USA,cecum; colon; ileum,2019-08,Rheumatoid Arthritis,New-onset rheumatoid arthritis,MoBio,Donor 1; Donor 2; Donor 3; Donor 4; Donor 5; Donor 6,Donor,gut metagenome,,New York University Langone Medical Center,SRR12451829,SAMN15815971,Illumina MiSeq,,RRN_individuallyHoused_RRN_gnoto10_39,mouse,Rheumatoid Arthritis,Methotrexate,2021-01-11
33440172,Adult,65,18,Year,No,3,Month,USA,cecum; colon; ileum,2019-08,Rheumatoid Arthritis,New-onset rheumatoid arthritis,MoBio,Donor 1; Donor 2; Donor 3; Donor 4; Donor 5; Donor 6,Donor,gut metagenome,,New York University Langone Medical Center,SRR12451830,SAMN15815970,Illumina MiSeq,,RRN_individuallyHoused_RRN_gnoto10_38,mouse,Rheumatoid Arthritis,Methotrexate,2021-01-11
33440172,Adult,65,18,Year,No,3,Month,USA,cecum; colon; ileum,2019-08,Rheumatoid Arthritis,New-onset rheumatoid arthritis,MoBio,Donor 1; Donor 2; Donor 3; Donor 4; Donor 5; Donor 6,Donor,gut metagenome,,New York University Langone Medical Center,SRR12451832,SAMN15815968,Illumina MiSeq,,RRN_individuallyHoused_RRN_gnoto10_36,mouse,Rheumatoid Arthritis,Methotrexate,2021-01-11
33440172,Adult,65,18,Year,No,3,Month,USA,cecum; colon; ileum,2019-08,Rheumatoid Arthritis,New-onset rheumatoid arthritis,MoBio,Donor 1; Donor 2; Donor 3; Donor 4; Donor 5; Donor 6,Donor,gut metagenome,,New York University Langone Medical Center,SRR12451836,SAMN15815964,Illumina MiSeq,,RRN_individuallyHoused_RRN_gnoto10_31,mouse,Rheumatoid Arthritis,Methotrexate,2021-01-11
33440172,Adult,65,18,Year,No,3,Month,USA,cecum; colon; ileum,2019-08,Rheumatoid Arthritis,New-onset rheumatoid arthritis,MoBio,Donor 1; Donor 2; Donor 3; Donor 4; Donor 5; Donor 6,Donor,gut metagenome,,New York University Langone Medical Center,SRR12451839,SAMN15815962,Illumina MiSeq,,RRN_individuallyHoused_RRN_gnoto10_3,mouse,Rheumatoid Arthritis,Methotrexate,2021-01-11
33440172,Adult,65,18,Year,No,3,Month,USA,cecum; colon; ileum,2019,Rheumatoid Arthritis,New-onset rheumatoid arthritis,MoBio,Donor 1; Donor 2; Donor 3; Donor 4; Donor 5; Donor 6,Donor,gut metagenome,,New York University Langone Medical Center,SRR12451842,SAMN15816120,Illumina MiSeq,,RRN_FMT_RRN_gnoto8_9,mouse,Rheumatoid Arthritis,Methotrexate,2021-01-11
33440172,Adult,65,18,Year,No,3,Month,USA,cecum; colon; ileum,2019,Rheumatoid Arthritis,New-onset rheumatoid arthritis,MoBio,Donor 1; Donor 2; Donor 3; Donor 4; Donor 5; Donor 6,Donor,gut metagenome,,New York University Langone Medical Center,SRR12451847,SAMN15816115,Illumina MiSeq,,RRN_FMT_RRN_gnoto8_65,mouse,Rheumatoid Arthritis,Methotrexate,2021-01-11
33440172,Adult,65,18,Year,No,3,Month,USA,cecum; colon; ileum,2019,Rheumatoid Arthritis,New-onset rheumatoid arthritis,MoBio,Donor 1; Donor 2; Donor 3; Donor 4; Donor 5; Donor 6,Donor,gut metagenome,,New York University Langone Medical Center,SRR12451850,SAMN15816064,Illumina MiSeq,,RRN_FMT_RRN_gnoto8_19,mouse,Rheumatoid Arthritis,Methotrexate,2021-01-11
33440172,Adult,65,18,Year,No,3,Month,USA,cecum; colon; ileum,2019,Rheumatoid Arthritis,New-onset rheumatoid arthritis,MoBio,Donor 1; Donor 2; Donor 3; Donor 4; Donor 5; Donor 6,Donor,gut metagenome,,New York University Langone Medical Center,SRR12451851,SAMN15816063,Illumina MiSeq,,RRN_FMT_RRN_gnoto8_18,mouse,Rheumatoid Arthritis,Methotrexate,2021-01-11
33440172,Adult,65,18,Year,No,3,Month,USA,cecum; colon; ileum,2019,Rheumatoid Arthritis,New-onset rheumatoid arthritis,MoBio,Donor 1; Donor 2; Donor 3; Donor 4; Donor 5; Donor 6,Donor,gut metagenome,,New York University Langone Medical Center,SRR12451853,SAMN15816062,Illumina MiSeq,,RRN_FMT_RRN_gnoto8_17,mouse,Rheumatoid Arthritis,Methotrexate,2021-01-11
33440172,Adult,65,18,Year,No,3,Month,USA,cecum; colon; ileum,2019,Rheumatoid Arthritis,New-onset rheumatoid arthritis,MoBio,Donor 1; Donor 2; Donor 3; Donor 4; Donor 5; Donor 6,Donor,gut metagenome,,New York University Langone Medical Center,SRR12451855,SAMN15816060,Illumina MiSeq,,RRN_FMT_RRN_gnoto8_15,mouse,Rheumatoid Arthritis,Methotrexate,2021-01-11
33440172,Adult,65,18,Year,No,3,Month,USA,cecum; colon; ileum,2019,Rheumatoid Arthritis,New-onset rheumatoid arthritis,MoBio,Donor 1; Donor 2; Donor 3; Donor 4; Donor 5; Donor 6,Donor,gut metagenome,,New York University Langone Medical Center,SRR12451856,SAMN15816059,Illumina MiSeq,,RRN_FMT_RRN_gnoto8_14,mouse,Rheumatoid Arthritis,Methotrexate,2021-01-11
33440172,Adult,65,18,Year,No,3,Month,USA,cecum; colon; ileum,2018,Rheumatoid Arthritis,New-onset rheumatoid arthritis,MoBio,Donor 1; Donor 2; Donor 3; Donor 4; Donor 5; Donor 6,Donor,gut metagenome,,New York University Langone Medical Center,SRR12451866,SAMN15816050,Illumina MiSeq,,RRN_FMT_RRN_gnoto7_78,mouse,Rheumatoid Arthritis,Methotrexate,2021-01-11
33440172,Adult,65,18,Year,No,3,Month,USA,cecum; colon; ileum,2018,Rheumatoid Arthritis,New-onset rheumatoid arthritis,MoBio,Donor 1; Donor 2; Donor 3; Donor 4; Donor 5; Donor 6,Donor,gut metagenome,,New York University Langone Medical Center,SRR12451871,SAMN15816045,Illumina MiSeq,,RRN_FMT_RRN_gnoto7_73,mouse,Rheumatoid Arthritis,Methotrexate,2021-01-11
33440172,Adult,65,18,Year,No,3,Month,USA,cecum; colon; ileum,2018,Rheumatoid Arthritis,New-onset rheumatoid arthritis,MoBio,Donor 1; Donor 2; Donor 3; Donor 4; Donor 5; Donor 6,Donor,gut metagenome,,New York University Langone Medical Center,SRR12451872,SAMN15816044,Illumina MiSeq,,RRN_FMT_RRN_gnoto7_70,mouse,Rheumatoid Arthritis,Methotrexate,2021-01-11
33440172,Adult,65,18,Year,No,3,Month,USA,cecum; colon; ileum,2018,Rheumatoid Arthritis,New-onset rheumatoid arthritis,MoBio,Donor 1; Donor 2; Donor 3; Donor 4; Donor 5; Donor 6,Donor,gut metagenome,,New York University Langone Medical Center,SRR12451873,SAMN15816043,Illumina MiSeq,,RRN_FMT_RRN_gnoto7_69,mouse,Rheumatoid Arthritis,Methotrexate,2021-01-11
33440172,Adult,65,18,Year,No,3,Month,USA,cecum; colon; ileum,2019,Rheumatoid Arthritis,New-onset rheumatoid arthritis,MoBio,Donor 1; Donor 2; Donor 3; Donor 4; Donor 5; Donor 6,Donor,gut metagenome,,New York University Langone Medical Center,SRR12451877,SAMN15816089,Illumina MiSeq,,RRN_FMT_RRN_gnoto8_41,mouse,Rheumatoid Arthritis,Methotrexate,2021-01-11
33440172,Adult,65,18,Year,No,3,Month,USA,cecum; colon; ileum,2019,Rheumatoid Arthritis,New-onset rheumatoid arthritis,MoBio,Donor 1; Donor 2; Donor 3; Donor 4; Donor 5; Donor 6,Donor,gut metagenome,,New York University Langone Medical Center,SRR12451879,SAMN15816087,Illumina MiSeq,,RRN_FMT_RRN_gnoto8_4,mouse,Rheumatoid Arthritis,Methotrexate,2021-01-11
33440172,Adult,65,18,Year,No,3,Month,USA,cecum; colon; ileum,2019,Rheumatoid Arthritis,New-onset rheumatoid arthritis,MoBio,Donor 1; Donor 2; Donor 3; Donor 4; Donor 5; Donor 6,Donor,gut metagenome,,New York University Langone Medical Center,SRR12451883,SAMN15816083,Illumina MiSeq,,RRN_FMT_RRN_gnoto8_36,mouse,Rheumatoid Arthritis,Methotrexate,2021-01-11
33440172,Adult,65,18,Year,No,3,Month,USA,cecum; colon; ileum,2019,Rheumatoid Arthritis,New-onset rheumatoid arthritis,MoBio,Donor 1; Donor 2; Donor 3; Donor 4; Donor 5; Donor 6,Donor,gut metagenome,,New York University Langone Medical Center,SRR12451887,SAMN15816080,Illumina MiSeq,,RRN_FMT_RRN_gnoto8_33,mouse,Rheumatoid Arthritis,Methotrexate,2021-01-11
33440172,Adult,65,18,Year,No,3,Month,USA,cecum; colon; ileum,2019,Rheumatoid Arthritis,New-onset rheumatoid arthritis,MoBio,Donor 1; Donor 2; Donor 3; Donor 4; Donor 5; Donor 6,Donor,gut metagenome,,New York University Langone Medical Center,SRR12451892,SAMN15816075,Illumina MiSeq,,RRN_FMT_RRN_gnoto8_29,mouse,Rheumatoid Arthritis,Methotrexate,2021-01-11
33440172,Adult,65,18,Year,No,3,Month,USA,cecum; colon; ileum,2019,Rheumatoid Arthritis,New-onset rheumatoid arthritis,MoBio,Donor 1; Donor 2; Donor 3; Donor 4; Donor 5; Donor 6,Donor,gut metagenome,,New York University Langone Medical Center,SRR12451900,SAMN15816068,Illumina MiSeq,,RRN_FMT_RRN_gnoto8_22,mouse,Rheumatoid Arthritis,Methotrexate,2021-01-11
33440172,Adult,65,18,Year,No,3,Month,USA,cecum; colon; ileum,2019,Rheumatoid Arthritis,New-onset rheumatoid arthritis,MoBio,Donor 1; Donor 2; Donor 3; Donor 4; Donor 5; Donor 6,Donor,gut metagenome,,New York University Langone Medical Center,SRR12451901,SAMN15816067,Illumina MiSeq,,RRN_FMT_RRN_gnoto8_21,mouse,Rheumatoid Arthritis,Methotrexate,2021-01-11
33440172,Adult,65,18,Year,No,3,Month,USA,cecum; colon; ileum,2019,Rheumatoid Arthritis,New-onset rheumatoid arthritis,MoBio,Donor 1; Donor 2; Donor 3; Donor 4; Donor 5; Donor 6,Donor,gut metagenome,,New York University Langone Medical Center,SRR12451903,SAMN15816065,Illumina MiSeq,,RRN_FMT_RRN_gnoto8_2,mouse,Rheumatoid Arthritis,Methotrexate,2021-01-11
33440172,Adult,65,18,Year,No,3,Month,USA,cecum; colon; ileum,2017-06,Rheumatoid Arthritis,New-onset rheumatoid arthritis,MoBio,Donor 1; Donor 2; Donor 3; Donor 4; Donor 5; Donor 6,Donor,gut metagenome,,New York University Langone Medical Center,SRR12451940,SAMN15815868,Illumina MiSeq,,RRN_route_RRN-GNOTO4-5-I2-1-3-feces,mouse,Rheumatoid Arthritis,Methotrexate,2021-01-11
33440172,Adult,65,18,Year,No,3,Month,USA,cecum; colon; ileum,2017-06,Rheumatoid Arthritis,New-onset rheumatoid arthritis,MoBio,Donor 1; Donor 2; Donor 3; Donor 4; Donor 5; Donor 6,Donor,gut metagenome,,New York University Langone Medical Center,SRR12451941,SAMN15815867,Illumina MiSeq,,RRN_route_RRN-GNOTO4-5-I1-3-5-feces,mouse,Rheumatoid Arthritis,Methotrexate,2021-01-11
33440172,Adult,65,18,Year,No,3,Month,USA,cecum; colon; ileum,2017-06,Rheumatoid Arthritis,New-onset rheumatoid arthritis,MoBio,Donor 1; Donor 2; Donor 3; Donor 4; Donor 5; Donor 6,Donor,gut metagenome,,New York University Langone Medical Center,SRR12451945,SAMN15815863,Illumina MiSeq,,RRN_route_RRN-GNOTO4-5-I1-2-4-feces,mouse,Rheumatoid Arthritis,Methotrexate,2021-01-11
33440172,Adult,65,18,Year,No,3,Month,USA,cecum; colon; ileum,2017-06,Rheumatoid Arthritis,New-onset rheumatoid arthritis,MoBio,Donor 1; Donor 2; Donor 3; Donor 4; Donor 5; Donor 6,Donor,gut metagenome,,New York University Langone Medical Center,SRR12451946,SAMN15815862,Illumina MiSeq,,RRN_route_RRN-GNOTO4-5-I1-2-3-feces,mouse,Rheumatoid Arthritis,Methotrexate,2021-01-11
33440172,Adult,65,18,Year,No,3,Month,USA,cecum; colon; ileum,2017-06,Rheumatoid Arthritis,New-onset rheumatoid arthritis,MoBio,Donor 1; Donor 2; Donor 3; Donor 4; Donor 5; Donor 6,Donor,gut metagenome,,New York University Langone Medical Center,SRR12451947,SAMN15815861,Illumina MiSeq,,RRN_route_RRN-GNOTO4-5-I1-1-5-feces,mouse,Rheumatoid Arthritis,Methotrexate,2021-01-11
33440172,Adult,65,18,Year,No,3,Month,USA,cecum; colon; ileum,2017-06,Rheumatoid Arthritis,New-onset rheumatoid arthritis,MoBio,Donor 1; Donor 2; Donor 3; Donor 4; Donor 5; Donor 6,Donor,gut metagenome,,New York University Langone Medical Center,SRR12451949,SAMN15815875,Illumina MiSeq,,RRN_route_RRN-GNOTO4-5-I2-3-4-feces,mouse,Rheumatoid Arthritis,Methotrexate,2021-01-11
33440172,Adult,65,18,Year,No,3,Month,USA,cecum; colon; ileum,2017-06,Rheumatoid Arthritis,New-onset rheumatoid arthritis,MoBio,Donor 1; Donor 2; Donor 3; Donor 4; Donor 5; Donor 6,Donor,gut metagenome,,New York University Langone Medical Center,SRR12451951,SAMN15815873,Illumina MiSeq,,RRN_route_RRN-GNOTO4-5-I2-2-5-feces,mouse,Rheumatoid Arthritis,Methotrexate,2021-01-11
33440172,Adult,65,18,Year,No,3,Month,USA,cecum; colon; ileum,2017-06,Rheumatoid Arthritis,New-onset rheumatoid arthritis,MoBio,Donor 1; Donor 2; Donor 3; Donor 4; Donor 5; Donor 6,Donor,gut metagenome,,New York University Langone Medical Center,SRR12451953,SAMN15815871,Illumina MiSeq,,RRN_route_RRN-GNOTO4-5-I2-2-3-feces,mouse,Rheumatoid Arthritis,Methotrexate,2021-01-11
33440172,Adult,65,18,Year,No,3,Month,USA,cecum; colon; ileum,2018-03,Rheumatoid Arthritis,New-onset rheumatoid arthritis,MoBio,Donor 1; Donor 2; Donor 3; Donor 4; Donor 5; Donor 6,Donor,[Clostridium] asparagiforme DSM 15981,,New York University Langone Medical Center,SRR12452150,SAMN15816275,Illumina HiSeq 2500,,RRN_RNAseq_RRN03_S3,Homo sapiens,Rheumatoid Arthritis,Methotrexate,2021-01-11
33440172,Adult,65,18,Year,No,3,Month,USA,cecum; colon; ileum,2018-03,Rheumatoid Arthritis,New-onset rheumatoid arthritis,MoBio,Donor 1; Donor 2; Donor 3; Donor 4; Donor 5; Donor 6,Donor,[Clostridium] asparagiforme DSM 15981,,New York University Langone Medical Center,SRR12452154,SAMN15816271,Illumina HiSeq 2500,,RRN_RNAseq_RN11_S23,Homo sapiens,Rheumatoid Arthritis,Methotrexate,2021-01-11
33440172,Adult,65,18,Year,No,3,Month,USA,cecum; colon; ileum,2018-03,Rheumatoid Arthritis,New-onset rheumatoid arthritis,MoBio,Donor 1; Donor 2; Donor 3; Donor 4; Donor 5; Donor 6,Donor,[Clostridium] symbiosum,,New York University Langone Medical Center,SRR12452156,SAMN15816301,Illumina HiSeq 2500,,RRN_RNAseq_RRN59_S35,Homo sapiens,Rheumatoid Arthritis,Methotrexate,2021-01-11
33440172,Adult,65,18,Year,No,3,Month,USA,cecum; colon; ileum,2018-03,Rheumatoid Arthritis,New-onset rheumatoid arthritis,MoBio,Donor 1; Donor 2; Donor 3; Donor 4; Donor 5; Donor 6,Donor,Clostridium sporogenes,,New York University Langone Medical Center,SRR12452165,SAMN15816293,Illumina HiSeq 2500,,RRN_RNAseq_RRN51_S27,Homo sapiens,Rheumatoid Arthritis,Methotrexate,2021-01-11
33440172,Adult,65,18,Year,No,3,Month,USA,cecum; colon; ileum,2018-03,Rheumatoid Arthritis,New-onset rheumatoid arthritis,MoBio,Donor 1; Donor 2; Donor 3; Donor 4; Donor 5; Donor 6,Donor,Clostridium sporogenes,,New York University Langone Medical Center,SRR12452166,SAMN15816292,Illumina HiSeq 2500,,RRN_RNAseq_RRN50_S26,Homo sapiens,Rheumatoid Arthritis,Methotrexate,2021-01-11
33440172,Adult,65,18,Year,No,3,Month,USA,cecum; colon; ileum,2018-03,Rheumatoid Arthritis,New-onset rheumatoid arthritis,MoBio,Donor 1; Donor 2; Donor 3; Donor 4; Donor 5; Donor 6,Donor,Bacteroides thetaiotaomicron,,New York University Langone Medical Center,SRR12452169,SAMN15816289,Illumina HiSeq 2500,,RRN_RNAseq_RRN29_S23,Homo sapiens,Rheumatoid Arthritis,Methotrexate,2021-01-11
33440172,Adult,65,18,Year,No,3,Month,USA,cecum; colon; ileum,2018-03,Rheumatoid Arthritis,New-onset rheumatoid arthritis,MoBio,Donor 1; Donor 2; Donor 3; Donor 4; Donor 5; Donor 6,Donor,[Clostridium] asparagiforme DSM 15981,,New York University Langone Medical Center,SRR12452172,SAMN15816269,Illumina HiSeq 2500,,RRN_RNAseq_RN09_S21,Homo sapiens,Rheumatoid Arthritis,Methotrexate,2021-01-11
33440172,Adult,65,18,Year,No,3,Month,USA,cecum; colon; ileum,2018-03,Rheumatoid Arthritis,New-onset rheumatoid arthritis,MoBio,Donor 1; Donor 2; Donor 3; Donor 4; Donor 5; Donor 6,Donor,[Clostridium] asparagiforme DSM 15981,,New York University Langone Medical Center,SRR12452175,SAMN15816284,Illumina HiSeq 2500,,RRN_RNAseq_RRN12_S12,Homo sapiens,Rheumatoid Arthritis,Methotrexate,2021-01-11
33440172,Adult,65,18,Year,No,3,Month,USA,cecum; colon; ileum,2018-03,Rheumatoid Arthritis,New-onset rheumatoid arthritis,MoBio,Donor 1; Donor 2; Donor 3; Donor 4; Donor 5; Donor 6,Donor,[Clostridium] asparagiforme DSM 15981,,New York University Langone Medical Center,SRR12452176,SAMN15816283,Illumina HiSeq 2500,,RRN_RNAseq_RRN11_S11,Homo sapiens,Rheumatoid Arthritis,Methotrexate,2021-01-11
33440172,Adult,65,18,Year,No,3,Month,USA,cecum; colon; ileum,2018-03,Rheumatoid Arthritis,New-onset rheumatoid arthritis,MoBio,Donor 1; Donor 2; Donor 3; Donor 4; Donor 5; Donor 6,Donor,[Clostridium] asparagiforme DSM 15981,,New York University Langone Medical Center,SRR12452178,SAMN15816281,Illumina HiSeq 2500,,RRN_RNAseq_RRN09_S9,Homo sapiens,Rheumatoid Arthritis,Methotrexate,2021-01-11
33440172,Adult,65,18,Year,No,3,Month,USA,cecum; colon; ileum,2018-03,Rheumatoid Arthritis,New-onset rheumatoid arthritis,MoBio,Donor 1; Donor 2; Donor 3; Donor 4; Donor 5; Donor 6,Donor,[Clostridium] asparagiforme DSM 15981,,New York University Langone Medical Center,SRR12452184,SAMN15816267,Illumina HiSeq 2500,,RRN_RNAseq_RN07_S19,Homo sapiens,Rheumatoid Arthritis,Methotrexate,2021-01-11
33440172,Adult,65,18,Year,No,3,Month,USA,cecum; colon; ileum,2019-06,Rheumatoid Arthritis,New-onset rheumatoid arthritis,MoBio,Donor 1; Donor 2; Donor 3; Donor 4; Donor 5; Donor 6,Donor,gut metagenome,,New York University Langone Medical Center,SRR12454622,SAMN15822836,Illumina MiSeq,,RRN_RAexVivo_RAexVivo_sample1,Homo sapiens,Rheumatoid Arthritis,Methotrexate,2021-01-11
33440172,Adult,65,18,Year,No,3,Month,USA,cecum; colon; ileum,2019,Rheumatoid Arthritis,New-onset rheumatoid arthritis,MoBio,Donor 1; Donor 2; Donor 3; Donor 4; Donor 5; Donor 6,Donor,gut metagenome,,New York University Langone Medical Center,SRR12454626,SAMN15822932,Illumina MiSeq,,RRN_FMT_RRN_gnoto9_59,mouse,Rheumatoid Arthritis,Methotrexate,2021-01-11
33440172,Adult,65,18,Year,No,3,Month,USA,cecum; colon; ileum,2019,Rheumatoid Arthritis,New-onset rheumatoid arthritis,MoBio,Donor 1; Donor 2; Donor 3; Donor 4; Donor 5; Donor 6,Donor,gut metagenome,,New York University Langone Medical Center,SRR12454629,SAMN15822929,Illumina MiSeq,,RRN_FMT_RRN_gnoto9_51,mouse,Rheumatoid Arthritis,Methotrexate,2021-01-11
33440172,Adult,65,18,Year,No,3,Month,USA,cecum; colon; ileum,2019,Rheumatoid Arthritis,New-onset rheumatoid arthritis,MoBio,Donor 1; Donor 2; Donor 3; Donor 4; Donor 5; Donor 6,Donor,gut metagenome,,New York University Langone Medical Center,SRR12454630,SAMN15822928,Illumina MiSeq,,RRN_FMT_RRN_gnoto9_5,mouse,Rheumatoid Arthritis,Methotrexate,2021-01-11
33440172,Adult,65,18,Year,No,3,Month,USA,cecum; colon; ileum,2019,Rheumatoid Arthritis,New-onset rheumatoid arthritis,MoBio,Donor 1; Donor 2; Donor 3; Donor 4; Donor 5; Donor 6,Donor,gut metagenome,,New York University Langone Medical Center,SRR12454632,SAMN15822926,Illumina MiSeq,,RRN_FMT_RRN_gnoto9_47,mouse,Rheumatoid Arthritis,Methotrexate,2021-01-11
33440172,Adult,65,18,Year,No,3,Month,USA,cecum; colon; ileum,2019,Rheumatoid Arthritis,New-onset rheumatoid arthritis,MoBio,Donor 1; Donor 2; Donor 3; Donor 4; Donor 5; Donor 6,Donor,gut metagenome,,New York University Langone Medical Center,SRR12454637,SAMN15822922,Illumina MiSeq,,RRN_FMT_RRN_gnoto9_43,mouse,Rheumatoid Arthritis,Methotrexate,2021-01-11
33440172,Adult,65,18,Year,No,3,Month,USA,cecum; colon; ileum,2019,Rheumatoid Arthritis,New-onset rheumatoid arthritis,MoBio,Donor 1; Donor 2; Donor 3; Donor 4; Donor 5; Donor 6,Donor,gut metagenome,,New York University Langone Medical Center,SRR12454639,SAMN15822920,Illumina MiSeq,,RRN_FMT_RRN_gnoto9_4,mouse,Rheumatoid Arthritis,Methotrexate,2021-01-11
33440172,Adult,65,18,Year,No,3,Month,USA,cecum; colon; ileum,2019,Rheumatoid Arthritis,New-onset rheumatoid arthritis,MoBio,Donor 1; Donor 2; Donor 3; Donor 4; Donor 5; Donor 6,Donor,gut metagenome,,New York University Langone Medical Center,SRR12454641,SAMN15822918,Illumina MiSeq,,RRN_FMT_RRN_gnoto9_38,mouse,Rheumatoid Arthritis,Methotrexate,2021-01-11
33440172,Adult,65,18,Year,No,3,Month,USA,cecum; colon; ileum,2019,Rheumatoid Arthritis,New-onset rheumatoid arthritis,MoBio,Donor 1; Donor 2; Donor 3; Donor 4; Donor 5; Donor 6,Donor,gut metagenome,,New York University Langone Medical Center,SRR12454643,SAMN15822916,Illumina MiSeq,,RRN_FMT_RRN_gnoto9_36,mouse,Rheumatoid Arthritis,Methotrexate,2021-01-11
33440172,Adult,65,18,Year,No,3,Month,USA,cecum; colon; ileum,2019,Rheumatoid Arthritis,New-onset rheumatoid arthritis,MoBio,Donor 1; Donor 2; Donor 3; Donor 4; Donor 5; Donor 6,Donor,gut metagenome,,New York University Langone Medical Center,SRR12454648,SAMN15822912,Illumina MiSeq,,RRN_FMT_RRN_gnoto9_29,mouse,Rheumatoid Arthritis,Methotrexate,2021-01-11
33440172,Adult,65,18,Year,No,3,Month,USA,cecum; colon; ileum,2019,Rheumatoid Arthritis,New-onset rheumatoid arthritis,MoBio,Donor 1; Donor 2; Donor 3; Donor 4; Donor 5; Donor 6,Donor,gut metagenome,,New York University Langone Medical Center,SRR12454652,SAMN15822908,Illumina MiSeq,,RRN_FMT_RRN_gnoto9_23,mouse,Rheumatoid Arthritis,Methotrexate,2021-01-11
33440172,Adult,65,18,Year,No,3,Month,USA,cecum; colon; ileum,2019-06,Rheumatoid Arthritis,New-onset rheumatoid arthritis,MoBio,Donor 1; Donor 2; Donor 3; Donor 4; Donor 5; Donor 6,Donor,gut metagenome,,New York University Langone Medical Center,SRR12454655,SAMN15822843,Illumina MiSeq,,RRN_RAexVivo_RAexVivo_sample16,Homo sapiens,Rheumatoid Arthritis,Methotrexate,2021-01-11
33440172,Adult,65,18,Year,No,3,Month,USA,cecum; colon; ileum,2019,Rheumatoid Arthritis,New-onset rheumatoid arthritis,MoBio,Donor 1; Donor 2; Donor 3; Donor 4; Donor 5; Donor 6,Donor,gut metagenome,,New York University Langone Medical Center,SRR12454657,SAMN15822904,Illumina MiSeq,,RRN_FMT_RRN_gnoto9_16,mouse,Rheumatoid Arthritis,Methotrexate,2021-01-11
33440172,Adult,65,18,Year,No,3,Month,USA,cecum; colon; ileum,2019,Rheumatoid Arthritis,New-onset rheumatoid arthritis,MoBio,Donor 1; Donor 2; Donor 3; Donor 4; Donor 5; Donor 6,Donor,gut metagenome,,New York University Langone Medical Center,SRR12454659,SAMN15822902,Illumina MiSeq,,RRN_FMT_RRN_gnoto9_14,mouse,Rheumatoid Arthritis,Methotrexate,2021-01-11
33440172,Adult,65,18,Year,No,3,Month,USA,cecum; colon; ileum,2019-06,Rheumatoid Arthritis,New-onset rheumatoid arthritis,MoBio,Donor 1; Donor 2; Donor 3; Donor 4; Donor 5; Donor 6,Donor,gut metagenome,,New York University Langone Medical Center,SRR12454664,SAMN15822897,Illumina MiSeq,,RRN_RAexVivo_RAexVivo_sample95,Homo sapiens,Rheumatoid Arthritis,Methotrexate,2021-01-11
33440172,Adult,65,18,Year,No,3,Month,USA,cecum; colon; ileum,2019-06,Rheumatoid Arthritis,New-onset rheumatoid arthritis,MoBio,Donor 1; Donor 2; Donor 3; Donor 4; Donor 5; Donor 6,Donor,gut metagenome,,New York University Langone Medical Center,SRR12454665,SAMN15822896,Illumina MiSeq,,RRN_RAexVivo_RAexVivo_sample94,Homo sapiens,Rheumatoid Arthritis,Methotrexate,2021-01-11
33440172,Adult,65,18,Year,No,3,Month,USA,cecum; colon; ileum,2019-06,Rheumatoid Arthritis,New-onset rheumatoid arthritis,MoBio,Donor 1; Donor 2; Donor 3; Donor 4; Donor 5; Donor 6,Donor,gut metagenome,,New York University Langone Medical Center,SRR12454666,SAMN15822842,Illumina MiSeq,,RRN_RAexVivo_RAexVivo_sample15,Homo sapiens,Rheumatoid Arthritis,Methotrexate,2021-01-11
33440172,Adult,65,18,Year,No,3,Month,USA,cecum; colon; ileum,2019-06,Rheumatoid Arthritis,New-onset rheumatoid arthritis,MoBio,Donor 1; Donor 2; Donor 3; Donor 4; Donor 5; Donor 6,Donor,gut metagenome,,New York University Langone Medical Center,SRR12454674,SAMN15822888,Illumina MiSeq,,RRN_RAexVivo_RAexVivo_sample87,Homo sapiens,Rheumatoid Arthritis,Methotrexate,2021-01-11
33440172,Adult,65,18,Year,No,3,Month,USA,cecum; colon; ileum,2019-06,Rheumatoid Arthritis,New-onset rheumatoid arthritis,MoBio,Donor 1; Donor 2; Donor 3; Donor 4; Donor 5; Donor 6,Donor,gut metagenome,,New York University Langone Medical Center,SRR12454675,SAMN15822887,Illumina MiSeq,,RRN_RAexVivo_RAexVivo_sample86,Homo sapiens,Rheumatoid Arthritis,Methotrexate,2021-01-11
33440172,Adult,65,18,Year,No,3,Month,USA,cecum; colon; ileum,2019-06,Rheumatoid Arthritis,New-onset rheumatoid arthritis,MoBio,Donor 1; Donor 2; Donor 3; Donor 4; Donor 5; Donor 6,Donor,gut metagenome,,New York University Langone Medical Center,SRR12454677,SAMN15822841,Illumina MiSeq,,RRN_RAexVivo_RAexVivo_sample14,Homo sapiens,Rheumatoid Arthritis,Methotrexate,2021-01-11
33440172,Adult,65,18,Year,No,3,Month,USA,cecum; colon; ileum,2019-06,Rheumatoid Arthritis,New-onset rheumatoid arthritis,MoBio,Donor 1; Donor 2; Donor 3; Donor 4; Donor 5; Donor 6,Donor,gut metagenome,,New York University Langone Medical Center,SRR12454682,SAMN15822881,Illumina MiSeq,,RRN_RAexVivo_RAexVivo_sample80,Homo sapiens,Rheumatoid Arthritis,Methotrexate,2021-01-11
33440172,Adult,65,18,Year,No,3,Month,USA,cecum; colon; ileum,2019-06,Rheumatoid Arthritis,New-onset rheumatoid arthritis,MoBio,Donor 1; Donor 2; Donor 3; Donor 4; Donor 5; Donor 6,Donor,gut metagenome,,New York University Langone Medical Center,SRR12454684,SAMN15822879,Illumina MiSeq,,RRN_RAexVivo_RAexVivo_sample79,Homo sapiens,Rheumatoid Arthritis,Methotrexate,2021-01-11
33440172,Adult,65,18,Year,No,3,Month,USA,cecum; colon; ileum,2019-06,Rheumatoid Arthritis,New-onset rheumatoid arthritis,MoBio,Donor 1; Donor 2; Donor 3; Donor 4; Donor 5; Donor 6,Donor,gut metagenome,,New York University Langone Medical Center,SRR12454686,SAMN15822877,Illumina MiSeq,,RRN_RAexVivo_RAexVivo_sample77,Homo sapiens,Rheumatoid Arthritis,Methotrexate,2021-01-11
33440172,Adult,65,18,Year,No,3,Month,USA,cecum; colon; ileum,2019-06,Rheumatoid Arthritis,New-onset rheumatoid arthritis,MoBio,Donor 1; Donor 2; Donor 3; Donor 4; Donor 5; Donor 6,Donor,gut metagenome,,New York University Langone Medical Center,SRR12454688,SAMN15822840,Illumina MiSeq,,RRN_RAexVivo_RAexVivo_sample13,Homo sapiens,Rheumatoid Arthritis,Methotrexate,2021-01-11
33440172,Adult,65,18,Year,No,3,Month,USA,cecum; colon; ileum,2019-06,Rheumatoid Arthritis,New-onset rheumatoid arthritis,MoBio,Donor 1; Donor 2; Donor 3; Donor 4; Donor 5; Donor 6,Donor,gut metagenome,,New York University Langone Medical Center,SRR12454693,SAMN15822871,Illumina MiSeq,,RRN_RAexVivo_RAexVivo_sample70,Homo sapiens,Rheumatoid Arthritis,Methotrexate,2021-01-11
33440172,Adult,65,18,Year,No,3,Month,USA,cecum; colon; ileum,2019-06,Rheumatoid Arthritis,New-onset rheumatoid arthritis,MoBio,Donor 1; Donor 2; Donor 3; Donor 4; Donor 5; Donor 6,Donor,gut metagenome,,New York University Langone Medical Center,SRR12454694,SAMN15822870,Illumina MiSeq,,RRN_RAexVivo_RAexVivo_sample7,Homo sapiens,Rheumatoid Arthritis,Methotrexate,2021-01-11
33440172,Adult,65,18,Year,No,3,Month,USA,cecum; colon; ileum,2019-06,Rheumatoid Arthritis,New-onset rheumatoid arthritis,MoBio,Donor 1; Donor 2; Donor 3; Donor 4; Donor 5; Donor 6,Donor,gut metagenome,,New York University Langone Medical Center,SRR12454696,SAMN15822868,Illumina MiSeq,,RRN_RAexVivo_RAexVivo_sample68,Homo sapiens,Rheumatoid Arthritis,Methotrexate,2021-01-11
33440172,Adult,65,18,Year,No,3,Month,USA,cecum; colon; ileum,2019-06,Rheumatoid Arthritis,New-onset rheumatoid arthritis,MoBio,Donor 1; Donor 2; Donor 3; Donor 4; Donor 5; Donor 6,Donor,gut metagenome,,New York University Langone Medical Center,SRR12454697,SAMN15822867,Illumina MiSeq,,RRN_RAexVivo_RAexVivo_sample67,Homo sapiens,Rheumatoid Arthritis,Methotrexate,2021-01-11
33440172,Adult,65,18,Year,No,3,Month,USA,cecum; colon; ileum,2019-06,Rheumatoid Arthritis,New-onset rheumatoid arthritis,MoBio,Donor 1; Donor 2; Donor 3; Donor 4; Donor 5; Donor 6,Donor,gut metagenome,,New York University Langone Medical Center,SRR12454698,SAMN15822866,Illumina MiSeq,,RRN_RAexVivo_RAexVivo_sample66,Homo sapiens,Rheumatoid Arthritis,Methotrexate,2021-01-11
33440172,Adult,65,18,Year,No,3,Month,USA,cecum; colon; ileum,2019-06,Rheumatoid Arthritis,New-onset rheumatoid arthritis,MoBio,Donor 1; Donor 2; Donor 3; Donor 4; Donor 5; Donor 6,Donor,gut metagenome,,New York University Langone Medical Center,SRR12454700,SAMN15822865,Illumina MiSeq,,RRN_RAexVivo_RAexVivo_sample65,Homo sapiens,Rheumatoid Arthritis,Methotrexate,2021-01-11
33440172,Adult,65,18,Year,No,3,Month,USA,cecum; colon; ileum,2019-06,Rheumatoid Arthritis,New-onset rheumatoid arthritis,MoBio,Donor 1; Donor 2; Donor 3; Donor 4; Donor 5; Donor 6,Donor,gut metagenome,,New York University Langone Medical Center,SRR12454703,SAMN15822862,Illumina MiSeq,,RRN_RAexVivo_RAexVivo_sample4,Homo sapiens,Rheumatoid Arthritis,Methotrexate,2021-01-11
33440172,Adult,65,18,Year,No,3,Month,USA,cecum; colon; ileum,2019-06,Rheumatoid Arthritis,New-onset rheumatoid arthritis,MoBio,Donor 1; Donor 2; Donor 3; Donor 4; Donor 5; Donor 6,Donor,gut metagenome,,New York University Langone Medical Center,SRR12454704,SAMN15822861,Illumina MiSeq,,RRN_RAexVivo_RAexVivo_sample32,Homo sapiens,Rheumatoid Arthritis,Methotrexate,2021-01-11
33440172,Adult,65,18,Year,No,3,Month,USA,cecum; colon; ileum,2019-06,Rheumatoid Arthritis,New-onset rheumatoid arthritis,MoBio,Donor 1; Donor 2; Donor 3; Donor 4; Donor 5; Donor 6,Donor,gut metagenome,,New York University Langone Medical Center,SRR12454707,SAMN15822858,Illumina MiSeq,,RRN_RAexVivo_RAexVivo_sample3,Homo sapiens,Rheumatoid Arthritis,Methotrexate,2021-01-11
33440172,Adult,65,18,Year,No,3,Month,USA,cecum; colon; ileum,2019-06,Rheumatoid Arthritis,New-onset rheumatoid arthritis,MoBio,Donor 1; Donor 2; Donor 3; Donor 4; Donor 5; Donor 6,Donor,gut metagenome,,New York University Langone Medical Center,SRR12454714,SAMN15822852,Illumina MiSeq,,RRN_RAexVivo_RAexVivo_sample24,Homo sapiens,Rheumatoid Arthritis,Methotrexate,2021-01-11
33440172,Adult,65,18,Year,No,3,Month,USA,cecum; colon; ileum,2019-06,Rheumatoid Arthritis,New-onset rheumatoid arthritis,MoBio,Donor 1; Donor 2; Donor 3; Donor 4; Donor 5; Donor 6,Donor,gut metagenome,,New York University Langone Medical Center,SRR12454716,SAMN15822850,Illumina MiSeq,,RRN_RAexVivo_RAexVivo_sample22,Homo sapiens,Rheumatoid Arthritis,Methotrexate,2021-01-11
33440172,Adult,65,18,Year,No,3,Month,USA,cecum; colon; ileum,2019-06,Rheumatoid Arthritis,New-onset rheumatoid arthritis,MoBio,Donor 1; Donor 2; Donor 3; Donor 4; Donor 5; Donor 6,Donor,gut metagenome,,New York University Langone Medical Center,SRR12454717,SAMN15822849,Illumina MiSeq,,RRN_RAexVivo_RAexVivo_sample21,Homo sapiens,Rheumatoid Arthritis,Methotrexate,2021-01-11
33440172,Adult,65,18,Year,No,3,Month,USA,cecum; colon; ileum,2014-01,Rheumatoid Arthritis,New-onset rheumatoid arthritis,MoBio,Donor 1; Donor 2; Donor 3; Donor 4; Donor 5; Donor 6,Donor,gut metagenome,,New York University Langone Medical Center,SRR12455128,SAMN15823303,Illumina MiSeq,,NYU_RA_360C,Homo sapiens,Rheumatoid Arthritis,Methotrexate,2021-01-11
33440172,Adult,65,18,Year,No,3,Month,USA,cecum; colon; ileum,2014-01,Rheumatoid Arthritis,New-onset rheumatoid arthritis,MoBio,Donor 1; Donor 2; Donor 3; Donor 4; Donor 5; Donor 6,Donor,gut metagenome,,New York University Langone Medical Center,SRR12455129,SAMN15823302,Illumina MiSeq,,NYU_RA_360B,Homo sapiens,Rheumatoid Arthritis,Methotrexate,2021-01-11
33440172,Adult,65,18,Year,No,3,Month,USA,cecum; colon; ileum,2014-01,Rheumatoid Arthritis,New-onset rheumatoid arthritis,MoBio,Donor 1; Donor 2; Donor 3; Donor 4; Donor 5; Donor 6,Donor,gut metagenome,,New York University Langone Medical Center,SRR12455130,SAMN15823301,Illumina MiSeq,,NYU_RA_347C,Homo sapiens,Rheumatoid Arthritis,Methotrexate,2021-01-11
33440172,Adult,65,18,Year,No,3,Month,USA,cecum; colon; ileum,2014-01,Rheumatoid Arthritis,New-onset rheumatoid arthritis,MoBio,Donor 1; Donor 2; Donor 3; Donor 4; Donor 5; Donor 6,Donor,gut metagenome,,New York University Langone Medical Center,SRR12455137,SAMN15823295,Illumina MiSeq,,NYU_RA_317C,Homo sapiens,Rheumatoid Arthritis,Methotrexate,2021-01-11
33440172,Adult,65,18,Year,No,3,Month,USA,cecum; colon; ileum,2014-01,Rheumatoid Arthritis,New-onset rheumatoid arthritis,MoBio,Donor 1; Donor 2; Donor 3; Donor 4; Donor 5; Donor 6,Donor,gut metagenome,,New York University Langone Medical Center,SRR12455144,SAMN15823288,Illumina MiSeq,,NYU_RA_283B,Homo sapiens,Rheumatoid Arthritis,Methotrexate,2021-01-11
33440172,Adult,65,18,Year,No,3,Month,USA,cecum; colon; ileum,2014-01,Rheumatoid Arthritis,New-onset rheumatoid arthritis,MoBio,Donor 1; Donor 2; Donor 3; Donor 4; Donor 5; Donor 6,Donor,gut metagenome,,New York University Langone Medical Center,SRR12455145,SAMN15823261,Illumina MiSeq,,NYU_RA_72C,Homo sapiens,Rheumatoid Arthritis,Methotrexate,2021-01-11
33440172,Adult,65,18,Year,No,3,Month,USA,cecum; colon; ileum,2014-01,Rheumatoid Arthritis,New-onset rheumatoid arthritis,MoBio,Donor 1; Donor 2; Donor 3; Donor 4; Donor 5; Donor 6,Donor,gut metagenome,,New York University Langone Medical Center,SRR12455149,SAMN15823284,Illumina MiSeq,,NYU_RA_215B,Homo sapiens,Rheumatoid Arthritis,Methotrexate,2021-01-11
33440172,Adult,65,18,Year,No,3,Month,USA,cecum; colon; ileum,2014-01,Rheumatoid Arthritis,New-onset rheumatoid arthritis,MoBio,Donor 1; Donor 2; Donor 3; Donor 4; Donor 5; Donor 6,Donor,gut metagenome,,New York University Langone Medical Center,SRR12455154,SAMN15823279,Illumina MiSeq,,NYU_RA_170C,Homo sapiens,Rheumatoid Arthritis,Methotrexate,2021-01-11
33440172,Adult,65,18,Year,No,3,Month,USA,cecum; colon; ileum,2014-01,Rheumatoid Arthritis,New-onset rheumatoid arthritis,MoBio,Donor 1; Donor 2; Donor 3; Donor 4; Donor 5; Donor 6,Donor,gut metagenome,,New York University Langone Medical Center,SRR12455155,SAMN15823278,Illumina MiSeq,,NYU_RA_170B,Homo sapiens,Rheumatoid Arthritis,Methotrexate,2021-01-11
33440172,Adult,65,18,Year,No,3,Month,USA,cecum; colon; ileum,2014-01,Rheumatoid Arthritis,New-onset rheumatoid arthritis,MoBio,Donor 1; Donor 2; Donor 3; Donor 4; Donor 5; Donor 6,Donor,gut metagenome,,New York University Langone Medical Center,SRR12455158,SAMN15823276,Illumina MiSeq,,NYU_RA_144B,Homo sapiens,Rheumatoid Arthritis,Methotrexate,2021-01-11
33440172,Adult,65,18,Year,No,3,Month,USA,cecum; colon; ileum,2014-01,Rheumatoid Arthritis,New-onset rheumatoid arthritis,MoBio,Donor 1; Donor 2; Donor 3; Donor 4; Donor 5; Donor 6,Donor,gut metagenome,,New York University Langone Medical Center,SRR12455159,SAMN15823275,Illumina MiSeq,,NYU_RA_140C,Homo sapiens,Rheumatoid Arthritis,Methotrexate,2021-01-11
33440172,Adult,65,18,Year,No,3,Month,USA,cecum; colon; ileum,2014-01,Rheumatoid Arthritis,New-onset rheumatoid arthritis,MoBio,Donor 1; Donor 2; Donor 3; Donor 4; Donor 5; Donor 6,Donor,gut metagenome,,New York University Langone Medical Center,SRR12455161,SAMN15823273,Illumina MiSeq,,NYU_RA_128C,Homo sapiens,Rheumatoid Arthritis,Methotrexate,2021-01-11
33440172,Adult,65,18,Year,No,3,Month,USA,cecum; colon; ileum,2014-01,Rheumatoid Arthritis,New-onset rheumatoid arthritis,MoBio,Donor 1; Donor 2; Donor 3; Donor 4; Donor 5; Donor 6,Donor,gut metagenome,,New York University Langone Medical Center,SRR12455162,SAMN15823272,Illumina MiSeq,,NYU_RA_128B,Homo sapiens,Rheumatoid Arthritis,Methotrexate,2021-01-11
33440172,Adult,65,18,Year,No,3,Month,USA,cecum; colon; ileum,2014-01,Rheumatoid Arthritis,New-onset rheumatoid arthritis,MoBio,Donor 1; Donor 2; Donor 3; Donor 4; Donor 5; Donor 6,Donor,gut metagenome,,New York University Langone Medical Center,SRR12455164,SAMN15823270,Illumina MiSeq,,NYU_RA_126B,Homo sapiens,Rheumatoid Arthritis,Methotrexate,2021-01-11
33440172,Adult,65,18,Year,No,3,Month,USA,cecum; colon; ileum,2014-01,Rheumatoid Arthritis,New-onset rheumatoid arthritis,MoBio,Donor 1; Donor 2; Donor 3; Donor 4; Donor 5; Donor 6,Donor,gut metagenome,,New York University Langone Medical Center,SRR12455167,SAMN15823259,Illumina MiSeq,,NYU_RA_5C,Homo sapiens,Rheumatoid Arthritis,Methotrexate,2021-01-11
33440172,Adult,65,18,Year,No,3,Month,USA,cecum; colon; ileum,2014-01,Rheumatoid Arthritis,New-onset rheumatoid arthritis,MoBio,Donor 1; Donor 2; Donor 3; Donor 4; Donor 5; Donor 6,Donor,gut metagenome,,New York University Langone Medical Center,SRR12455508,SAMN15823300,Illumina NovaSeq 6000,,NYU_RA_347B,Homo sapiens,Rheumatoid Arthritis,Methotrexate,2021-01-11
33440172,Adult,65,18,Year,No,3,Month,USA,cecum; colon; ileum,2014-01,Rheumatoid Arthritis,New-onset rheumatoid arthritis,MoBio,Donor 1; Donor 2; Donor 3; Donor 4; Donor 5; Donor 6,Donor,gut metagenome,,New York University Langone Medical Center,SRR12455509,SAMN15823287,Illumina NovaSeq 6000,,NYU_RA_263C,Homo sapiens,Rheumatoid Arthritis,Methotrexate,2021-01-11
33440172,Adult,65,18,Year,No,3,Month,USA,cecum; colon; ileum,2014-01,Rheumatoid Arthritis,New-onset rheumatoid arthritis,MoBio,Donor 1; Donor 2; Donor 3; Donor 4; Donor 5; Donor 6,Donor,gut metagenome,,New York University Langone Medical Center,SRR12455511,SAMN15823285,Illumina NovaSeq 6000,,NYU_RA_215C,Homo sapiens,Rheumatoid Arthritis,Methotrexate,2021-01-11
33440172,Adult,65,18,Year,No,3,Month,USA,cecum; colon; ileum,2014-01,Rheumatoid Arthritis,New-onset rheumatoid arthritis,MoBio,Donor 1; Donor 2; Donor 3; Donor 4; Donor 5; Donor 6,Donor,gut metagenome,,New York University Langone Medical Center,SRR12455512,SAMN15823284,Illumina NovaSeq 6000,,NYU_RA_215B,Homo sapiens,Rheumatoid Arthritis,Methotrexate,2021-01-11
33440172,Adult,65,18,Year,No,3,Month,USA,cecum; colon; ileum,2014-01,Rheumatoid Arthritis,New-onset rheumatoid arthritis,MoBio,Donor 1; Donor 2; Donor 3; Donor 4; Donor 5; Donor 6,Donor,gut metagenome,,New York University Langone Medical Center,SRR12455517,SAMN15823271,Illumina NovaSeq 6000,,NYU_RA_126C,Homo sapiens,Rheumatoid Arthritis,Methotrexate,2021-01-11
33440172,Adult,65,18,Year,No,3,Month,USA,cecum; colon; ileum,2014-01,Rheumatoid Arthritis,New-onset rheumatoid arthritis,MoBio,Donor 1; Donor 2; Donor 3; Donor 4; Donor 5; Donor 6,Donor,gut metagenome,,New York University Langone Medical Center,SRR12455520,SAMN15823295,Illumina NovaSeq 6000,,NYU_RA_317C,Homo sapiens,Rheumatoid Arthritis,Methotrexate,2021-01-11
33440172,Adult,65,18,Year,No,3,Month,USA,cecum; colon; ileum,2014-01,Rheumatoid Arthritis,New-onset rheumatoid arthritis,MoBio,Donor 1; Donor 2; Donor 3; Donor 4; Donor 5; Donor 6,Donor,gut metagenome,,New York University Langone Medical Center,SRR12455525,SAMN15823274,Illumina NovaSeq 6000,,NYU_RA_140B,Homo sapiens,Rheumatoid Arthritis,Methotrexate,2021-01-11
33440172,Adult,65,18,Year,No,3,Month,USA,cecum; colon; ileum,2014-01,Rheumatoid Arthritis,New-onset rheumatoid arthritis,MoBio,Donor 1; Donor 2; Donor 3; Donor 4; Donor 5; Donor 6,Donor,gut metagenome,,New York University Langone Medical Center,SRR12455526,SAMN15823263,Illumina NovaSeq 6000,,NYU_RA_82C,Homo sapiens,Rheumatoid Arthritis,Methotrexate,2021-01-11
33440172,Adult,65,18,Year,No,3,Month,USA,cecum; colon; ileum,2014-01,Rheumatoid Arthritis,New-onset rheumatoid arthritis,MoBio,Donor 1; Donor 2; Donor 3; Donor 4; Donor 5; Donor 6,Donor,gut metagenome,,New York University Langone Medical Center,SRR12455529,SAMN15823261,Illumina NovaSeq 6000,,NYU_RA_72C,Homo sapiens,Rheumatoid Arthritis,Methotrexate,2021-01-11
33440172,Adult,65,18,Year,No,3,Month,USA,cecum; colon; ileum,2014-01,Rheumatoid Arthritis,New-onset rheumatoid arthritis,MoBio,Donor 1; Donor 2; Donor 3; Donor 4; Donor 5; Donor 6,Donor,gut metagenome,,New York University Langone Medical Center,SRR12455531,SAMN15823259,Illumina NovaSeq 6000,,NYU_RA_5C,Homo sapiens,Rheumatoid Arthritis,Methotrexate,2021-01-11
33440172,Adult,65,18,Year,No,3,Month,USA,cecum; colon; ileum,2019-10,Rheumatoid Arthritis,New-onset rheumatoid arthritis,MoBio,Donor 1; Donor 2; Donor 3; Donor 4; Donor 5; Donor 6,Donor,gut metagenome,,New York University Langone Medical Center,SRR12455534,SAMN15824364,Illumina NovaSeq 6000,,NYU_RA_371B,Homo sapiens,Rheumatoid Arthritis,Methotrexate,2021-01-11
33440172,Adult,65,18,Year,No,3,Month,USA,cecum; colon; ileum,2014-01,Rheumatoid Arthritis,New-onset rheumatoid arthritis,MoBio,Donor 1; Donor 2; Donor 3; Donor 4; Donor 5; Donor 6,Donor,gut metagenome,,New York University Langone Medical Center,SRR12455539,SAMN15823269,Illumina NovaSeq 6000,,NYU_RA_107C,Homo sapiens,Rheumatoid Arthritis,Methotrexate,2021-01-11
33440172,Adult,65,18,Year,No,3,Month,USA,cecum; colon; ileum,2017-06,Rheumatoid Arthritis,New-onset rheumatoid arthritis,MoBio,Donor 1; Donor 2; Donor 3; Donor 4; Donor 5; Donor 6,Donor,gut metagenome,,New York University Langone Medical Center,SRR12451446,SAMN15814317,Illumina MiSeq,,RRN_rescue_RRN-GNOTO4-5-J1-3-5-feces,mouse,Rheumatoid Arthritis,Methotrexate,2021-01-11
33440172,Adult,65,18,Year,No,3,Month,USA,cecum; colon; ileum,2017-06,Rheumatoid Arthritis,New-onset rheumatoid arthritis,MoBio,Donor 1; Donor 2; Donor 3; Donor 4; Donor 5; Donor 6,Donor,gut metagenome,,New York University Langone Medical Center,SRR12451454,SAMN15814325,Illumina MiSeq,,RRN_rescue_RRN-GNOTO4-5-J2-4-4-feces,mouse,Rheumatoid Arthritis,Methotrexate,2021-01-11
33440172,Adult,65,18,Year,No,3,Month,USA,cecum; colon; ileum,2017-06,Rheumatoid Arthritis,New-onset rheumatoid arthritis,MoBio,Donor 1; Donor 2; Donor 3; Donor 4; Donor 5; Donor 6,Donor,gut metagenome,,New York University Langone Medical Center,SRR12451455,SAMN15814324,Illumina MiSeq,,RRN_rescue_RRN-GNOTO4-5-J2-4-3-feces,mouse,Rheumatoid Arthritis,Methotrexate,2021-01-11
33440172,Adult,65,18,Year,No,3,Month,USA,cecum; colon; ileum,2017-06,Rheumatoid Arthritis,New-onset rheumatoid arthritis,MoBio,Donor 1; Donor 2; Donor 3; Donor 4; Donor 5; Donor 6,Donor,gut metagenome,,New York University Langone Medical Center,SRR12451460,SAMN15814319,Illumina MiSeq,,RRN_rescue_RRN-GNOTO4-5-J2-1-4-feces,mouse,Rheumatoid Arthritis,Methotrexate,2021-01-11
33440172,Adult,65,18,Year,No,3,Month,USA,cecum; colon; ileum,2017-06,Rheumatoid Arthritis,New-onset rheumatoid arthritis,MoBio,Donor 1; Donor 2; Donor 3; Donor 4; Donor 5; Donor 6,Donor,gut metagenome,,New York University Langone Medical Center,SRR12451462,SAMN15814309,Illumina MiSeq,,RRN_rescue_RRN-GNOTO4-5-J1-1-3-feces,mouse,Rheumatoid Arthritis,Methotrexate,2021-01-11
33440172,Adult,65,18,Year,No,3,Month,USA,cecum; colon; ileum,2019,Rheumatoid Arthritis,New-onset rheumatoid arthritis,MoBio,Donor 1; Donor 2; Donor 3; Donor 4; Donor 5; Donor 6,Donor,gut metagenome,,New York University Langone Medical Center,SRR12451726,SAMN15816112,Illumina MiSeq,,RRN_FMT_RRN_gnoto8_62,mouse,Rheumatoid Arthritis,Methotrexate,2021-01-11
33440172,Adult,65,18,Year,No,3,Month,USA,cecum; colon; ileum,2019,Rheumatoid Arthritis,New-onset rheumatoid arthritis,MoBio,Donor 1; Donor 2; Donor 3; Donor 4; Donor 5; Donor 6,Donor,gut metagenome,,New York University Langone Medical Center,SRR12451730,SAMN15816108,Illumina MiSeq,,RRN_FMT_RRN_gnoto8_59,mouse,Rheumatoid Arthritis,Methotrexate,2021-01-11
33440172,Adult,65,18,Year,No,3,Month,USA,cecum; colon; ileum,2019,Rheumatoid Arthritis,New-onset rheumatoid arthritis,MoBio,Donor 1; Donor 2; Donor 3; Donor 4; Donor 5; Donor 6,Donor,gut metagenome,,New York University Langone Medical Center,SRR12451735,SAMN15816103,Illumina MiSeq,,RRN_FMT_RRN_gnoto8_54,mouse,Rheumatoid Arthritis,Methotrexate,2021-01-11
33440172,Adult,65,18,Year,No,3,Month,USA,cecum; colon; ileum,2019,Rheumatoid Arthritis,New-onset rheumatoid arthritis,MoBio,Donor 1; Donor 2; Donor 3; Donor 4; Donor 5; Donor 6,Donor,gut metagenome,,New York University Langone Medical Center,SRR12451742,SAMN15816097,Illumina MiSeq,,RRN_FMT_RRN_gnoto8_49,mouse,Rheumatoid Arthritis,Methotrexate,2021-01-11
33440172,Adult,65,18,Year,No,3,Month,USA,cecum; colon; ileum,2019,Rheumatoid Arthritis,New-onset rheumatoid arthritis,MoBio,Donor 1; Donor 2; Donor 3; Donor 4; Donor 5; Donor 6,Donor,gut metagenome,,New York University Langone Medical Center,SRR12451746,SAMN15816093,Illumina MiSeq,,RRN_FMT_RRN_gnoto8_45,mouse,Rheumatoid Arthritis,Methotrexate,2021-01-11
33440172,Adult,65,18,Year,No,3,Month,USA,cecum; colon; ileum,2019,Rheumatoid Arthritis,New-onset rheumatoid arthritis,MoBio,Donor 1; Donor 2; Donor 3; Donor 4; Donor 5; Donor 6,Donor,gut metagenome,,New York University Langone Medical Center,SRR12451748,SAMN15816092,Illumina MiSeq,,RRN_FMT_RRN_gnoto8_44,mouse,Rheumatoid Arthritis,Methotrexate,2021-01-11
33440172,Adult,65,18,Year,No,3,Month,USA,cecum; colon; ileum,2018,Rheumatoid Arthritis,New-onset rheumatoid arthritis,MoBio,Donor 1; Donor 2; Donor 3; Donor 4; Donor 5; Donor 6,Donor,gut metagenome,,New York University Langone Medical Center,SRR12451752,SAMN15816022,Illumina MiSeq,,RRN_FMT_RRN_gnoto7_44,mouse,Rheumatoid Arthritis,Methotrexate,2021-01-11
33440172,Adult,65,18,Year,No,3,Month,USA,cecum; colon; ileum,2018,Rheumatoid Arthritis,New-onset rheumatoid arthritis,MoBio,Donor 1; Donor 2; Donor 3; Donor 4; Donor 5; Donor 6,Donor,gut metagenome,,New York University Langone Medical Center,SRR12451753,SAMN15816021,Illumina MiSeq,,RRN_FMT_RRN_gnoto7_43,mouse,Rheumatoid Arthritis,Methotrexate,2021-01-11
33440172,Adult,65,18,Year,No,3,Month,USA,cecum; colon; ileum,2018,Rheumatoid Arthritis,New-onset rheumatoid arthritis,MoBio,Donor 1; Donor 2; Donor 3; Donor 4; Donor 5; Donor 6,Donor,gut metagenome,,New York University Langone Medical Center,SRR12451754,SAMN15816020,Illumina MiSeq,,RRN_FMT_RRN_gnoto7_42,mouse,Rheumatoid Arthritis,Methotrexate,2021-01-11
33440172,Adult,65,18,Year,No,3,Month,USA,cecum; colon; ileum,2018,Rheumatoid Arthritis,New-onset rheumatoid arthritis,MoBio,Donor 1; Donor 2; Donor 3; Donor 4; Donor 5; Donor 6,Donor,gut metagenome,,New York University Langone Medical Center,SRR12451758,SAMN15816016,Illumina MiSeq,,RRN_FMT_RRN_gnoto7_37,mouse,Rheumatoid Arthritis,Methotrexate,2021-01-11
33440172,Adult,65,18,Year,No,3,Month,USA,cecum; colon; ileum,2019-08,Rheumatoid Arthritis,New-onset rheumatoid arthritis,MoBio,Donor 1; Donor 2; Donor 3; Donor 4; Donor 5; Donor 6,Donor,gut metagenome,,New York University Langone Medical Center,SRR12451762,SAMN15815950,Illumina MiSeq,,RRN_individuallyHoused_RRN_gnoto10_18,mouse,Rheumatoid Arthritis,Methotrexate,2021-01-11
33440172,Adult,65,18,Year,No,3,Month,USA,cecum; colon; ileum,2018,Rheumatoid Arthritis,New-onset rheumatoid arthritis,MoBio,Donor 1; Donor 2; Donor 3; Donor 4; Donor 5; Donor 6,Donor,gut metagenome,,New York University Langone Medical Center,SRR12451770,SAMN15816005,Illumina MiSeq,,RRN_FMT_RRN_gnoto7_25,mouse,Rheumatoid Arthritis,Methotrexate,2021-01-11
33440172,Adult,65,18,Year,No,3,Month,USA,cecum; colon; ileum,2018,Rheumatoid Arthritis,New-onset rheumatoid arthritis,MoBio,Donor 1; Donor 2; Donor 3; Donor 4; Donor 5; Donor 6,Donor,gut metagenome,,New York University Langone Medical Center,SRR12451777,SAMN15815999,Illumina MiSeq,,RRN_FMT_RRN_gnoto7_18,mouse,Rheumatoid Arthritis,Methotrexate,2021-01-11
33440172,Adult,65,18,Year,No,3,Month,USA,cecum; colon; ileum,2018,Rheumatoid Arthritis,New-onset rheumatoid arthritis,MoBio,Donor 1; Donor 2; Donor 3; Donor 4; Donor 5; Donor 6,Donor,gut metagenome,,New York University Langone Medical Center,SRR12451779,SAMN15815997,Illumina MiSeq,,RRN_FMT_RRN_gnoto7_14,mouse,Rheumatoid Arthritis,Methotrexate,2021-01-11
33440172,Adult,65,18,Year,No,3,Month,USA,cecum; colon; ileum,2019-08,Rheumatoid Arthritis,New-onset rheumatoid arthritis,MoBio,Donor 1; Donor 2; Donor 3; Donor 4; Donor 5; Donor 6,Donor,gut metagenome,,New York University Langone Medical Center,SRR12451786,SAMN15815991,Illumina MiSeq,,RRN_individuallyHoused_RRN_gnoto10_8,mouse,Rheumatoid Arthritis,Methotrexate,2021-01-11
33440172,Adult,65,18,Year,No,3,Month,USA,cecum; colon; ileum,2019-08,Rheumatoid Arthritis,New-onset rheumatoid arthritis,MoBio,Donor 1; Donor 2; Donor 3; Donor 4; Donor 5; Donor 6,Donor,gut metagenome,,New York University Langone Medical Center,SRR12451789,SAMN15815988,Illumina MiSeq,,RRN_individuallyHoused_RRN_gnoto10_56,mouse,Rheumatoid Arthritis,Methotrexate,2021-01-11
33440172,Adult,65,18,Year,No,3,Month,USA,cecum; colon; ileum,2019-08,Rheumatoid Arthritis,New-onset rheumatoid arthritis,MoBio,Donor 1; Donor 2; Donor 3; Donor 4; Donor 5; Donor 6,Donor,gut metagenome,,New York University Langone Medical Center,SRR12451791,SAMN15815986,Illumina MiSeq,,RRN_individuallyHoused_RRN_gnoto10_54,mouse,Rheumatoid Arthritis,Methotrexate,2021-01-11
33440172,Adult,65,18,Year,No,3,Month,USA,cecum; colon; ileum,2019-08,Rheumatoid Arthritis,New-onset rheumatoid arthritis,MoBio,Donor 1; Donor 2; Donor 3; Donor 4; Donor 5; Donor 6,Donor,gut metagenome,,New York University Langone Medical Center,SRR12451793,SAMN15815984,Illumina MiSeq,,RRN_individuallyHoused_RRN_gnoto10_52,mouse,Rheumatoid Arthritis,Methotrexate,2021-01-11
33440172,Adult,65,18,Year,No,3,Month,USA,cecum; colon; ileum,2019-08,Rheumatoid Arthritis,New-onset rheumatoid arthritis,MoBio,Donor 1; Donor 2; Donor 3; Donor 4; Donor 5; Donor 6,Donor,gut metagenome,,New York University Langone Medical Center,SRR12451795,SAMN15815947,Illumina MiSeq,,RRN_individuallyHoused_RRN_gnoto10_14,mouse,Rheumatoid Arthritis,Methotrexate,2021-01-11
33440172,Adult,65,18,Year,No,3,Month,USA,cecum; colon; ileum,2019-08,Rheumatoid Arthritis,New-onset rheumatoid arthritis,MoBio,Donor 1; Donor 2; Donor 3; Donor 4; Donor 5; Donor 6,Donor,gut metagenome,,New York University Langone Medical Center,SRR12451799,SAMN15815979,Illumina MiSeq,,RRN_individuallyHoused_RRN_gnoto10_47,mouse,Rheumatoid Arthritis,Methotrexate,2021-01-11
33440172,Adult,65,18,Year,No,3,Month,USA,cecum; colon; ileum,2019-08,Rheumatoid Arthritis,New-onset rheumatoid arthritis,MoBio,Donor 1; Donor 2; Donor 3; Donor 4; Donor 5; Donor 6,Donor,gut metagenome,,New York University Langone Medical Center,SRR12451803,SAMN15815975,Illumina MiSeq,,RRN_individuallyHoused_RRN_gnoto10_43,mouse,Rheumatoid Arthritis,Methotrexate,2021-01-11
33440172,Adult,65,18,Year,No,3,Month,USA,cecum; colon; ileum,2018,Rheumatoid Arthritis,New-onset rheumatoid arthritis,MoBio,Donor 1; Donor 2; Donor 3; Donor 4; Donor 5; Donor 6,Donor,gut metagenome,,New York University Langone Medical Center,SRR12451805,SAMN15816041,Illumina MiSeq,,RRN_FMT_RRN_gnoto7_67,mouse,Rheumatoid Arthritis,Methotrexate,2021-01-11
33440172,Adult,65,18,Year,No,3,Month,USA,cecum; colon; ileum,2018,Rheumatoid Arthritis,New-onset rheumatoid arthritis,MoBio,Donor 1; Donor 2; Donor 3; Donor 4; Donor 5; Donor 6,Donor,gut metagenome,,New York University Langone Medical Center,SRR12451806,SAMN15816040,Illumina MiSeq,,RRN_FMT_RRN_gnoto7_66,mouse,Rheumatoid Arthritis,Methotrexate,2021-01-11
33440172,Adult,65,18,Year,No,3,Month,USA,cecum; colon; ileum,2018,Rheumatoid Arthritis,New-onset rheumatoid arthritis,MoBio,Donor 1; Donor 2; Donor 3; Donor 4; Donor 5; Donor 6,Donor,gut metagenome,,New York University Langone Medical Center,SRR12451808,SAMN15816038,Illumina MiSeq,,RRN_FMT_RRN_gnoto7_62,mouse,Rheumatoid Arthritis,Methotrexate,2021-01-11
33440172,Adult,65,18,Year,No,3,Month,USA,cecum; colon; ileum,2018,Rheumatoid Arthritis,New-onset rheumatoid arthritis,MoBio,Donor 1; Donor 2; Donor 3; Donor 4; Donor 5; Donor 6,Donor,gut metagenome,,New York University Langone Medical Center,SRR12451812,SAMN15816034,Illumina MiSeq,,RRN_FMT_RRN_gnoto7_59,mouse,Rheumatoid Arthritis,Methotrexate,2021-01-11
33440172,Adult,65,18,Year,No,3,Month,USA,cecum; colon; ileum,2018,Rheumatoid Arthritis,New-onset rheumatoid arthritis,MoBio,Donor 1; Donor 2; Donor 3; Donor 4; Donor 5; Donor 6,Donor,gut metagenome,,New York University Langone Medical Center,SRR12451819,SAMN15816028,Illumina MiSeq,,RRN_FMT_RRN_gnoto7_51,mouse,Rheumatoid Arthritis,Methotrexate,2021-01-11
33440172,Adult,65,18,Year,No,3,Month,USA,cecum; colon; ileum,2018,Rheumatoid Arthritis,New-onset rheumatoid arthritis,MoBio,Donor 1; Donor 2; Donor 3; Donor 4; Donor 5; Donor 6,Donor,gut metagenome,,New York University Langone Medical Center,SRR12451821,SAMN15816026,Illumina MiSeq,,RRN_FMT_RRN_gnoto7_5,mouse,Rheumatoid Arthritis,Methotrexate,2021-01-11
33440172,Adult,65,18,Year,No,3,Month,USA,cecum; colon; ileum,2018,Rheumatoid Arthritis,New-onset rheumatoid arthritis,MoBio,Donor 1; Donor 2; Donor 3; Donor 4; Donor 5; Donor 6,Donor,gut metagenome,,New York University Langone Medical Center,SRR12451822,SAMN15816025,Illumina MiSeq,,RRN_FMT_RRN_gnoto7_49,mouse,Rheumatoid Arthritis,Methotrexate,2021-01-11
33440172,Adult,65,18,Year,No,3,Month,USA,cecum; colon; ileum,2019-08,Rheumatoid Arthritis,New-onset rheumatoid arthritis,MoBio,Donor 1; Donor 2; Donor 3; Donor 4; Donor 5; Donor 6,Donor,gut metagenome,,New York University Langone Medical Center,SRR12451827,SAMN15815946,Illumina MiSeq,,RRN_individuallyHoused_RRN_gnoto10_13,mouse,Rheumatoid Arthritis,Methotrexate,2021-01-11
33440172,Adult,65,18,Year,No,3,Month,USA,cecum; colon; ileum,2019-08,Rheumatoid Arthritis,New-onset rheumatoid arthritis,MoBio,Donor 1; Donor 2; Donor 3; Donor 4; Donor 5; Donor 6,Donor,gut metagenome,,New York University Langone Medical Center,SRR12451828,SAMN15815972,Illumina MiSeq,,RRN_individuallyHoused_RRN_gnoto10_4,mouse,Rheumatoid Arthritis,Methotrexate,2021-01-11
33440172,Adult,65,18,Year,No,3,Month,USA,cecum; colon; ileum,2019-08,Rheumatoid Arthritis,New-onset rheumatoid arthritis,MoBio,Donor 1; Donor 2; Donor 3; Donor 4; Donor 5; Donor 6,Donor,gut metagenome,,New York University Langone Medical Center,SRR12451831,SAMN15815969,Illumina MiSeq,,RRN_individuallyHoused_RRN_gnoto10_37,mouse,Rheumatoid Arthritis,Methotrexate,2021-01-11
33440172,Adult,65,18,Year,No,3,Month,USA,cecum; colon; ileum,2019-08,Rheumatoid Arthritis,New-onset rheumatoid arthritis,MoBio,Donor 1; Donor 2; Donor 3; Donor 4; Donor 5; Donor 6,Donor,gut metagenome,,New York University Langone Medical Center,SRR12451833,SAMN15815967,Illumina MiSeq,,RRN_individuallyHoused_RRN_gnoto10_35,mouse,Rheumatoid Arthritis,Methotrexate,2021-01-11
33440172,Adult,65,18,Year,No,3,Month,USA,cecum; colon; ileum,2019-08,Rheumatoid Arthritis,New-onset rheumatoid arthritis,MoBio,Donor 1; Donor 2; Donor 3; Donor 4; Donor 5; Donor 6,Donor,gut metagenome,,New York University Langone Medical Center,SRR12451834,SAMN15815966,Illumina MiSeq,,RRN_individuallyHoused_RRN_gnoto10_34,mouse,Rheumatoid Arthritis,Methotrexate,2021-01-11
33440172,Adult,65,18,Year,No,3,Month,USA,cecum; colon; ileum,2019-08,Rheumatoid Arthritis,New-onset rheumatoid arthritis,MoBio,Donor 1; Donor 2; Donor 3; Donor 4; Donor 5; Donor 6,Donor,gut metagenome,,New York University Langone Medical Center,SRR12451838,SAMN15815945,Illumina MiSeq,,RRN_individuallyHoused_RRN_gnoto10_12,mouse,Rheumatoid Arthritis,Methotrexate,2021-01-11
33440172,Adult,65,18,Year,No,3,Month,USA,cecum; colon; ileum,2019-08,Rheumatoid Arthritis,New-onset rheumatoid arthritis,MoBio,Donor 1; Donor 2; Donor 3; Donor 4; Donor 5; Donor 6,Donor,gut metagenome,,New York University Langone Medical Center,SRR12451840,SAMN15815961,Illumina MiSeq,,RRN_individuallyHoused_RRN_gnoto10_29,mouse,Rheumatoid Arthritis,Methotrexate,2021-01-11
33440172,Adult,65,18,Year,No,3,Month,USA,cecum; colon; ileum,2019,Rheumatoid Arthritis,New-onset rheumatoid arthritis,MoBio,Donor 1; Donor 2; Donor 3; Donor 4; Donor 5; Donor 6,Donor,gut metagenome,,New York University Langone Medical Center,SRR12451845,SAMN15816117,Illumina MiSeq,,RRN_FMT_RRN_gnoto8_7,mouse,Rheumatoid Arthritis,Methotrexate,2021-01-11
33440172,Adult,65,18,Year,No,3,Month,USA,cecum; colon; ileum,2019,Rheumatoid Arthritis,New-onset rheumatoid arthritis,MoBio,Donor 1; Donor 2; Donor 3; Donor 4; Donor 5; Donor 6,Donor,gut metagenome,,New York University Langone Medical Center,SRR12451846,SAMN15816116,Illumina MiSeq,,RRN_FMT_RRN_gnoto8_66,mouse,Rheumatoid Arthritis,Methotrexate,2021-01-11
33440172,Adult,65,18,Year,No,3,Month,USA,cecum; colon; ileum,2019,Rheumatoid Arthritis,New-onset rheumatoid arthritis,MoBio,Donor 1; Donor 2; Donor 3; Donor 4; Donor 5; Donor 6,Donor,gut metagenome,,New York University Langone Medical Center,SRR12451854,SAMN15816061,Illumina MiSeq,,RRN_FMT_RRN_gnoto8_16,mouse,Rheumatoid Arthritis,Methotrexate,2021-01-11
33440172,Adult,65,18,Year,No,3,Month,USA,cecum; colon; ileum,2019,Rheumatoid Arthritis,New-onset rheumatoid arthritis,MoBio,Donor 1; Donor 2; Donor 3; Donor 4; Donor 5; Donor 6,Donor,gut metagenome,,New York University Langone Medical Center,SRR12451857,SAMN15816058,Illumina MiSeq,,RRN_FMT_RRN_gnoto8_13,mouse,Rheumatoid Arthritis,Methotrexate,2021-01-11
33440172,Adult,65,18,Year,No,3,Month,USA,cecum; colon; ileum,2019-08,Rheumatoid Arthritis,New-onset rheumatoid arthritis,MoBio,Donor 1; Donor 2; Donor 3; Donor 4; Donor 5; Donor 6,Donor,gut metagenome,,New York University Langone Medical Center,SRR12451863,SAMN15815954,Illumina MiSeq,,RRN_individuallyHoused_RRN_gnoto10_21,mouse,Rheumatoid Arthritis,Methotrexate,2021-01-11
33440172,Adult,65,18,Year,No,3,Month,USA,cecum; colon; ileum,2018,Rheumatoid Arthritis,New-onset rheumatoid arthritis,MoBio,Donor 1; Donor 2; Donor 3; Donor 4; Donor 5; Donor 6,Donor,gut metagenome,,New York University Langone Medical Center,SRR12451865,SAMN15816051,Illumina MiSeq,,RRN_FMT_RRN_gnoto7_81,mouse,Rheumatoid Arthritis,Methotrexate,2021-01-11
33440172,Adult,65,18,Year,No,3,Month,USA,cecum; colon; ileum,2018,Rheumatoid Arthritis,New-onset rheumatoid arthritis,MoBio,Donor 1; Donor 2; Donor 3; Donor 4; Donor 5; Donor 6,Donor,gut metagenome,,New York University Langone Medical Center,SRR12451867,SAMN15816049,Illumina MiSeq,,RRN_FMT_RRN_gnoto7_77,mouse,Rheumatoid Arthritis,Methotrexate,2021-01-11
33440172,Adult,65,18,Year,No,3,Month,USA,cecum; colon; ileum,2018,Rheumatoid Arthritis,New-onset rheumatoid arthritis,MoBio,Donor 1; Donor 2; Donor 3; Donor 4; Donor 5; Donor 6,Donor,gut metagenome,,New York University Langone Medical Center,SRR12451868,SAMN15816048,Illumina MiSeq,,RRN_FMT_RRN_gnoto7_76,mouse,Rheumatoid Arthritis,Methotrexate,2021-01-11
33440172,Adult,65,18,Year,No,3,Month,USA,cecum; colon; ileum,2019-08,Rheumatoid Arthritis,New-onset rheumatoid arthritis,MoBio,Donor 1; Donor 2; Donor 3; Donor 4; Donor 5; Donor 6,Donor,gut metagenome,,New York University Langone Medical Center,SRR12451874,SAMN15815953,Illumina MiSeq,,RRN_individuallyHoused_RRN_gnoto10_20,mouse,Rheumatoid Arthritis,Methotrexate,2021-01-11
33440172,Adult,65,18,Year,No,3,Month,USA,cecum; colon; ileum,2019-08,Rheumatoid Arthritis,New-onset rheumatoid arthritis,MoBio,Donor 1; Donor 2; Donor 3; Donor 4; Donor 5; Donor 6,Donor,gut metagenome,,New York University Langone Medical Center,SRR12451875,SAMN15815944,Illumina MiSeq,,RRN_individuallyHoused_RRN_gnoto10_11,mouse,Rheumatoid Arthritis,Methotrexate,2021-01-11
33440172,Adult,65,18,Year,No,3,Month,USA,cecum; colon; ileum,2019-08,Rheumatoid Arthritis,New-onset rheumatoid arthritis,MoBio,Donor 1; Donor 2; Donor 3; Donor 4; Donor 5; Donor 6,Donor,gut metagenome,,New York University Langone Medical Center,SRR12451876,SAMN15815943,Illumina MiSeq,,RRN_individuallyHoused_RRN_gnoto10_10,mouse,Rheumatoid Arthritis,Methotrexate,2021-01-11
33440172,Adult,65,18,Year,No,3,Month,USA,cecum; colon; ileum,2019,Rheumatoid Arthritis,New-onset rheumatoid arthritis,MoBio,Donor 1; Donor 2; Donor 3; Donor 4; Donor 5; Donor 6,Donor,gut metagenome,,New York University Langone Medical Center,SRR12451878,SAMN15816088,Illumina MiSeq,,RRN_FMT_RRN_gnoto8_40,mouse,Rheumatoid Arthritis,Methotrexate,2021-01-11
33440172,Adult,65,18,Year,No,3,Month,USA,cecum; colon; ileum,2019,Rheumatoid Arthritis,New-onset rheumatoid arthritis,MoBio,Donor 1; Donor 2; Donor 3; Donor 4; Donor 5; Donor 6,Donor,gut metagenome,,New York University Langone Medical Center,SRR12451882,SAMN15816084,Illumina MiSeq,,RRN_FMT_RRN_gnoto8_37,mouse,Rheumatoid Arthritis,Methotrexate,2021-01-11
33440172,Adult,65,18,Year,No,3,Month,USA,cecum; colon; ileum,2019,Rheumatoid Arthritis,New-onset rheumatoid arthritis,MoBio,Donor 1; Donor 2; Donor 3; Donor 4; Donor 5; Donor 6,Donor,gut metagenome,,New York University Langone Medical Center,SRR12451886,SAMN15816081,Illumina MiSeq,,RRN_FMT_RRN_gnoto8_34,mouse,Rheumatoid Arthritis,Methotrexate,2021-01-11
33440172,Adult,65,18,Year,No,3,Month,USA,cecum; colon; ileum,2019,Rheumatoid Arthritis,New-onset rheumatoid arthritis,MoBio,Donor 1; Donor 2; Donor 3; Donor 4; Donor 5; Donor 6,Donor,gut metagenome,,New York University Langone Medical Center,SRR12451888,SAMN15816079,Illumina MiSeq,,RRN_FMT_RRN_gnoto8_32,mouse,Rheumatoid Arthritis,Methotrexate,2021-01-11
33440172,Adult,65,18,Year,No,3,Month,USA,cecum; colon; ileum,2019,Rheumatoid Arthritis,New-onset rheumatoid arthritis,MoBio,Donor 1; Donor 2; Donor 3; Donor 4; Donor 5; Donor 6,Donor,gut metagenome,,New York University Langone Medical Center,SRR12451893,SAMN15816074,Illumina MiSeq,,RRN_FMT_RRN_gnoto8_28,mouse,Rheumatoid Arthritis,Methotrexate,2021-01-11
33440172,Adult,65,18,Year,No,3,Month,USA,cecum; colon; ileum,2019,Rheumatoid Arthritis,New-onset rheumatoid arthritis,MoBio,Donor 1; Donor 2; Donor 3; Donor 4; Donor 5; Donor 6,Donor,gut metagenome,,New York University Langone Medical Center,SRR12451894,SAMN15816073,Illumina MiSeq,,RRN_FMT_RRN_gnoto8_27,mouse,Rheumatoid Arthritis,Methotrexate,2021-01-11
33440172,Adult,65,18,Year,No,3,Month,USA,cecum; colon; ileum,2019,Rheumatoid Arthritis,New-onset rheumatoid arthritis,MoBio,Donor 1; Donor 2; Donor 3; Donor 4; Donor 5; Donor 6,Donor,gut metagenome,,New York University Langone Medical Center,SRR12451896,SAMN15816072,Illumina MiSeq,,RRN_FMT_RRN_gnoto8_26,mouse,Rheumatoid Arthritis,Methotrexate,2021-01-11
33440172,Adult,65,18,Year,No,3,Month,USA,cecum; colon; ileum,2019,Rheumatoid Arthritis,New-onset rheumatoid arthritis,MoBio,Donor 1; Donor 2; Donor 3; Donor 4; Donor 5; Donor 6,Donor,gut metagenome,,New York University Langone Medical Center,SRR12451898,SAMN15816070,Illumina MiSeq,,RRN_FMT_RRN_gnoto8_24,mouse,Rheumatoid Arthritis,Methotrexate,2021-01-11
33440172,Adult,65,18,Year,No,3,Month,USA,cecum; colon; ileum,2019,Rheumatoid Arthritis,New-onset rheumatoid arthritis,MoBio,Donor 1; Donor 2; Donor 3; Donor 4; Donor 5; Donor 6,Donor,gut metagenome,,New York University Langone Medical Center,SRR12451899,SAMN15816069,Illumina MiSeq,,RRN_FMT_RRN_gnoto8_23,mouse,Rheumatoid Arthritis,Methotrexate,2021-01-11
33440172,Adult,65,18,Year,No,3,Month,USA,cecum; colon; ileum,2019,Rheumatoid Arthritis,New-onset rheumatoid arthritis,MoBio,Donor 1; Donor 2; Donor 3; Donor 4; Donor 5; Donor 6,Donor,gut metagenome,,New York University Langone Medical Center,SRR12451902,SAMN15816066,Illumina MiSeq,,RRN_FMT_RRN_gnoto8_20,mouse,Rheumatoid Arthritis,Methotrexate,2021-01-11
33440172,Adult,65,18,Year,No,3,Month,USA,cecum; colon; ileum,2017-06,Rheumatoid Arthritis,New-onset rheumatoid arthritis,MoBio,Donor 1; Donor 2; Donor 3; Donor 4; Donor 5; Donor 6,Donor,gut metagenome,,New York University Langone Medical Center,SRR12451943,SAMN15815865,Illumina MiSeq,,RRN_route_RRN-GNOTO4-5-I1-3-3-feces,mouse,Rheumatoid Arthritis,Methotrexate,2021-01-11
33440172,Adult,65,18,Year,No,3,Month,USA,cecum; colon; ileum,2017-06,Rheumatoid Arthritis,New-onset rheumatoid arthritis,MoBio,Donor 1; Donor 2; Donor 3; Donor 4; Donor 5; Donor 6,Donor,gut metagenome,,New York University Langone Medical Center,SRR12451950,SAMN15815874,Illumina MiSeq,,RRN_route_RRN-GNOTO4-5-I2-3-3-feces,mouse,Rheumatoid Arthritis,Methotrexate,2021-01-11
33440172,Adult,65,18,Year,No,3,Month,USA,cecum; colon; ileum,2017-06,Rheumatoid Arthritis,New-onset rheumatoid arthritis,MoBio,Donor 1; Donor 2; Donor 3; Donor 4; Donor 5; Donor 6,Donor,gut metagenome,,New York University Langone Medical Center,SRR12451956,SAMN15815860,Illumina MiSeq,,RRN_route_RRN-GNOTO4-5-I1-1-4-feces,mouse,Rheumatoid Arthritis,Methotrexate,2021-01-11
33440172,Adult,65,18,Year,No,3,Month,USA,cecum; colon; ileum,2017-06,Rheumatoid Arthritis,New-onset rheumatoid arthritis,MoBio,Donor 1; Donor 2; Donor 3; Donor 4; Donor 5; Donor 6,Donor,gut metagenome,,New York University Langone Medical Center,SRR12451957,SAMN15815859,Illumina MiSeq,,RRN_route_RRN-GNOTO4-5-I1-1-3-feces,mouse,Rheumatoid Arthritis,Methotrexate,2021-01-11
33440172,Adult,65,18,Year,No,3,Month,USA,cecum; colon; ileum,2018-03,Rheumatoid Arthritis,New-onset rheumatoid arthritis,MoBio,Donor 1; Donor 2; Donor 3; Donor 4; Donor 5; Donor 6,Donor,[Clostridium] asparagiforme DSM 15981,,New York University Langone Medical Center,SRR12452149,SAMN15816276,Illumina HiSeq 2500,,RRN_RNAseq_RRN04_S4,Homo sapiens,Rheumatoid Arthritis,Methotrexate,2021-01-11
33440172,Adult,65,18,Year,No,3,Month,USA,cecum; colon; ileum,2018-03,Rheumatoid Arthritis,New-onset rheumatoid arthritis,MoBio,Donor 1; Donor 2; Donor 3; Donor 4; Donor 5; Donor 6,Donor,[Clostridium] asparagiforme DSM 15981,,New York University Langone Medical Center,SRR12452151,SAMN15816274,Illumina HiSeq 2500,,RRN_RNAseq_RRN02_S2,Homo sapiens,Rheumatoid Arthritis,Methotrexate,2021-01-11
33440172,Adult,65,18,Year,No,3,Month,USA,cecum; colon; ileum,2018-03,Rheumatoid Arthritis,New-onset rheumatoid arthritis,MoBio,Donor 1; Donor 2; Donor 3; Donor 4; Donor 5; Donor 6,Donor,[Clostridium] symbiosum,,New York University Langone Medical Center,SRR12452155,SAMN15816302,Illumina HiSeq 2500,,RRN_RNAseq_RRN60_S36,Homo sapiens,Rheumatoid Arthritis,Methotrexate,2021-01-11
33440172,Adult,65,18,Year,No,3,Month,USA,cecum; colon; ileum,2018-03,Rheumatoid Arthritis,New-onset rheumatoid arthritis,MoBio,Donor 1; Donor 2; Donor 3; Donor 4; Donor 5; Donor 6,Donor,[Clostridium] symbiosum,,New York University Langone Medical Center,SRR12452159,SAMN15816298,Illumina HiSeq 2500,,RRN_RNAseq_RRN56_S32,Homo sapiens,Rheumatoid Arthritis,Methotrexate,2021-01-11
33440172,Adult,65,18,Year,No,3,Month,USA,cecum; colon; ileum,2018-03,Rheumatoid Arthritis,New-onset rheumatoid arthritis,MoBio,Donor 1; Donor 2; Donor 3; Donor 4; Donor 5; Donor 6,Donor,[Clostridium] symbiosum,,New York University Langone Medical Center,SRR12452160,SAMN15816297,Illumina HiSeq 2500,,RRN_RNAseq_RRN55_S31,Homo sapiens,Rheumatoid Arthritis,Methotrexate,2021-01-11
33440172,Adult,65,18,Year,No,3,Month,USA,cecum; colon; ileum,2018-03,Rheumatoid Arthritis,New-onset rheumatoid arthritis,MoBio,Donor 1; Donor 2; Donor 3; Donor 4; Donor 5; Donor 6,Donor,[Clostridium] asparagiforme DSM 15981,,New York University Langone Medical Center,SRR12452161,SAMN15816270,Illumina HiSeq 2500,,RRN_RNAseq_RN10_S22,Homo sapiens,Rheumatoid Arthritis,Methotrexate,2021-01-11
33440172,Adult,65,18,Year,No,3,Month,USA,cecum; colon; ileum,2018-03,Rheumatoid Arthritis,New-onset rheumatoid arthritis,MoBio,Donor 1; Donor 2; Donor 3; Donor 4; Donor 5; Donor 6,Donor,Clostridium sporogenes,,New York University Langone Medical Center,SRR12452164,SAMN15816294,Illumina HiSeq 2500,,RRN_RNAseq_RRN52_S28,Homo sapiens,Rheumatoid Arthritis,Methotrexate,2021-01-11
33440172,Adult,65,18,Year,No,3,Month,USA,cecum; colon; ileum,2018-03,Rheumatoid Arthritis,New-onset rheumatoid arthritis,MoBio,Donor 1; Donor 2; Donor 3; Donor 4; Donor 5; Donor 6,Donor,Bacteroides thetaiotaomicron,,New York University Langone Medical Center,SRR12452168,SAMN15816290,Illumina HiSeq 2500,,RRN_RNAseq_RRN30_S24,Homo sapiens,Rheumatoid Arthritis,Methotrexate,2021-01-11
33440172,Adult,65,18,Year,No,3,Month,USA,cecum; colon; ileum,2018-03,Rheumatoid Arthritis,New-onset rheumatoid arthritis,MoBio,Donor 1; Donor 2; Donor 3; Donor 4; Donor 5; Donor 6,Donor,Bacteroides thetaiotaomicron,,New York University Langone Medical Center,SRR12452171,SAMN15816287,Illumina HiSeq 2500,,RRN_RNAseq_RRN27_S21,Homo sapiens,Rheumatoid Arthritis,Methotrexate,2021-01-11
33440172,Adult,65,18,Year,No,3,Month,USA,cecum; colon; ileum,2018-03,Rheumatoid Arthritis,New-onset rheumatoid arthritis,MoBio,Donor 1; Donor 2; Donor 3; Donor 4; Donor 5; Donor 6,Donor,[Clostridium] asparagiforme DSM 15981,,New York University Langone Medical Center,SRR12452177,SAMN15816282,Illumina HiSeq 2500,,RRN_RNAseq_RRN10_S10,Homo sapiens,Rheumatoid Arthritis,Methotrexate,2021-01-11
33440172,Adult,65,18,Year,No,3,Month,USA,cecum; colon; ileum,2018-03,Rheumatoid Arthritis,New-onset rheumatoid arthritis,MoBio,Donor 1; Donor 2; Donor 3; Donor 4; Donor 5; Donor 6,Donor,[Clostridium] asparagiforme DSM 15981,,New York University Langone Medical Center,SRR12452179,SAMN15816280,Illumina HiSeq 2500,,RRN_RNAseq_RRN08_S8,Homo sapiens,Rheumatoid Arthritis,Methotrexate,2021-01-11
33440172,Adult,65,18,Year,No,3,Month,USA,cecum; colon; ileum,2018-03,Rheumatoid Arthritis,New-onset rheumatoid arthritis,MoBio,Donor 1; Donor 2; Donor 3; Donor 4; Donor 5; Donor 6,Donor,[Clostridium] asparagiforme DSM 15981,,New York University Langone Medical Center,SRR12452181,SAMN15816278,Illumina HiSeq 2500,,RRN_RNAseq_RRN06_S6,Homo sapiens,Rheumatoid Arthritis,Methotrexate,2021-01-11
33440172,Adult,65,18,Year,No,3,Month,USA,cecum; colon; ileum,2019,Rheumatoid Arthritis,New-onset rheumatoid arthritis,MoBio,Donor 1; Donor 2; Donor 3; Donor 4; Donor 5; Donor 6,Donor,gut metagenome,,New York University Langone Medical Center,SRR12454623,SAMN15822935,Illumina MiSeq,,RRN_FMT_RRN_gnoto9_7,mouse,Rheumatoid Arthritis,Methotrexate,2021-01-11
33440172,Adult,65,18,Year,No,3,Month,USA,cecum; colon; ileum,2019,Rheumatoid Arthritis,New-onset rheumatoid arthritis,MoBio,Donor 1; Donor 2; Donor 3; Donor 4; Donor 5; Donor 6,Donor,gut metagenome,,New York University Langone Medical Center,SRR12454625,SAMN15822933,Illumina MiSeq,,RRN_FMT_RRN_gnoto9_6,mouse,Rheumatoid Arthritis,Methotrexate,2021-01-11
33440172,Adult,65,18,Year,No,3,Month,USA,cecum; colon; ileum,2019,Rheumatoid Arthritis,New-onset rheumatoid arthritis,MoBio,Donor 1; Donor 2; Donor 3; Donor 4; Donor 5; Donor 6,Donor,gut metagenome,,New York University Langone Medical Center,SRR12454627,SAMN15822931,Illumina MiSeq,,RRN_FMT_RRN_gnoto9_58,mouse,Rheumatoid Arthritis,Methotrexate,2021-01-11
33440172,Adult,65,18,Year,No,3,Month,USA,cecum; colon; ileum,2019,Rheumatoid Arthritis,New-onset rheumatoid arthritis,MoBio,Donor 1; Donor 2; Donor 3; Donor 4; Donor 5; Donor 6,Donor,gut metagenome,,New York University Langone Medical Center,SRR12454640,SAMN15822919,Illumina MiSeq,,RRN_FMT_RRN_gnoto9_39,mouse,Rheumatoid Arthritis,Methotrexate,2021-01-11
33440172,Adult,65,18,Year,No,3,Month,USA,cecum; colon; ileum,2019,Rheumatoid Arthritis,New-onset rheumatoid arthritis,MoBio,Donor 1; Donor 2; Donor 3; Donor 4; Donor 5; Donor 6,Donor,gut metagenome,,New York University Langone Medical Center,SRR12454642,SAMN15822917,Illumina MiSeq,,RRN_FMT_RRN_gnoto9_37,mouse,Rheumatoid Arthritis,Methotrexate,2021-01-11
33440172,Adult,65,18,Year,No,3,Month,USA,cecum; colon; ileum,2019-06,Rheumatoid Arthritis,New-onset rheumatoid arthritis,MoBio,Donor 1; Donor 2; Donor 3; Donor 4; Donor 5; Donor 6,Donor,gut metagenome,,New York University Langone Medical Center,SRR12454644,SAMN15822844,Illumina MiSeq,,RRN_RAexVivo_RAexVivo_sample17,Homo sapiens,Rheumatoid Arthritis,Methotrexate,2021-01-11
33440172,Adult,65,18,Year,No,3,Month,USA,cecum; colon; ileum,2019,Rheumatoid Arthritis,New-onset rheumatoid arthritis,MoBio,Donor 1; Donor 2; Donor 3; Donor 4; Donor 5; Donor 6,Donor,gut metagenome,,New York University Langone Medical Center,SRR12454646,SAMN15822914,Illumina MiSeq,,RRN_FMT_RRN_gnoto9_31,mouse,Rheumatoid Arthritis,Methotrexate,2021-01-11
33440172,Adult,65,18,Year,No,3,Month,USA,cecum; colon; ileum,2019,Rheumatoid Arthritis,New-onset rheumatoid arthritis,MoBio,Donor 1; Donor 2; Donor 3; Donor 4; Donor 5; Donor 6,Donor,gut metagenome,,New York University Langone Medical Center,SRR12454647,SAMN15822913,Illumina MiSeq,,RRN_FMT_RRN_gnoto9_30,mouse,Rheumatoid Arthritis,Methotrexate,2021-01-11
33440172,Adult,65,18,Year,No,3,Month,USA,cecum; colon; ileum,2019,Rheumatoid Arthritis,New-onset rheumatoid arthritis,MoBio,Donor 1; Donor 2; Donor 3; Donor 4; Donor 5; Donor 6,Donor,gut metagenome,,New York University Langone Medical Center,SRR12454653,SAMN15822907,Illumina MiSeq,,RRN_FMT_RRN_gnoto9_22,mouse,Rheumatoid Arthritis,Methotrexate,2021-01-11
33440172,Adult,65,18,Year,No,3,Month,USA,cecum; colon; ileum,2019,Rheumatoid Arthritis,New-onset rheumatoid arthritis,MoBio,Donor 1; Donor 2; Donor 3; Donor 4; Donor 5; Donor 6,Donor,gut metagenome,,New York University Langone Medical Center,SRR12454654,SAMN15822906,Illumina MiSeq,,RRN_FMT_RRN_gnoto9_21,mouse,Rheumatoid Arthritis,Methotrexate,2021-01-11
33440172,Adult,65,18,Year,No,3,Month,USA,cecum; colon; ileum,2019,Rheumatoid Arthritis,New-onset rheumatoid arthritis,MoBio,Donor 1; Donor 2; Donor 3; Donor 4; Donor 5; Donor 6,Donor,gut metagenome,,New York University Langone Medical Center,SRR12454658,SAMN15822903,Illumina MiSeq,,RRN_FMT_RRN_gnoto9_15,mouse,Rheumatoid Arthritis,Methotrexate,2021-01-11
33440172,Adult,65,18,Year,No,3,Month,USA,cecum; colon; ileum,2019,Rheumatoid Arthritis,New-onset rheumatoid arthritis,MoBio,Donor 1; Donor 2; Donor 3; Donor 4; Donor 5; Donor 6,Donor,gut metagenome,,New York University Langone Medical Center,SRR12454660,SAMN15822901,Illumina MiSeq,,RRN_FMT_RRN_gnoto9_13,mouse,Rheumatoid Arthritis,Methotrexate,2021-01-11
33440172,Adult,65,18,Year,No,3,Month,USA,cecum; colon; ileum,2019,Rheumatoid Arthritis,New-onset rheumatoid arthritis,MoBio,Donor 1; Donor 2; Donor 3; Donor 4; Donor 5; Donor 6,Donor,gut metagenome,,New York University Langone Medical Center,SRR12454661,SAMN15822900,Illumina MiSeq,,RRN_FMT_RRN_gnoto9_12,mouse,Rheumatoid Arthritis,Methotrexate,2021-01-11
33440172,Adult,65,18,Year,No,3,Month,USA,cecum; colon; ileum,2019,Rheumatoid Arthritis,New-onset rheumatoid arthritis,MoBio,Donor 1; Donor 2; Donor 3; Donor 4; Donor 5; Donor 6,Donor,gut metagenome,,New York University Langone Medical Center,SRR12454662,SAMN15822899,Illumina MiSeq,,RRN_FMT_RRN_gnoto9_1,mouse,Rheumatoid Arthritis,Methotrexate,2021-01-11
33440172,Adult,65,18,Year,No,3,Month,USA,cecum; colon; ileum,2019-06,Rheumatoid Arthritis,New-onset rheumatoid arthritis,MoBio,Donor 1; Donor 2; Donor 3; Donor 4; Donor 5; Donor 6,Donor,gut metagenome,,New York University Langone Medical Center,SRR12454663,SAMN15822898,Illumina MiSeq,,RRN_RAexVivo_RAexVivo_sample96,Homo sapiens,Rheumatoid Arthritis,Methotrexate,2021-01-11
33440172,Adult,65,18,Year,No,3,Month,USA,cecum; colon; ileum,2019-06,Rheumatoid Arthritis,New-onset rheumatoid arthritis,MoBio,Donor 1; Donor 2; Donor 3; Donor 4; Donor 5; Donor 6,Donor,gut metagenome,,New York University Langone Medical Center,SRR12454668,SAMN15822894,Illumina MiSeq,,RRN_RAexVivo_RAexVivo_sample92,Homo sapiens,Rheumatoid Arthritis,Methotrexate,2021-01-11
33440172,Adult,65,18,Year,No,3,Month,USA,cecum; colon; ileum,2019-06,Rheumatoid Arthritis,New-onset rheumatoid arthritis,MoBio,Donor 1; Donor 2; Donor 3; Donor 4; Donor 5; Donor 6,Donor,gut metagenome,,New York University Langone Medical Center,SRR12454669,SAMN15822893,Illumina MiSeq,,RRN_RAexVivo_RAexVivo_sample91,Homo sapiens,Rheumatoid Arthritis,Methotrexate,2021-01-11
33440172,Adult,65,18,Year,No,3,Month,USA,cecum; colon; ileum,2019-06,Rheumatoid Arthritis,New-onset rheumatoid arthritis,MoBio,Donor 1; Donor 2; Donor 3; Donor 4; Donor 5; Donor 6,Donor,gut metagenome,,New York University Langone Medical Center,SRR12454670,SAMN15822892,Illumina MiSeq,,RRN_RAexVivo_RAexVivo_sample90,Homo sapiens,Rheumatoid Arthritis,Methotrexate,2021-01-11
33440172,Adult,65,18,Year,No,3,Month,USA,cecum; colon; ileum,2019-06,Rheumatoid Arthritis,New-onset rheumatoid arthritis,MoBio,Donor 1; Donor 2; Donor 3; Donor 4; Donor 5; Donor 6,Donor,gut metagenome,,New York University Langone Medical Center,SRR12454673,SAMN15822889,Illumina MiSeq,,RRN_RAexVivo_RAexVivo_sample88,Homo sapiens,Rheumatoid Arthritis,Methotrexate,2021-01-11
33440172,Adult,65,18,Year,No,3,Month,USA,cecum; colon; ileum,2019-06,Rheumatoid Arthritis,New-onset rheumatoid arthritis,MoBio,Donor 1; Donor 2; Donor 3; Donor 4; Donor 5; Donor 6,Donor,gut metagenome,,New York University Langone Medical Center,SRR12454678,SAMN15822885,Illumina MiSeq,,RRN_RAexVivo_RAexVivo_sample84,Homo sapiens,Rheumatoid Arthritis,Methotrexate,2021-01-11
33440172,Adult,65,18,Year,No,3,Month,USA,cecum; colon; ileum,2019-06,Rheumatoid Arthritis,New-onset rheumatoid arthritis,MoBio,Donor 1; Donor 2; Donor 3; Donor 4; Donor 5; Donor 6,Donor,gut metagenome,,New York University Langone Medical Center,SRR12454679,SAMN15822884,Illumina MiSeq,,RRN_RAexVivo_RAexVivo_sample83,Homo sapiens,Rheumatoid Arthritis,Methotrexate,2021-01-11
33440172,Adult,65,18,Year,No,3,Month,USA,cecum; colon; ileum,2019-06,Rheumatoid Arthritis,New-onset rheumatoid arthritis,MoBio,Donor 1; Donor 2; Donor 3; Donor 4; Donor 5; Donor 6,Donor,gut metagenome,,New York University Langone Medical Center,SRR12454680,SAMN15822883,Illumina MiSeq,,RRN_RAexVivo_RAexVivo_sample82,Homo sapiens,Rheumatoid Arthritis,Methotrexate,2021-01-11
33440172,Adult,65,18,Year,No,3,Month,USA,cecum; colon; ileum,2019-06,Rheumatoid Arthritis,New-onset rheumatoid arthritis,MoBio,Donor 1; Donor 2; Donor 3; Donor 4; Donor 5; Donor 6,Donor,gut metagenome,,New York University Langone Medical Center,SRR12454681,SAMN15822882,Illumina MiSeq,,RRN_RAexVivo_RAexVivo_sample81,Homo sapiens,Rheumatoid Arthritis,Methotrexate,2021-01-11
33440172,Adult,65,18,Year,No,3,Month,USA,cecum; colon; ileum,2019-06,Rheumatoid Arthritis,New-onset rheumatoid arthritis,MoBio,Donor 1; Donor 2; Donor 3; Donor 4; Donor 5; Donor 6,Donor,gut metagenome,,New York University Langone Medical Center,SRR12454683,SAMN15822880,Illumina MiSeq,,RRN_RAexVivo_RAexVivo_sample8,Homo sapiens,Rheumatoid Arthritis,Methotrexate,2021-01-11
33440172,Adult,65,18,Year,No,3,Month,USA,cecum; colon; ileum,2019-06,Rheumatoid Arthritis,New-onset rheumatoid arthritis,MoBio,Donor 1; Donor 2; Donor 3; Donor 4; Donor 5; Donor 6,Donor,gut metagenome,,New York University Langone Medical Center,SRR12454685,SAMN15822878,Illumina MiSeq,,RRN_RAexVivo_RAexVivo_sample78,Homo sapiens,Rheumatoid Arthritis,Methotrexate,2021-01-11
33440172,Adult,65,18,Year,No,3,Month,USA,cecum; colon; ileum,2019-06,Rheumatoid Arthritis,New-onset rheumatoid arthritis,MoBio,Donor 1; Donor 2; Donor 3; Donor 4; Donor 5; Donor 6,Donor,gut metagenome,,New York University Langone Medical Center,SRR12454687,SAMN15822876,Illumina MiSeq,,RRN_RAexVivo_RAexVivo_sample76,Homo sapiens,Rheumatoid Arthritis,Methotrexate,2021-01-11
33440172,Adult,65,18,Year,No,3,Month,USA,cecum; colon; ileum,2019-06,Rheumatoid Arthritis,New-onset rheumatoid arthritis,MoBio,Donor 1; Donor 2; Donor 3; Donor 4; Donor 5; Donor 6,Donor,gut metagenome,,New York University Langone Medical Center,SRR12454692,SAMN15822872,Illumina MiSeq,,RRN_RAexVivo_RAexVivo_sample71,Homo sapiens,Rheumatoid Arthritis,Methotrexate,2021-01-11
33440172,Adult,65,18,Year,No,3,Month,USA,cecum; colon; ileum,2019-06,Rheumatoid Arthritis,New-onset rheumatoid arthritis,MoBio,Donor 1; Donor 2; Donor 3; Donor 4; Donor 5; Donor 6,Donor,gut metagenome,,New York University Langone Medical Center,SRR12454695,SAMN15822869,Illumina MiSeq,,RRN_RAexVivo_RAexVivo_sample69,Homo sapiens,Rheumatoid Arthritis,Methotrexate,2021-01-11
33440172,Adult,65,18,Year,No,3,Month,USA,cecum; colon; ileum,2019-06,Rheumatoid Arthritis,New-onset rheumatoid arthritis,MoBio,Donor 1; Donor 2; Donor 3; Donor 4; Donor 5; Donor 6,Donor,gut metagenome,,New York University Langone Medical Center,SRR12454701,SAMN15822864,Illumina MiSeq,,RRN_RAexVivo_RAexVivo_sample6,Homo sapiens,Rheumatoid Arthritis,Methotrexate,2021-01-11
33440172,Adult,65,18,Year,No,3,Month,USA,cecum; colon; ileum,2019-06,Rheumatoid Arthritis,New-onset rheumatoid arthritis,MoBio,Donor 1; Donor 2; Donor 3; Donor 4; Donor 5; Donor 6,Donor,gut metagenome,,New York University Langone Medical Center,SRR12454702,SAMN15822863,Illumina MiSeq,,RRN_RAexVivo_RAexVivo_sample5,Homo sapiens,Rheumatoid Arthritis,Methotrexate,2021-01-11
33440172,Adult,65,18,Year,No,3,Month,USA,cecum; colon; ileum,2019-06,Rheumatoid Arthritis,New-onset rheumatoid arthritis,MoBio,Donor 1; Donor 2; Donor 3; Donor 4; Donor 5; Donor 6,Donor,gut metagenome,,New York University Langone Medical Center,SRR12454706,SAMN15822859,Illumina MiSeq,,RRN_RAexVivo_RAexVivo_sample30,Homo sapiens,Rheumatoid Arthritis,Methotrexate,2021-01-11
33440172,Adult,65,18,Year,No,3,Month,USA,cecum; colon; ileum,2019-06,Rheumatoid Arthritis,New-onset rheumatoid arthritis,MoBio,Donor 1; Donor 2; Donor 3; Donor 4; Donor 5; Donor 6,Donor,gut metagenome,,New York University Langone Medical Center,SRR12454709,SAMN15822856,Illumina MiSeq,,RRN_RAexVivo_RAexVivo_sample28,Homo sapiens,Rheumatoid Arthritis,Methotrexate,2021-01-11
33440172,Adult,65,18,Year,No,3,Month,USA,cecum; colon; ileum,2019-06,Rheumatoid Arthritis,New-onset rheumatoid arthritis,MoBio,Donor 1; Donor 2; Donor 3; Donor 4; Donor 5; Donor 6,Donor,gut metagenome,,New York University Langone Medical Center,SRR12454710,SAMN15822838,Illumina MiSeq,,RRN_RAexVivo_RAexVivo_sample11,Homo sapiens,Rheumatoid Arthritis,Methotrexate,2021-01-11
33440172,Adult,65,18,Year,No,3,Month,USA,cecum; colon; ileum,2019-06,Rheumatoid Arthritis,New-onset rheumatoid arthritis,MoBio,Donor 1; Donor 2; Donor 3; Donor 4; Donor 5; Donor 6,Donor,gut metagenome,,New York University Langone Medical Center,SRR12454711,SAMN15822855,Illumina MiSeq,,RRN_RAexVivo_RAexVivo_sample27,Homo sapiens,Rheumatoid Arthritis,Methotrexate,2021-01-11
33440172,Adult,65,18,Year,No,3,Month,USA,cecum; colon; ileum,2019-06,Rheumatoid Arthritis,New-onset rheumatoid arthritis,MoBio,Donor 1; Donor 2; Donor 3; Donor 4; Donor 5; Donor 6,Donor,gut metagenome,,New York University Langone Medical Center,SRR12454715,SAMN15822851,Illumina MiSeq,,RRN_RAexVivo_RAexVivo_sample23,Homo sapiens,Rheumatoid Arthritis,Methotrexate,2021-01-11
33440172,Adult,65,18,Year,No,3,Month,USA,cecum; colon; ileum,2019-06,Rheumatoid Arthritis,New-onset rheumatoid arthritis,MoBio,Donor 1; Donor 2; Donor 3; Donor 4; Donor 5; Donor 6,Donor,gut metagenome,,New York University Langone Medical Center,SRR12454718,SAMN15822848,Illumina MiSeq,,RRN_RAexVivo_RAexVivo_sample20,Homo sapiens,Rheumatoid Arthritis,Methotrexate,2021-01-11
33440172,Adult,65,18,Year,No,3,Month,USA,cecum; colon; ileum,2019,Rheumatoid Arthritis,New-onset rheumatoid arthritis,MoBio,Donor 1; Donor 2; Donor 3; Donor 4; Donor 5; Donor 6,Donor,gut metagenome,,New York University Langone Medical Center,SRR12454722,SAMN15822936,Illumina MiSeq,,RRN_FMT_RRN_gnoto9_8,mouse,Rheumatoid Arthritis,Methotrexate,2021-01-11
33440172,Adult,65,18,Year,No,3,Month,USA,cecum; colon; ileum,2014-01,Rheumatoid Arthritis,New-onset rheumatoid arthritis,MoBio,Donor 1; Donor 2; Donor 3; Donor 4; Donor 5; Donor 6,Donor,gut metagenome,,New York University Langone Medical Center,SRR12455124,SAMN15823266,Illumina MiSeq,,NYU_RA_90B,Homo sapiens,Rheumatoid Arthritis,Methotrexate,2021-01-11
33440172,Adult,65,18,Year,No,3,Month,USA,cecum; colon; ileum,2014-01,Rheumatoid Arthritis,New-onset rheumatoid arthritis,MoBio,Donor 1; Donor 2; Donor 3; Donor 4; Donor 5; Donor 6,Donor,gut metagenome,,New York University Langone Medical Center,SRR12455126,SAMN15823264,Illumina MiSeq,,NYU_RA_88B,Homo sapiens,Rheumatoid Arthritis,Methotrexate,2021-01-11
33440172,Adult,65,18,Year,No,3,Month,USA,cecum; colon; ileum,2014-01,Rheumatoid Arthritis,New-onset rheumatoid arthritis,MoBio,Donor 1; Donor 2; Donor 3; Donor 4; Donor 5; Donor 6,Donor,gut metagenome,,New York University Langone Medical Center,SRR12455131,SAMN15823300,Illumina MiSeq,,NYU_RA_347B,Homo sapiens,Rheumatoid Arthritis,Methotrexate,2021-01-11
33440172,Adult,65,18,Year,No,3,Month,USA,cecum; colon; ileum,2014-01,Rheumatoid Arthritis,New-onset rheumatoid arthritis,MoBio,Donor 1; Donor 2; Donor 3; Donor 4; Donor 5; Donor 6,Donor,gut metagenome,,New York University Langone Medical Center,SRR12455132,SAMN15823299,Illumina MiSeq,,NYU_RA_342C,Homo sapiens,Rheumatoid Arthritis,Methotrexate,2021-01-11
33440172,Adult,65,18,Year,No,3,Month,USA,cecum; colon; ileum,2014-01,Rheumatoid Arthritis,New-onset rheumatoid arthritis,MoBio,Donor 1; Donor 2; Donor 3; Donor 4; Donor 5; Donor 6,Donor,gut metagenome,,New York University Langone Medical Center,SRR12455133,SAMN15823298,Illumina MiSeq,,NYU_RA_342B,Homo sapiens,Rheumatoid Arthritis,Methotrexate,2021-01-11
33440172,Adult,65,18,Year,No,3,Month,USA,cecum; colon; ileum,2014-01,Rheumatoid Arthritis,New-onset rheumatoid arthritis,MoBio,Donor 1; Donor 2; Donor 3; Donor 4; Donor 5; Donor 6,Donor,gut metagenome,,New York University Langone Medical Center,SRR12455134,SAMN15823262,Illumina MiSeq,,NYU_RA_82B,Homo sapiens,Rheumatoid Arthritis,Methotrexate,2021-01-11
33440172,Adult,65,18,Year,No,3,Month,USA,cecum; colon; ileum,2014-01,Rheumatoid Arthritis,New-onset rheumatoid arthritis,MoBio,Donor 1; Donor 2; Donor 3; Donor 4; Donor 5; Donor 6,Donor,gut metagenome,,New York University Langone Medical Center,SRR12455135,SAMN15823297,Illumina MiSeq,,NYU_RA_334C,Homo sapiens,Rheumatoid Arthritis,Methotrexate,2021-01-11
33440172,Adult,65,18,Year,No,3,Month,USA,cecum; colon; ileum,2014-01,Rheumatoid Arthritis,New-onset rheumatoid arthritis,MoBio,Donor 1; Donor 2; Donor 3; Donor 4; Donor 5; Donor 6,Donor,gut metagenome,,New York University Langone Medical Center,SRR12455136,SAMN15823296,Illumina MiSeq,,NYU_RA_334B,Homo sapiens,Rheumatoid Arthritis,Methotrexate,2021-01-11
33440172,Adult,65,18,Year,No,3,Month,USA,cecum; colon; ileum,2014-01,Rheumatoid Arthritis,New-onset rheumatoid arthritis,MoBio,Donor 1; Donor 2; Donor 3; Donor 4; Donor 5; Donor 6,Donor,gut metagenome,,New York University Langone Medical Center,SRR12455138,SAMN15823294,Illumina MiSeq,,NYU_RA_317B,Homo sapiens,Rheumatoid Arthritis,Methotrexate,2021-01-11
33440172,Adult,65,18,Year,No,3,Month,USA,cecum; colon; ileum,2014-01,Rheumatoid Arthritis,New-onset rheumatoid arthritis,MoBio,Donor 1; Donor 2; Donor 3; Donor 4; Donor 5; Donor 6,Donor,gut metagenome,,New York University Langone Medical Center,SRR12455140,SAMN15823292,Illumina MiSeq,,NYU_RA_299B,Homo sapiens,Rheumatoid Arthritis,Methotrexate,2021-01-11
33440172,Adult,65,18,Year,No,3,Month,USA,cecum; colon; ileum,2014-01,Rheumatoid Arthritis,New-onset rheumatoid arthritis,MoBio,Donor 1; Donor 2; Donor 3; Donor 4; Donor 5; Donor 6,Donor,gut metagenome,,New York University Langone Medical Center,SRR12455153,SAMN15823280,Illumina MiSeq,,NYU_RA_172B,Homo sapiens,Rheumatoid Arthritis,Methotrexate,2021-01-11
33440172,Adult,65,18,Year,No,3,Month,USA,cecum; colon; ileum,2014-01,Rheumatoid Arthritis,New-onset rheumatoid arthritis,MoBio,Donor 1; Donor 2; Donor 3; Donor 4; Donor 5; Donor 6,Donor,gut metagenome,,New York University Langone Medical Center,SRR12455160,SAMN15823274,Illumina MiSeq,,NYU_RA_140B,Homo sapiens,Rheumatoid Arthritis,Methotrexate,2021-01-11
33440172,Adult,65,18,Year,No,3,Month,USA,cecum; colon; ileum,2014-01,Rheumatoid Arthritis,New-onset rheumatoid arthritis,MoBio,Donor 1; Donor 2; Donor 3; Donor 4; Donor 5; Donor 6,Donor,gut metagenome,,New York University Langone Medical Center,SRR12455163,SAMN15823271,Illumina MiSeq,,NYU_RA_126C,Homo sapiens,Rheumatoid Arthritis,Methotrexate,2021-01-11
33440172,Adult,65,18,Year,No,3,Month,USA,cecum; colon; ileum,2014-01,Rheumatoid Arthritis,New-onset rheumatoid arthritis,MoBio,Donor 1; Donor 2; Donor 3; Donor 4; Donor 5; Donor 6,Donor,gut metagenome,,New York University Langone Medical Center,SRR12455165,SAMN15823269,Illumina MiSeq,,NYU_RA_107C,Homo sapiens,Rheumatoid Arthritis,Methotrexate,2021-01-11
33440172,Adult,65,18,Year,No,3,Month,USA,cecum; colon; ileum,2014-01,Rheumatoid Arthritis,New-onset rheumatoid arthritis,MoBio,Donor 1; Donor 2; Donor 3; Donor 4; Donor 5; Donor 6,Donor,gut metagenome,,New York University Langone Medical Center,SRR12455166,SAMN15823268,Illumina MiSeq,,NYU_RA_107B,Homo sapiens,Rheumatoid Arthritis,Methotrexate,2021-01-11
33440172,Adult,65,18,Year,No,3,Month,USA,cecum; colon; ileum,2014-01,Rheumatoid Arthritis,New-onset rheumatoid arthritis,MoBio,Donor 1; Donor 2; Donor 3; Donor 4; Donor 5; Donor 6,Donor,gut metagenome,,New York University Langone Medical Center,SRR12455515,SAMN15823265,Illumina NovaSeq 6000,,NYU_RA_88C,Homo sapiens,Rheumatoid Arthritis,Methotrexate,2021-01-11
33440172,Adult,65,18,Year,No,3,Month,USA,cecum; colon; ileum,2014-01,Rheumatoid Arthritis,New-onset rheumatoid arthritis,MoBio,Donor 1; Donor 2; Donor 3; Donor 4; Donor 5; Donor 6,Donor,gut metagenome,,New York University Langone Medical Center,SRR12455518,SAMN15823297,Illumina NovaSeq 6000,,NYU_RA_334C,Homo sapiens,Rheumatoid Arthritis,Methotrexate,2021-01-11
33440172,Adult,65,18,Year,No,3,Month,USA,cecum; colon; ileum,2014-01,Rheumatoid Arthritis,New-onset rheumatoid arthritis,MoBio,Donor 1; Donor 2; Donor 3; Donor 4; Donor 5; Donor 6,Donor,gut metagenome,,New York University Langone Medical Center,SRR12455519,SAMN15823296,Illumina NovaSeq 6000,,NYU_RA_334B,Homo sapiens,Rheumatoid Arthritis,Methotrexate,2021-01-11
33440172,Adult,65,18,Year,No,3,Month,USA,cecum; colon; ileum,2019-10,Rheumatoid Arthritis,New-onset rheumatoid arthritis,MoBio,Donor 1; Donor 2; Donor 3; Donor 4; Donor 5; Donor 6,Donor,gut metagenome,,New York University Langone Medical Center,SRR12455533,SAMN15824365,Illumina NovaSeq 6000,,NYU_RA_371C,Homo sapiens,Rheumatoid Arthritis,Methotrexate,2021-01-11
33440172,Adult,65,18,Year,No,3,Month,USA,cecum; colon; ileum,2014-01,Rheumatoid Arthritis,New-onset rheumatoid arthritis,MoBio,Donor 1; Donor 2; Donor 3; Donor 4; Donor 5; Donor 6,Donor,gut metagenome,,New York University Langone Medical Center,SRR12455536,SAMN15823302,Illumina NovaSeq 6000,,NYU_RA_360B,Homo sapiens,Rheumatoid Arthritis,Methotrexate,2021-01-11
33440172,Adult,65,18,Year,No,3,Month,USA,cecum; colon; ileum,2019-10,Rheumatoid Arthritis,New-onset rheumatoid arthritis,MoBio,Donor 1; Donor 2; Donor 3; Donor 4; Donor 5; Donor 6,Donor,gut metagenome,,New York University Langone Medical Center,SRR12455538,SAMN15824362,Illumina NovaSeq 6000,,NYU_RA_356B,Homo sapiens,Rheumatoid Arthritis,Methotrexate,2021-01-11
