paper_id,antibiotics_current_use,antibiotics_exclusion_period,antibiotics_exclusion_period_unit,biomarker_name,biomarker_unit,biomarker_value,body_site,collection_date,country,disease,disease_details,feces_phenotype_value,fmt_id,host_species,ncbi_accession,sample_id,sequencing_platform,subcohort,subject_id,target_condition,treatment,uncurated_metadata
27126044,No,3,Month,Donor-specific SNV retention (determinant positions); SNV assignment error rate; Proportion of acquired donor-specific species (allogenic FMT); Proportion of newly detected species (placebo); Proportion of newly detected species (healthy); Species shared between donor and recipient; Coexistence of donor and recipient strains (shared species); Species showing resistance to donor strains; Species showing donor-recipient strain coexistence,%; %; %; %; %; %; %; %; %,69.3 ± 21.8 (day 2); 37.6 ± 16.6 (3 months); 11.9; not clearly separated from placebo/healthy fluctuation range in 4/5 cases; 20.8 ± 5.5; 17.7 ± 10.9; 64.5 ± 6.0; 50.7 ± 10.1; 39 ± 23; 44 ± 14,feces,2009/2010,Netherlands,Metabolic syndrome,Metabolic syndrome,Species composition change above range of temporal variation (Euclidean distance); Higher single-site allelic variation in allogenic FMT vs placebo/healthy,FMT1; FMT2; FMT3; FMT4; FMT5; SELF1; SELF2; SELF3; SELF4; SELF5,Homo sapiens,ERR1297424,SAMEA3882515,Illumina HiSeq 2000,allogenic FMT / placebo (autologous) FMT / healthy control,FAT_010-22-2-0,metabolic syndrome,Fecal microbiota transplantation,"Cohort of 10 subjects: 5 allogenic FMT (from one of three lean donors), 5 autologous (placebo) FMT; 55 fecal metagenomes sequenced from FMT study; 164 total metagenomes across three study groups; Comparison cohort: 109 metagenomes from 48 healthy FMT-naive individuals including Human Microbiome Project data; 1105 detected prokaryotic species; 11.8 million variant positions identified; 42 species across five phyla used for confident SNV tracking; Subjects had not used antibiotics or other medication for at least 3 months before or during treatment"
27126044,No,3,Month,Donor-specific SNV retention (determinant positions); SNV assignment error rate; Proportion of acquired donor-specific species (allogenic FMT); Proportion of newly detected species (placebo); Proportion of newly detected species (healthy); Species shared between donor and recipient; Coexistence of donor and recipient strains (shared species); Species showing resistance to donor strains; Species showing donor-recipient strain coexistence,%; %; %; %; %; %; %; %; %,69.3 ± 21.8 (day 2); 37.6 ± 16.6 (3 months); 11.9; not clearly separated from placebo/healthy fluctuation range in 4/5 cases; 20.8 ± 5.5; 17.7 ± 10.9; 64.5 ± 6.0; 50.7 ± 10.1; 39 ± 23; 44 ± 14,feces,2009/2010,Netherlands,Metabolic syndrome,Metabolic syndrome,Species composition change above range of temporal variation (Euclidean distance); Higher single-site allelic variation in allogenic FMT vs placebo/healthy,FMT1; FMT2; FMT3; FMT4; FMT5; SELF1; SELF2; SELF3; SELF4; SELF5,Homo sapiens,ERR1297426,SAMEA3882555,Illumina HiSeq 2000,allogenic FMT / placebo (autologous) FMT / healthy control,FAT_DON_11-22-0-6,metabolic syndrome,Fecal microbiota transplantation,"Cohort of 10 subjects: 5 allogenic FMT (from one of three lean donors), 5 autologous (placebo) FMT; 55 fecal metagenomes sequenced from FMT study; 164 total metagenomes across three study groups; Comparison cohort: 109 metagenomes from 48 healthy FMT-naive individuals including Human Microbiome Project data; 1105 detected prokaryotic species; 11.8 million variant positions identified; 42 species across five phyla used for confident SNV tracking; Subjects had not used antibiotics or other medication for at least 3 months before or during treatment"
27126044,No,3,Month,Donor-specific SNV retention (determinant positions); SNV assignment error rate; Proportion of acquired donor-specific species (allogenic FMT); Proportion of newly detected species (placebo); Proportion of newly detected species (healthy); Species shared between donor and recipient; Coexistence of donor and recipient strains (shared species); Species showing resistance to donor strains; Species showing donor-recipient strain coexistence,%; %; %; %; %; %; %; %; %,69.3 ± 21.8 (day 2); 37.6 ± 16.6 (3 months); 11.9; not clearly separated from placebo/healthy fluctuation range in 4/5 cases; 20.8 ± 5.5; 17.7 ± 10.9; 64.5 ± 6.0; 50.7 ± 10.1; 39 ± 23; 44 ± 14,feces,2009/2010,Netherlands,Metabolic syndrome,Metabolic syndrome,Species composition change above range of temporal variation (Euclidean distance); Higher single-site allelic variation in allogenic FMT vs placebo/healthy,FMT1; FMT2; FMT3; FMT4; FMT5; SELF1; SELF2; SELF3; SELF4; SELF5,Homo sapiens,ERR1297427,SAMEA3882554,Illumina HiSeq 2000,allogenic FMT / placebo (autologous) FMT / healthy control,FAT_DON_11-22-0-5,metabolic syndrome,Fecal microbiota transplantation,"Cohort of 10 subjects: 5 allogenic FMT (from one of three lean donors), 5 autologous (placebo) FMT; 55 fecal metagenomes sequenced from FMT study; 164 total metagenomes across three study groups; Comparison cohort: 109 metagenomes from 48 healthy FMT-naive individuals including Human Microbiome Project data; 1105 detected prokaryotic species; 11.8 million variant positions identified; 42 species across five phyla used for confident SNV tracking; Subjects had not used antibiotics or other medication for at least 3 months before or during treatment"
27126044,No,3,Month,Donor-specific SNV retention (determinant positions); SNV assignment error rate; Proportion of acquired donor-specific species (allogenic FMT); Proportion of newly detected species (placebo); Proportion of newly detected species (healthy); Species shared between donor and recipient; Coexistence of donor and recipient strains (shared species); Species showing resistance to donor strains; Species showing donor-recipient strain coexistence,%; %; %; %; %; %; %; %; %,69.3 ± 21.8 (day 2); 37.6 ± 16.6 (3 months); 11.9; not clearly separated from placebo/healthy fluctuation range in 4/5 cases; 20.8 ± 5.5; 17.7 ± 10.9; 64.5 ± 6.0; 50.7 ± 10.1; 39 ± 23; 44 ± 14,feces,2009/2010,Netherlands,Metabolic syndrome,Metabolic syndrome,Species composition change above range of temporal variation (Euclidean distance); Higher single-site allelic variation in allogenic FMT vs placebo/healthy,FMT1; FMT2; FMT3; FMT4; FMT5; SELF1; SELF2; SELF3; SELF4; SELF5,Homo sapiens,ERR1297430,SAMEA3882551,Illumina HiSeq 2000,allogenic FMT / placebo (autologous) FMT / healthy control,FAT_024-22-42-0,metabolic syndrome,Fecal microbiota transplantation,"Cohort of 10 subjects: 5 allogenic FMT (from one of three lean donors), 5 autologous (placebo) FMT; 55 fecal metagenomes sequenced from FMT study; 164 total metagenomes across three study groups; Comparison cohort: 109 metagenomes from 48 healthy FMT-naive individuals including Human Microbiome Project data; 1105 detected prokaryotic species; 11.8 million variant positions identified; 42 species across five phyla used for confident SNV tracking; Subjects had not used antibiotics or other medication for at least 3 months before or during treatment"
27126044,No,3,Month,Donor-specific SNV retention (determinant positions); SNV assignment error rate; Proportion of acquired donor-specific species (allogenic FMT); Proportion of newly detected species (placebo); Proportion of newly detected species (healthy); Species shared between donor and recipient; Coexistence of donor and recipient strains (shared species); Species showing resistance to donor strains; Species showing donor-recipient strain coexistence,%; %; %; %; %; %; %; %; %,69.3 ± 21.8 (day 2); 37.6 ± 16.6 (3 months); 11.9; not clearly separated from placebo/healthy fluctuation range in 4/5 cases; 20.8 ± 5.5; 17.7 ± 10.9; 64.5 ± 6.0; 50.7 ± 10.1; 39 ± 23; 44 ± 14,feces,2009/2010,Netherlands,Metabolic syndrome,Metabolic syndrome,Species composition change above range of temporal variation (Euclidean distance); Higher single-site allelic variation in allogenic FMT vs placebo/healthy,FMT1; FMT2; FMT3; FMT4; FMT5; SELF1; SELF2; SELF3; SELF4; SELF5,Homo sapiens,ERR1297435,SAMEA3882511,Illumina HiSeq 2000,allogenic FMT / placebo (autologous) FMT / healthy control,FAT_008-22-42-0,metabolic syndrome,Fecal microbiota transplantation,"Cohort of 10 subjects: 5 allogenic FMT (from one of three lean donors), 5 autologous (placebo) FMT; 55 fecal metagenomes sequenced from FMT study; 164 total metagenomes across three study groups; Comparison cohort: 109 metagenomes from 48 healthy FMT-naive individuals including Human Microbiome Project data; 1105 detected prokaryotic species; 11.8 million variant positions identified; 42 species across five phyla used for confident SNV tracking; Subjects had not used antibiotics or other medication for at least 3 months before or during treatment"
27126044,No,3,Month,Donor-specific SNV retention (determinant positions); SNV assignment error rate; Proportion of acquired donor-specific species (allogenic FMT); Proportion of newly detected species (placebo); Proportion of newly detected species (healthy); Species shared between donor and recipient; Coexistence of donor and recipient strains (shared species); Species showing resistance to donor strains; Species showing donor-recipient strain coexistence,%; %; %; %; %; %; %; %; %,69.3 ± 21.8 (day 2); 37.6 ± 16.6 (3 months); 11.9; not clearly separated from placebo/healthy fluctuation range in 4/5 cases; 20.8 ± 5.5; 17.7 ± 10.9; 64.5 ± 6.0; 50.7 ± 10.1; 39 ± 23; 44 ± 14,feces,2009/2010,Netherlands,Metabolic syndrome,Metabolic syndrome,Species composition change above range of temporal variation (Euclidean distance); Higher single-site allelic variation in allogenic FMT vs placebo/healthy,FMT1; FMT2; FMT3; FMT4; FMT5; SELF1; SELF2; SELF3; SELF4; SELF5,Homo sapiens,ERR1297439,SAMEA3882524,Illumina HiSeq 2000,allogenic FMT / placebo (autologous) FMT / healthy control,FAT_014-22-14-0,metabolic syndrome,Fecal microbiota transplantation,"Cohort of 10 subjects: 5 allogenic FMT (from one of three lean donors), 5 autologous (placebo) FMT; 55 fecal metagenomes sequenced from FMT study; 164 total metagenomes across three study groups; Comparison cohort: 109 metagenomes from 48 healthy FMT-naive individuals including Human Microbiome Project data; 1105 detected prokaryotic species; 11.8 million variant positions identified; 42 species across five phyla used for confident SNV tracking; Subjects had not used antibiotics or other medication for at least 3 months before or during treatment"
27126044,No,3,Month,Donor-specific SNV retention (determinant positions); SNV assignment error rate; Proportion of acquired donor-specific species (allogenic FMT); Proportion of newly detected species (placebo); Proportion of newly detected species (healthy); Species shared between donor and recipient; Coexistence of donor and recipient strains (shared species); Species showing resistance to donor strains; Species showing donor-recipient strain coexistence,%; %; %; %; %; %; %; %; %,69.3 ± 21.8 (day 2); 37.6 ± 16.6 (3 months); 11.9; not clearly separated from placebo/healthy fluctuation range in 4/5 cases; 20.8 ± 5.5; 17.7 ± 10.9; 64.5 ± 6.0; 50.7 ± 10.1; 39 ± 23; 44 ± 14,feces,2009/2010,Netherlands,Metabolic syndrome,Metabolic syndrome,Species composition change above range of temporal variation (Euclidean distance); Higher single-site allelic variation in allogenic FMT vs placebo/healthy,FMT1; FMT2; FMT3; FMT4; FMT5; SELF1; SELF2; SELF3; SELF4; SELF5,Homo sapiens,ERR1297440,SAMEA3882547,Illumina HiSeq 2000,allogenic FMT / placebo (autologous) FMT / healthy control,FAT_023-22-84-0,metabolic syndrome,Fecal microbiota transplantation,"Cohort of 10 subjects: 5 allogenic FMT (from one of three lean donors), 5 autologous (placebo) FMT; 55 fecal metagenomes sequenced from FMT study; 164 total metagenomes across three study groups; Comparison cohort: 109 metagenomes from 48 healthy FMT-naive individuals including Human Microbiome Project data; 1105 detected prokaryotic species; 11.8 million variant positions identified; 42 species across five phyla used for confident SNV tracking; Subjects had not used antibiotics or other medication for at least 3 months before or during treatment"
27126044,No,3,Month,Donor-specific SNV retention (determinant positions); SNV assignment error rate; Proportion of acquired donor-specific species (allogenic FMT); Proportion of newly detected species (placebo); Proportion of newly detected species (healthy); Species shared between donor and recipient; Coexistence of donor and recipient strains (shared species); Species showing resistance to donor strains; Species showing donor-recipient strain coexistence,%; %; %; %; %; %; %; %; %,69.3 ± 21.8 (day 2); 37.6 ± 16.6 (3 months); 11.9; not clearly separated from placebo/healthy fluctuation range in 4/5 cases; 20.8 ± 5.5; 17.7 ± 10.9; 64.5 ± 6.0; 50.7 ± 10.1; 39 ± 23; 44 ± 14,feces,2009/2010,Netherlands,Metabolic syndrome,Metabolic syndrome,Species composition change above range of temporal variation (Euclidean distance); Higher single-site allelic variation in allogenic FMT vs placebo/healthy,FMT1; FMT2; FMT3; FMT4; FMT5; SELF1; SELF2; SELF3; SELF4; SELF5,Homo sapiens,ERR1297442,SAMEA3882516,Illumina HiSeq 2000,allogenic FMT / placebo (autologous) FMT / healthy control,FAT_010-22-42-0,metabolic syndrome,Fecal microbiota transplantation,"Cohort of 10 subjects: 5 allogenic FMT (from one of three lean donors), 5 autologous (placebo) FMT; 55 fecal metagenomes sequenced from FMT study; 164 total metagenomes across three study groups; Comparison cohort: 109 metagenomes from 48 healthy FMT-naive individuals including Human Microbiome Project data; 1105 detected prokaryotic species; 11.8 million variant positions identified; 42 species across five phyla used for confident SNV tracking; Subjects had not used antibiotics or other medication for at least 3 months before or during treatment"
27126044,No,3,Month,Donor-specific SNV retention (determinant positions); SNV assignment error rate; Proportion of acquired donor-specific species (allogenic FMT); Proportion of newly detected species (placebo); Proportion of newly detected species (healthy); Species shared between donor and recipient; Coexistence of donor and recipient strains (shared species); Species showing resistance to donor strains; Species showing donor-recipient strain coexistence,%; %; %; %; %; %; %; %; %,69.3 ± 21.8 (day 2); 37.6 ± 16.6 (3 months); 11.9; not clearly separated from placebo/healthy fluctuation range in 4/5 cases; 20.8 ± 5.5; 17.7 ± 10.9; 64.5 ± 6.0; 50.7 ± 10.1; 39 ± 23; 44 ± 14,feces,2009/2010,Netherlands,Metabolic syndrome,Metabolic syndrome,Species composition change above range of temporal variation (Euclidean distance); Higher single-site allelic variation in allogenic FMT vs placebo/healthy,FMT1; FMT2; FMT3; FMT4; FMT5; SELF1; SELF2; SELF3; SELF4; SELF5,Homo sapiens,ERR1297445,SAMEA3882531,Illumina HiSeq 2000,allogenic FMT / placebo (autologous) FMT / healthy control,FAT_015-22-42-0,metabolic syndrome,Fecal microbiota transplantation,"Cohort of 10 subjects: 5 allogenic FMT (from one of three lean donors), 5 autologous (placebo) FMT; 55 fecal metagenomes sequenced from FMT study; 164 total metagenomes across three study groups; Comparison cohort: 109 metagenomes from 48 healthy FMT-naive individuals including Human Microbiome Project data; 1105 detected prokaryotic species; 11.8 million variant positions identified; 42 species across five phyla used for confident SNV tracking; Subjects had not used antibiotics or other medication for at least 3 months before or during treatment"
27126044,No,3,Month,Donor-specific SNV retention (determinant positions); SNV assignment error rate; Proportion of acquired donor-specific species (allogenic FMT); Proportion of newly detected species (placebo); Proportion of newly detected species (healthy); Species shared between donor and recipient; Coexistence of donor and recipient strains (shared species); Species showing resistance to donor strains; Species showing donor-recipient strain coexistence,%; %; %; %; %; %; %; %; %,69.3 ± 21.8 (day 2); 37.6 ± 16.6 (3 months); 11.9; not clearly separated from placebo/healthy fluctuation range in 4/5 cases; 20.8 ± 5.5; 17.7 ± 10.9; 64.5 ± 6.0; 50.7 ± 10.1; 39 ± 23; 44 ± 14,feces,2009/2010,Netherlands,Metabolic syndrome,Metabolic syndrome,Species composition change above range of temporal variation (Euclidean distance); Higher single-site allelic variation in allogenic FMT vs placebo/healthy,FMT1; FMT2; FMT3; FMT4; FMT5; SELF1; SELF2; SELF3; SELF4; SELF5,Homo sapiens,ERR1297448,SAMEA3882551,Illumina HiSeq 2000,allogenic FMT / placebo (autologous) FMT / healthy control,FAT_024-22-42-0,metabolic syndrome,Fecal microbiota transplantation,"Cohort of 10 subjects: 5 allogenic FMT (from one of three lean donors), 5 autologous (placebo) FMT; 55 fecal metagenomes sequenced from FMT study; 164 total metagenomes across three study groups; Comparison cohort: 109 metagenomes from 48 healthy FMT-naive individuals including Human Microbiome Project data; 1105 detected prokaryotic species; 11.8 million variant positions identified; 42 species across five phyla used for confident SNV tracking; Subjects had not used antibiotics or other medication for at least 3 months before or during treatment"
27126044,No,3,Month,Donor-specific SNV retention (determinant positions); SNV assignment error rate; Proportion of acquired donor-specific species (allogenic FMT); Proportion of newly detected species (placebo); Proportion of newly detected species (healthy); Species shared between donor and recipient; Coexistence of donor and recipient strains (shared species); Species showing resistance to donor strains; Species showing donor-recipient strain coexistence,%; %; %; %; %; %; %; %; %,69.3 ± 21.8 (day 2); 37.6 ± 16.6 (3 months); 11.9; not clearly separated from placebo/healthy fluctuation range in 4/5 cases; 20.8 ± 5.5; 17.7 ± 10.9; 64.5 ± 6.0; 50.7 ± 10.1; 39 ± 23; 44 ± 14,feces,2009/2010,Netherlands,Metabolic syndrome,Metabolic syndrome,Species composition change above range of temporal variation (Euclidean distance); Higher single-site allelic variation in allogenic FMT vs placebo/healthy,FMT1; FMT2; FMT3; FMT4; FMT5; SELF1; SELF2; SELF3; SELF4; SELF5,Homo sapiens,ERR1297451,SAMEA3882523,Illumina HiSeq 2000,allogenic FMT / placebo (autologous) FMT / healthy control,FAT_014-22-0-0,metabolic syndrome,Fecal microbiota transplantation,"Cohort of 10 subjects: 5 allogenic FMT (from one of three lean donors), 5 autologous (placebo) FMT; 55 fecal metagenomes sequenced from FMT study; 164 total metagenomes across three study groups; Comparison cohort: 109 metagenomes from 48 healthy FMT-naive individuals including Human Microbiome Project data; 1105 detected prokaryotic species; 11.8 million variant positions identified; 42 species across five phyla used for confident SNV tracking; Subjects had not used antibiotics or other medication for at least 3 months before or during treatment"
27126044,No,3,Month,Donor-specific SNV retention (determinant positions); SNV assignment error rate; Proportion of acquired donor-specific species (allogenic FMT); Proportion of newly detected species (placebo); Proportion of newly detected species (healthy); Species shared between donor and recipient; Coexistence of donor and recipient strains (shared species); Species showing resistance to donor strains; Species showing donor-recipient strain coexistence,%; %; %; %; %; %; %; %; %,69.3 ± 21.8 (day 2); 37.6 ± 16.6 (3 months); 11.9; not clearly separated from placebo/healthy fluctuation range in 4/5 cases; 20.8 ± 5.5; 17.7 ± 10.9; 64.5 ± 6.0; 50.7 ± 10.1; 39 ± 23; 44 ± 14,feces,2009/2010,Netherlands,Metabolic syndrome,Metabolic syndrome,Species composition change above range of temporal variation (Euclidean distance); Higher single-site allelic variation in allogenic FMT vs placebo/healthy,FMT1; FMT2; FMT3; FMT4; FMT5; SELF1; SELF2; SELF3; SELF4; SELF5,Homo sapiens,ERR1297457,SAMEA3882521,Illumina HiSeq 2000,allogenic FMT / placebo (autologous) FMT / healthy control,FAT_012-22-42-0,metabolic syndrome,Fecal microbiota transplantation,"Cohort of 10 subjects: 5 allogenic FMT (from one of three lean donors), 5 autologous (placebo) FMT; 55 fecal metagenomes sequenced from FMT study; 164 total metagenomes across three study groups; Comparison cohort: 109 metagenomes from 48 healthy FMT-naive individuals including Human Microbiome Project data; 1105 detected prokaryotic species; 11.8 million variant positions identified; 42 species across five phyla used for confident SNV tracking; Subjects had not used antibiotics or other medication for at least 3 months before or during treatment"
27126044,No,3,Month,Donor-specific SNV retention (determinant positions); SNV assignment error rate; Proportion of acquired donor-specific species (allogenic FMT); Proportion of newly detected species (placebo); Proportion of newly detected species (healthy); Species shared between donor and recipient; Coexistence of donor and recipient strains (shared species); Species showing resistance to donor strains; Species showing donor-recipient strain coexistence,%; %; %; %; %; %; %; %; %,69.3 ± 21.8 (day 2); 37.6 ± 16.6 (3 months); 11.9; not clearly separated from placebo/healthy fluctuation range in 4/5 cases; 20.8 ± 5.5; 17.7 ± 10.9; 64.5 ± 6.0; 50.7 ± 10.1; 39 ± 23; 44 ± 14,feces,2009/2010,Netherlands,Metabolic syndrome,Metabolic syndrome,Species composition change above range of temporal variation (Euclidean distance); Higher single-site allelic variation in allogenic FMT vs placebo/healthy,FMT1; FMT2; FMT3; FMT4; FMT5; SELF1; SELF2; SELF3; SELF4; SELF5,Homo sapiens,ERR1297458,SAMEA3882510,Illumina HiSeq 2000,allogenic FMT / placebo (autologous) FMT / healthy control,FAT_008-22-2-0,metabolic syndrome,Fecal microbiota transplantation,"Cohort of 10 subjects: 5 allogenic FMT (from one of three lean donors), 5 autologous (placebo) FMT; 55 fecal metagenomes sequenced from FMT study; 164 total metagenomes across three study groups; Comparison cohort: 109 metagenomes from 48 healthy FMT-naive individuals including Human Microbiome Project data; 1105 detected prokaryotic species; 11.8 million variant positions identified; 42 species across five phyla used for confident SNV tracking; Subjects had not used antibiotics or other medication for at least 3 months before or during treatment"
27126044,No,3,Month,Donor-specific SNV retention (determinant positions); SNV assignment error rate; Proportion of acquired donor-specific species (allogenic FMT); Proportion of newly detected species (placebo); Proportion of newly detected species (healthy); Species shared between donor and recipient; Coexistence of donor and recipient strains (shared species); Species showing resistance to donor strains; Species showing donor-recipient strain coexistence,%; %; %; %; %; %; %; %; %,69.3 ± 21.8 (day 2); 37.6 ± 16.6 (3 months); 11.9; not clearly separated from placebo/healthy fluctuation range in 4/5 cases; 20.8 ± 5.5; 17.7 ± 10.9; 64.5 ± 6.0; 50.7 ± 10.1; 39 ± 23; 44 ± 14,feces,2009/2010,Netherlands,Metabolic syndrome,Metabolic syndrome,Species composition change above range of temporal variation (Euclidean distance); Higher single-site allelic variation in allogenic FMT vs placebo/healthy,FMT1; FMT2; FMT3; FMT4; FMT5; SELF1; SELF2; SELF3; SELF4; SELF5,Homo sapiens,ERR1297459,SAMEA3882503,Illumina HiSeq 2000,allogenic FMT / placebo (autologous) FMT / healthy control,FAT_006-22-0-0,metabolic syndrome,Fecal microbiota transplantation,"Cohort of 10 subjects: 5 allogenic FMT (from one of three lean donors), 5 autologous (placebo) FMT; 55 fecal metagenomes sequenced from FMT study; 164 total metagenomes across three study groups; Comparison cohort: 109 metagenomes from 48 healthy FMT-naive individuals including Human Microbiome Project data; 1105 detected prokaryotic species; 11.8 million variant positions identified; 42 species across five phyla used for confident SNV tracking; Subjects had not used antibiotics or other medication for at least 3 months before or during treatment"
27126044,No,3,Month,Donor-specific SNV retention (determinant positions); SNV assignment error rate; Proportion of acquired donor-specific species (allogenic FMT); Proportion of newly detected species (placebo); Proportion of newly detected species (healthy); Species shared between donor and recipient; Coexistence of donor and recipient strains (shared species); Species showing resistance to donor strains; Species showing donor-recipient strain coexistence,%; %; %; %; %; %; %; %; %,69.3 ± 21.8 (day 2); 37.6 ± 16.6 (3 months); 11.9; not clearly separated from placebo/healthy fluctuation range in 4/5 cases; 20.8 ± 5.5; 17.7 ± 10.9; 64.5 ± 6.0; 50.7 ± 10.1; 39 ± 23; 44 ± 14,feces,2009/2010,Netherlands,Metabolic syndrome,Metabolic syndrome,Species composition change above range of temporal variation (Euclidean distance); Higher single-site allelic variation in allogenic FMT vs placebo/healthy,FMT1; FMT2; FMT3; FMT4; FMT5; SELF1; SELF2; SELF3; SELF4; SELF5,Homo sapiens,ERR1297465,SAMEA3882520,Illumina HiSeq 2000,allogenic FMT / placebo (autologous) FMT / healthy control,FAT_012-22-2-0,metabolic syndrome,Fecal microbiota transplantation,"Cohort of 10 subjects: 5 allogenic FMT (from one of three lean donors), 5 autologous (placebo) FMT; 55 fecal metagenomes sequenced from FMT study; 164 total metagenomes across three study groups; Comparison cohort: 109 metagenomes from 48 healthy FMT-naive individuals including Human Microbiome Project data; 1105 detected prokaryotic species; 11.8 million variant positions identified; 42 species across five phyla used for confident SNV tracking; Subjects had not used antibiotics or other medication for at least 3 months before or during treatment"
27126044,No,3,Month,Donor-specific SNV retention (determinant positions); SNV assignment error rate; Proportion of acquired donor-specific species (allogenic FMT); Proportion of newly detected species (placebo); Proportion of newly detected species (healthy); Species shared between donor and recipient; Coexistence of donor and recipient strains (shared species); Species showing resistance to donor strains; Species showing donor-recipient strain coexistence,%; %; %; %; %; %; %; %; %,69.3 ± 21.8 (day 2); 37.6 ± 16.6 (3 months); 11.9; not clearly separated from placebo/healthy fluctuation range in 4/5 cases; 20.8 ± 5.5; 17.7 ± 10.9; 64.5 ± 6.0; 50.7 ± 10.1; 39 ± 23; 44 ± 14,feces,2009/2010,Netherlands,Metabolic syndrome,Metabolic syndrome,Species composition change above range of temporal variation (Euclidean distance); Higher single-site allelic variation in allogenic FMT vs placebo/healthy,FMT1; FMT2; FMT3; FMT4; FMT5; SELF1; SELF2; SELF3; SELF4; SELF5,Homo sapiens,ERR1297471,SAMEA3882531,Illumina HiSeq 2000,allogenic FMT / placebo (autologous) FMT / healthy control,FAT_015-22-42-0,metabolic syndrome,Fecal microbiota transplantation,"Cohort of 10 subjects: 5 allogenic FMT (from one of three lean donors), 5 autologous (placebo) FMT; 55 fecal metagenomes sequenced from FMT study; 164 total metagenomes across three study groups; Comparison cohort: 109 metagenomes from 48 healthy FMT-naive individuals including Human Microbiome Project data; 1105 detected prokaryotic species; 11.8 million variant positions identified; 42 species across five phyla used for confident SNV tracking; Subjects had not used antibiotics or other medication for at least 3 months before or during treatment"
27126044,No,3,Month,Donor-specific SNV retention (determinant positions); SNV assignment error rate; Proportion of acquired donor-specific species (allogenic FMT); Proportion of newly detected species (placebo); Proportion of newly detected species (healthy); Species shared between donor and recipient; Coexistence of donor and recipient strains (shared species); Species showing resistance to donor strains; Species showing donor-recipient strain coexistence,%; %; %; %; %; %; %; %; %,69.3 ± 21.8 (day 2); 37.6 ± 16.6 (3 months); 11.9; not clearly separated from placebo/healthy fluctuation range in 4/5 cases; 20.8 ± 5.5; 17.7 ± 10.9; 64.5 ± 6.0; 50.7 ± 10.1; 39 ± 23; 44 ± 14,feces,2009/2010,Netherlands,Metabolic syndrome,Metabolic syndrome,Species composition change above range of temporal variation (Euclidean distance); Higher single-site allelic variation in allogenic FMT vs placebo/healthy,FMT1; FMT2; FMT3; FMT4; FMT5; SELF1; SELF2; SELF3; SELF4; SELF5,Homo sapiens,ERR1297474,SAMEA3882535,Illumina HiSeq 2000,allogenic FMT / placebo (autologous) FMT / healthy control,FAT_017-22-2-0,metabolic syndrome,Fecal microbiota transplantation,"Cohort of 10 subjects: 5 allogenic FMT (from one of three lean donors), 5 autologous (placebo) FMT; 55 fecal metagenomes sequenced from FMT study; 164 total metagenomes across three study groups; Comparison cohort: 109 metagenomes from 48 healthy FMT-naive individuals including Human Microbiome Project data; 1105 detected prokaryotic species; 11.8 million variant positions identified; 42 species across five phyla used for confident SNV tracking; Subjects had not used antibiotics or other medication for at least 3 months before or during treatment"
27126044,No,3,Month,Donor-specific SNV retention (determinant positions); SNV assignment error rate; Proportion of acquired donor-specific species (allogenic FMT); Proportion of newly detected species (placebo); Proportion of newly detected species (healthy); Species shared between donor and recipient; Coexistence of donor and recipient strains (shared species); Species showing resistance to donor strains; Species showing donor-recipient strain coexistence,%; %; %; %; %; %; %; %; %,69.3 ± 21.8 (day 2); 37.6 ± 16.6 (3 months); 11.9; not clearly separated from placebo/healthy fluctuation range in 4/5 cases; 20.8 ± 5.5; 17.7 ± 10.9; 64.5 ± 6.0; 50.7 ± 10.1; 39 ± 23; 44 ± 14,feces,2009/2010,Netherlands,Metabolic syndrome,Metabolic syndrome,Species composition change above range of temporal variation (Euclidean distance); Higher single-site allelic variation in allogenic FMT vs placebo/healthy,FMT1; FMT2; FMT3; FMT4; FMT5; SELF1; SELF2; SELF3; SELF4; SELF5,Homo sapiens,ERR1297476,SAMEA3882506,Illumina HiSeq 2000,allogenic FMT / placebo (autologous) FMT / healthy control,FAT_006-22-42-0,metabolic syndrome,Fecal microbiota transplantation,"Cohort of 10 subjects: 5 allogenic FMT (from one of three lean donors), 5 autologous (placebo) FMT; 55 fecal metagenomes sequenced from FMT study; 164 total metagenomes across three study groups; Comparison cohort: 109 metagenomes from 48 healthy FMT-naive individuals including Human Microbiome Project data; 1105 detected prokaryotic species; 11.8 million variant positions identified; 42 species across five phyla used for confident SNV tracking; Subjects had not used antibiotics or other medication for at least 3 months before or during treatment"
27126044,No,3,Month,Donor-specific SNV retention (determinant positions); SNV assignment error rate; Proportion of acquired donor-specific species (allogenic FMT); Proportion of newly detected species (placebo); Proportion of newly detected species (healthy); Species shared between donor and recipient; Coexistence of donor and recipient strains (shared species); Species showing resistance to donor strains; Species showing donor-recipient strain coexistence,%; %; %; %; %; %; %; %; %,69.3 ± 21.8 (day 2); 37.6 ± 16.6 (3 months); 11.9; not clearly separated from placebo/healthy fluctuation range in 4/5 cases; 20.8 ± 5.5; 17.7 ± 10.9; 64.5 ± 6.0; 50.7 ± 10.1; 39 ± 23; 44 ± 14,feces,2009/2010,Netherlands,Metabolic syndrome,Metabolic syndrome,Species composition change above range of temporal variation (Euclidean distance); Higher single-site allelic variation in allogenic FMT vs placebo/healthy,FMT1; FMT2; FMT3; FMT4; FMT5; SELF1; SELF2; SELF3; SELF4; SELF5,Homo sapiens,ERR1297479,SAMEA3882525,Illumina HiSeq 2000,allogenic FMT / placebo (autologous) FMT / healthy control,FAT_014-22-2-0,metabolic syndrome,Fecal microbiota transplantation,"Cohort of 10 subjects: 5 allogenic FMT (from one of three lean donors), 5 autologous (placebo) FMT; 55 fecal metagenomes sequenced from FMT study; 164 total metagenomes across three study groups; Comparison cohort: 109 metagenomes from 48 healthy FMT-naive individuals including Human Microbiome Project data; 1105 detected prokaryotic species; 11.8 million variant positions identified; 42 species across five phyla used for confident SNV tracking; Subjects had not used antibiotics or other medication for at least 3 months before or during treatment"
27126044,No,3,Month,Donor-specific SNV retention (determinant positions); SNV assignment error rate; Proportion of acquired donor-specific species (allogenic FMT); Proportion of newly detected species (placebo); Proportion of newly detected species (healthy); Species shared between donor and recipient; Coexistence of donor and recipient strains (shared species); Species showing resistance to donor strains; Species showing donor-recipient strain coexistence,%; %; %; %; %; %; %; %; %,69.3 ± 21.8 (day 2); 37.6 ± 16.6 (3 months); 11.9; not clearly separated from placebo/healthy fluctuation range in 4/5 cases; 20.8 ± 5.5; 17.7 ± 10.9; 64.5 ± 6.0; 50.7 ± 10.1; 39 ± 23; 44 ± 14,feces,2009/2010,Netherlands,Metabolic syndrome,Metabolic syndrome,Species composition change above range of temporal variation (Euclidean distance); Higher single-site allelic variation in allogenic FMT vs placebo/healthy,FMT1; FMT2; FMT3; FMT4; FMT5; SELF1; SELF2; SELF3; SELF4; SELF5,Homo sapiens,ERR1297481,SAMEA3882519,Illumina HiSeq 2000,allogenic FMT / placebo (autologous) FMT / healthy control,FAT_012-22-14-0,metabolic syndrome,Fecal microbiota transplantation,"Cohort of 10 subjects: 5 allogenic FMT (from one of three lean donors), 5 autologous (placebo) FMT; 55 fecal metagenomes sequenced from FMT study; 164 total metagenomes across three study groups; Comparison cohort: 109 metagenomes from 48 healthy FMT-naive individuals including Human Microbiome Project data; 1105 detected prokaryotic species; 11.8 million variant positions identified; 42 species across five phyla used for confident SNV tracking; Subjects had not used antibiotics or other medication for at least 3 months before or during treatment"
27126044,No,3,Month,Donor-specific SNV retention (determinant positions); SNV assignment error rate; Proportion of acquired donor-specific species (allogenic FMT); Proportion of newly detected species (placebo); Proportion of newly detected species (healthy); Species shared between donor and recipient; Coexistence of donor and recipient strains (shared species); Species showing resistance to donor strains; Species showing donor-recipient strain coexistence,%; %; %; %; %; %; %; %; %,69.3 ± 21.8 (day 2); 37.6 ± 16.6 (3 months); 11.9; not clearly separated from placebo/healthy fluctuation range in 4/5 cases; 20.8 ± 5.5; 17.7 ± 10.9; 64.5 ± 6.0; 50.7 ± 10.1; 39 ± 23; 44 ± 14,feces,2009/2010,Netherlands,Metabolic syndrome,Metabolic syndrome,Species composition change above range of temporal variation (Euclidean distance); Higher single-site allelic variation in allogenic FMT vs placebo/healthy,FMT1; FMT2; FMT3; FMT4; FMT5; SELF1; SELF2; SELF3; SELF4; SELF5,Homo sapiens,ERR1297482,SAMEA3882529,Illumina HiSeq 2000,allogenic FMT / placebo (autologous) FMT / healthy control,FAT_015-22-14-0,metabolic syndrome,Fecal microbiota transplantation,"Cohort of 10 subjects: 5 allogenic FMT (from one of three lean donors), 5 autologous (placebo) FMT; 55 fecal metagenomes sequenced from FMT study; 164 total metagenomes across three study groups; Comparison cohort: 109 metagenomes from 48 healthy FMT-naive individuals including Human Microbiome Project data; 1105 detected prokaryotic species; 11.8 million variant positions identified; 42 species across five phyla used for confident SNV tracking; Subjects had not used antibiotics or other medication for at least 3 months before or during treatment"
27126044,No,3,Month,Donor-specific SNV retention (determinant positions); SNV assignment error rate; Proportion of acquired donor-specific species (allogenic FMT); Proportion of newly detected species (placebo); Proportion of newly detected species (healthy); Species shared between donor and recipient; Coexistence of donor and recipient strains (shared species); Species showing resistance to donor strains; Species showing donor-recipient strain coexistence,%; %; %; %; %; %; %; %; %,69.3 ± 21.8 (day 2); 37.6 ± 16.6 (3 months); 11.9; not clearly separated from placebo/healthy fluctuation range in 4/5 cases; 20.8 ± 5.5; 17.7 ± 10.9; 64.5 ± 6.0; 50.7 ± 10.1; 39 ± 23; 44 ± 14,feces,2009/2010,Netherlands,Metabolic syndrome,Metabolic syndrome,Species composition change above range of temporal variation (Euclidean distance); Higher single-site allelic variation in allogenic FMT vs placebo/healthy,FMT1; FMT2; FMT3; FMT4; FMT5; SELF1; SELF2; SELF3; SELF4; SELF5,Homo sapiens,ERR1297485,SAMEA3882541,Illumina HiSeq 2000,allogenic FMT / placebo (autologous) FMT / healthy control,FAT_020-22-42-0,metabolic syndrome,Fecal microbiota transplantation,"Cohort of 10 subjects: 5 allogenic FMT (from one of three lean donors), 5 autologous (placebo) FMT; 55 fecal metagenomes sequenced from FMT study; 164 total metagenomes across three study groups; Comparison cohort: 109 metagenomes from 48 healthy FMT-naive individuals including Human Microbiome Project data; 1105 detected prokaryotic species; 11.8 million variant positions identified; 42 species across five phyla used for confident SNV tracking; Subjects had not used antibiotics or other medication for at least 3 months before or during treatment"
27126044,No,3,Month,Donor-specific SNV retention (determinant positions); SNV assignment error rate; Proportion of acquired donor-specific species (allogenic FMT); Proportion of newly detected species (placebo); Proportion of newly detected species (healthy); Species shared between donor and recipient; Coexistence of donor and recipient strains (shared species); Species showing resistance to donor strains; Species showing donor-recipient strain coexistence,%; %; %; %; %; %; %; %; %,69.3 ± 21.8 (day 2); 37.6 ± 16.6 (3 months); 11.9; not clearly separated from placebo/healthy fluctuation range in 4/5 cases; 20.8 ± 5.5; 17.7 ± 10.9; 64.5 ± 6.0; 50.7 ± 10.1; 39 ± 23; 44 ± 14,feces,2009/2010,Netherlands,Metabolic syndrome,Metabolic syndrome,Species composition change above range of temporal variation (Euclidean distance); Higher single-site allelic variation in allogenic FMT vs placebo/healthy,FMT1; FMT2; FMT3; FMT4; FMT5; SELF1; SELF2; SELF3; SELF4; SELF5,Homo sapiens,ERR1297486,SAMEA3882522,Illumina HiSeq 2000,allogenic FMT / placebo (autologous) FMT / healthy control,FAT_012-22-84-0,metabolic syndrome,Fecal microbiota transplantation,"Cohort of 10 subjects: 5 allogenic FMT (from one of three lean donors), 5 autologous (placebo) FMT; 55 fecal metagenomes sequenced from FMT study; 164 total metagenomes across three study groups; Comparison cohort: 109 metagenomes from 48 healthy FMT-naive individuals including Human Microbiome Project data; 1105 detected prokaryotic species; 11.8 million variant positions identified; 42 species across five phyla used for confident SNV tracking; Subjects had not used antibiotics or other medication for at least 3 months before or during treatment"
27126044,No,3,Month,Donor-specific SNV retention (determinant positions); SNV assignment error rate; Proportion of acquired donor-specific species (allogenic FMT); Proportion of newly detected species (placebo); Proportion of newly detected species (healthy); Species shared between donor and recipient; Coexistence of donor and recipient strains (shared species); Species showing resistance to donor strains; Species showing donor-recipient strain coexistence,%; %; %; %; %; %; %; %; %,69.3 ± 21.8 (day 2); 37.6 ± 16.6 (3 months); 11.9; not clearly separated from placebo/healthy fluctuation range in 4/5 cases; 20.8 ± 5.5; 17.7 ± 10.9; 64.5 ± 6.0; 50.7 ± 10.1; 39 ± 23; 44 ± 14,feces,2009/2010,Netherlands,Metabolic syndrome,Metabolic syndrome,Species composition change above range of temporal variation (Euclidean distance); Higher single-site allelic variation in allogenic FMT vs placebo/healthy,FMT1; FMT2; FMT3; FMT4; FMT5; SELF1; SELF2; SELF3; SELF4; SELF5,Homo sapiens,ERR1297487,SAMEA3882543,Illumina HiSeq 2000,allogenic FMT / placebo (autologous) FMT / healthy control,FAT_023-22-0-0,metabolic syndrome,Fecal microbiota transplantation,"Cohort of 10 subjects: 5 allogenic FMT (from one of three lean donors), 5 autologous (placebo) FMT; 55 fecal metagenomes sequenced from FMT study; 164 total metagenomes across three study groups; Comparison cohort: 109 metagenomes from 48 healthy FMT-naive individuals including Human Microbiome Project data; 1105 detected prokaryotic species; 11.8 million variant positions identified; 42 species across five phyla used for confident SNV tracking; Subjects had not used antibiotics or other medication for at least 3 months before or during treatment"
27126044,No,3,Month,Donor-specific SNV retention (determinant positions); SNV assignment error rate; Proportion of acquired donor-specific species (allogenic FMT); Proportion of newly detected species (placebo); Proportion of newly detected species (healthy); Species shared between donor and recipient; Coexistence of donor and recipient strains (shared species); Species showing resistance to donor strains; Species showing donor-recipient strain coexistence,%; %; %; %; %; %; %; %; %,69.3 ± 21.8 (day 2); 37.6 ± 16.6 (3 months); 11.9; not clearly separated from placebo/healthy fluctuation range in 4/5 cases; 20.8 ± 5.5; 17.7 ± 10.9; 64.5 ± 6.0; 50.7 ± 10.1; 39 ± 23; 44 ± 14,feces,2009/2010,Netherlands,Metabolic syndrome,Metabolic syndrome,Species composition change above range of temporal variation (Euclidean distance); Higher single-site allelic variation in allogenic FMT vs placebo/healthy,FMT1; FMT2; FMT3; FMT4; FMT5; SELF1; SELF2; SELF3; SELF4; SELF5,Homo sapiens,ERR1297488,SAMEA3882534,Illumina HiSeq 2000,allogenic FMT / placebo (autologous) FMT / healthy control,FAT_017-22-14-0,metabolic syndrome,Fecal microbiota transplantation,"Cohort of 10 subjects: 5 allogenic FMT (from one of three lean donors), 5 autologous (placebo) FMT; 55 fecal metagenomes sequenced from FMT study; 164 total metagenomes across three study groups; Comparison cohort: 109 metagenomes from 48 healthy FMT-naive individuals including Human Microbiome Project data; 1105 detected prokaryotic species; 11.8 million variant positions identified; 42 species across five phyla used for confident SNV tracking; Subjects had not used antibiotics or other medication for at least 3 months before or during treatment"
27126044,No,3,Month,Donor-specific SNV retention (determinant positions); SNV assignment error rate; Proportion of acquired donor-specific species (allogenic FMT); Proportion of newly detected species (placebo); Proportion of newly detected species (healthy); Species shared between donor and recipient; Coexistence of donor and recipient strains (shared species); Species showing resistance to donor strains; Species showing donor-recipient strain coexistence,%; %; %; %; %; %; %; %; %,69.3 ± 21.8 (day 2); 37.6 ± 16.6 (3 months); 11.9; not clearly separated from placebo/healthy fluctuation range in 4/5 cases; 20.8 ± 5.5; 17.7 ± 10.9; 64.5 ± 6.0; 50.7 ± 10.1; 39 ± 23; 44 ± 14,feces,2009/2010,Netherlands,Metabolic syndrome,Metabolic syndrome,Species composition change above range of temporal variation (Euclidean distance); Higher single-site allelic variation in allogenic FMT vs placebo/healthy,FMT1; FMT2; FMT3; FMT4; FMT5; SELF1; SELF2; SELF3; SELF4; SELF5,Homo sapiens,ERR1297491,SAMEA3882521,Illumina HiSeq 2000,allogenic FMT / placebo (autologous) FMT / healthy control,FAT_012-22-42-0,metabolic syndrome,Fecal microbiota transplantation,"Cohort of 10 subjects: 5 allogenic FMT (from one of three lean donors), 5 autologous (placebo) FMT; 55 fecal metagenomes sequenced from FMT study; 164 total metagenomes across three study groups; Comparison cohort: 109 metagenomes from 48 healthy FMT-naive individuals including Human Microbiome Project data; 1105 detected prokaryotic species; 11.8 million variant positions identified; 42 species across five phyla used for confident SNV tracking; Subjects had not used antibiotics or other medication for at least 3 months before or during treatment"
27126044,No,3,Month,Donor-specific SNV retention (determinant positions); SNV assignment error rate; Proportion of acquired donor-specific species (allogenic FMT); Proportion of newly detected species (placebo); Proportion of newly detected species (healthy); Species shared between donor and recipient; Coexistence of donor and recipient strains (shared species); Species showing resistance to donor strains; Species showing donor-recipient strain coexistence,%; %; %; %; %; %; %; %; %,69.3 ± 21.8 (day 2); 37.6 ± 16.6 (3 months); 11.9; not clearly separated from placebo/healthy fluctuation range in 4/5 cases; 20.8 ± 5.5; 17.7 ± 10.9; 64.5 ± 6.0; 50.7 ± 10.1; 39 ± 23; 44 ± 14,feces,2009/2010,Netherlands,Metabolic syndrome,Metabolic syndrome,Species composition change above range of temporal variation (Euclidean distance); Higher single-site allelic variation in allogenic FMT vs placebo/healthy,FMT1; FMT2; FMT3; FMT4; FMT5; SELF1; SELF2; SELF3; SELF4; SELF5,Homo sapiens,ERR1297493,SAMEA3882528,Illumina HiSeq 2000,allogenic FMT / placebo (autologous) FMT / healthy control,FAT_015-22-0-0,metabolic syndrome,Fecal microbiota transplantation,"Cohort of 10 subjects: 5 allogenic FMT (from one of three lean donors), 5 autologous (placebo) FMT; 55 fecal metagenomes sequenced from FMT study; 164 total metagenomes across three study groups; Comparison cohort: 109 metagenomes from 48 healthy FMT-naive individuals including Human Microbiome Project data; 1105 detected prokaryotic species; 11.8 million variant positions identified; 42 species across five phyla used for confident SNV tracking; Subjects had not used antibiotics or other medication for at least 3 months before or during treatment"
27126044,No,3,Month,Donor-specific SNV retention (determinant positions); SNV assignment error rate; Proportion of acquired donor-specific species (allogenic FMT); Proportion of newly detected species (placebo); Proportion of newly detected species (healthy); Species shared between donor and recipient; Coexistence of donor and recipient strains (shared species); Species showing resistance to donor strains; Species showing donor-recipient strain coexistence,%; %; %; %; %; %; %; %; %,69.3 ± 21.8 (day 2); 37.6 ± 16.6 (3 months); 11.9; not clearly separated from placebo/healthy fluctuation range in 4/5 cases; 20.8 ± 5.5; 17.7 ± 10.9; 64.5 ± 6.0; 50.7 ± 10.1; 39 ± 23; 44 ± 14,feces,2009/2010,Netherlands,Metabolic syndrome,Metabolic syndrome,Species composition change above range of temporal variation (Euclidean distance); Higher single-site allelic variation in allogenic FMT vs placebo/healthy,FMT1; FMT2; FMT3; FMT4; FMT5; SELF1; SELF2; SELF3; SELF4; SELF5,Homo sapiens,ERR1297495,SAMEA3882517,Illumina HiSeq 2000,allogenic FMT / placebo (autologous) FMT / healthy control,FAT_010-22-84-0,metabolic syndrome,Fecal microbiota transplantation,"Cohort of 10 subjects: 5 allogenic FMT (from one of three lean donors), 5 autologous (placebo) FMT; 55 fecal metagenomes sequenced from FMT study; 164 total metagenomes across three study groups; Comparison cohort: 109 metagenomes from 48 healthy FMT-naive individuals including Human Microbiome Project data; 1105 detected prokaryotic species; 11.8 million variant positions identified; 42 species across five phyla used for confident SNV tracking; Subjects had not used antibiotics or other medication for at least 3 months before or during treatment"
27126044,No,3,Month,Donor-specific SNV retention (determinant positions); SNV assignment error rate; Proportion of acquired donor-specific species (allogenic FMT); Proportion of newly detected species (placebo); Proportion of newly detected species (healthy); Species shared between donor and recipient; Coexistence of donor and recipient strains (shared species); Species showing resistance to donor strains; Species showing donor-recipient strain coexistence,%; %; %; %; %; %; %; %; %,69.3 ± 21.8 (day 2); 37.6 ± 16.6 (3 months); 11.9; not clearly separated from placebo/healthy fluctuation range in 4/5 cases; 20.8 ± 5.5; 17.7 ± 10.9; 64.5 ± 6.0; 50.7 ± 10.1; 39 ± 23; 44 ± 14,feces,2009/2010,Netherlands,Metabolic syndrome,Metabolic syndrome,Species composition change above range of temporal variation (Euclidean distance); Higher single-site allelic variation in allogenic FMT vs placebo/healthy,FMT1; FMT2; FMT3; FMT4; FMT5; SELF1; SELF2; SELF3; SELF4; SELF5,Homo sapiens,ERR1297500,SAMEA3882555,Illumina HiSeq 2000,allogenic FMT / placebo (autologous) FMT / healthy control,FAT_DON_11-22-0-6,metabolic syndrome,Fecal microbiota transplantation,"Cohort of 10 subjects: 5 allogenic FMT (from one of three lean donors), 5 autologous (placebo) FMT; 55 fecal metagenomes sequenced from FMT study; 164 total metagenomes across three study groups; Comparison cohort: 109 metagenomes from 48 healthy FMT-naive individuals including Human Microbiome Project data; 1105 detected prokaryotic species; 11.8 million variant positions identified; 42 species across five phyla used for confident SNV tracking; Subjects had not used antibiotics or other medication for at least 3 months before or during treatment"
27126044,No,3,Month,Donor-specific SNV retention (determinant positions); SNV assignment error rate; Proportion of acquired donor-specific species (allogenic FMT); Proportion of newly detected species (placebo); Proportion of newly detected species (healthy); Species shared between donor and recipient; Coexistence of donor and recipient strains (shared species); Species showing resistance to donor strains; Species showing donor-recipient strain coexistence,%; %; %; %; %; %; %; %; %,69.3 ± 21.8 (day 2); 37.6 ± 16.6 (3 months); 11.9; not clearly separated from placebo/healthy fluctuation range in 4/5 cases; 20.8 ± 5.5; 17.7 ± 10.9; 64.5 ± 6.0; 50.7 ± 10.1; 39 ± 23; 44 ± 14,feces,2009/2010,Netherlands,Metabolic syndrome,Metabolic syndrome,Species composition change above range of temporal variation (Euclidean distance); Higher single-site allelic variation in allogenic FMT vs placebo/healthy,FMT1; FMT2; FMT3; FMT4; FMT5; SELF1; SELF2; SELF3; SELF4; SELF5,Homo sapiens,ERR1297501,SAMEA3882518,Illumina HiSeq 2000,allogenic FMT / placebo (autologous) FMT / healthy control,FAT_012-22-0-0,metabolic syndrome,Fecal microbiota transplantation,"Cohort of 10 subjects: 5 allogenic FMT (from one of three lean donors), 5 autologous (placebo) FMT; 55 fecal metagenomes sequenced from FMT study; 164 total metagenomes across three study groups; Comparison cohort: 109 metagenomes from 48 healthy FMT-naive individuals including Human Microbiome Project data; 1105 detected prokaryotic species; 11.8 million variant positions identified; 42 species across five phyla used for confident SNV tracking; Subjects had not used antibiotics or other medication for at least 3 months before or during treatment"
27126044,No,3,Month,Donor-specific SNV retention (determinant positions); SNV assignment error rate; Proportion of acquired donor-specific species (allogenic FMT); Proportion of newly detected species (placebo); Proportion of newly detected species (healthy); Species shared between donor and recipient; Coexistence of donor and recipient strains (shared species); Species showing resistance to donor strains; Species showing donor-recipient strain coexistence,%; %; %; %; %; %; %; %; %,69.3 ± 21.8 (day 2); 37.6 ± 16.6 (3 months); 11.9; not clearly separated from placebo/healthy fluctuation range in 4/5 cases; 20.8 ± 5.5; 17.7 ± 10.9; 64.5 ± 6.0; 50.7 ± 10.1; 39 ± 23; 44 ± 14,feces,2009/2010,Netherlands,Metabolic syndrome,Metabolic syndrome,Species composition change above range of temporal variation (Euclidean distance); Higher single-site allelic variation in allogenic FMT vs placebo/healthy,FMT1; FMT2; FMT3; FMT4; FMT5; SELF1; SELF2; SELF3; SELF4; SELF5,Homo sapiens,ERR1297506,SAMEA3882553,Illumina HiSeq 2000,allogenic FMT / placebo (autologous) FMT / healthy control,FAT_DON_11-22-0-4,metabolic syndrome,Fecal microbiota transplantation,"Cohort of 10 subjects: 5 allogenic FMT (from one of three lean donors), 5 autologous (placebo) FMT; 55 fecal metagenomes sequenced from FMT study; 164 total metagenomes across three study groups; Comparison cohort: 109 metagenomes from 48 healthy FMT-naive individuals including Human Microbiome Project data; 1105 detected prokaryotic species; 11.8 million variant positions identified; 42 species across five phyla used for confident SNV tracking; Subjects had not used antibiotics or other medication for at least 3 months before or during treatment"
27126044,No,3,Month,Donor-specific SNV retention (determinant positions); SNV assignment error rate; Proportion of acquired donor-specific species (allogenic FMT); Proportion of newly detected species (placebo); Proportion of newly detected species (healthy); Species shared between donor and recipient; Coexistence of donor and recipient strains (shared species); Species showing resistance to donor strains; Species showing donor-recipient strain coexistence,%; %; %; %; %; %; %; %; %,69.3 ± 21.8 (day 2); 37.6 ± 16.6 (3 months); 11.9; not clearly separated from placebo/healthy fluctuation range in 4/5 cases; 20.8 ± 5.5; 17.7 ± 10.9; 64.5 ± 6.0; 50.7 ± 10.1; 39 ± 23; 44 ± 14,feces,2009/2010,Netherlands,Metabolic syndrome,Metabolic syndrome,Species composition change above range of temporal variation (Euclidean distance); Higher single-site allelic variation in allogenic FMT vs placebo/healthy,FMT1; FMT2; FMT3; FMT4; FMT5; SELF1; SELF2; SELF3; SELF4; SELF5,Homo sapiens,ERR1297507,SAMEA3882536,Illumina HiSeq 2000,allogenic FMT / placebo (autologous) FMT / healthy control,FAT_017-22-42-0,metabolic syndrome,Fecal microbiota transplantation,"Cohort of 10 subjects: 5 allogenic FMT (from one of three lean donors), 5 autologous (placebo) FMT; 55 fecal metagenomes sequenced from FMT study; 164 total metagenomes across three study groups; Comparison cohort: 109 metagenomes from 48 healthy FMT-naive individuals including Human Microbiome Project data; 1105 detected prokaryotic species; 11.8 million variant positions identified; 42 species across five phyla used for confident SNV tracking; Subjects had not used antibiotics or other medication for at least 3 months before or during treatment"
27126044,No,3,Month,Donor-specific SNV retention (determinant positions); SNV assignment error rate; Proportion of acquired donor-specific species (allogenic FMT); Proportion of newly detected species (placebo); Proportion of newly detected species (healthy); Species shared between donor and recipient; Coexistence of donor and recipient strains (shared species); Species showing resistance to donor strains; Species showing donor-recipient strain coexistence,%; %; %; %; %; %; %; %; %,69.3 ± 21.8 (day 2); 37.6 ± 16.6 (3 months); 11.9; not clearly separated from placebo/healthy fluctuation range in 4/5 cases; 20.8 ± 5.5; 17.7 ± 10.9; 64.5 ± 6.0; 50.7 ± 10.1; 39 ± 23; 44 ± 14,feces,2009/2010,Netherlands,Metabolic syndrome,Metabolic syndrome,Species composition change above range of temporal variation (Euclidean distance); Higher single-site allelic variation in allogenic FMT vs placebo/healthy,FMT1; FMT2; FMT3; FMT4; FMT5; SELF1; SELF2; SELF3; SELF4; SELF5,Homo sapiens,ERR1297513,SAMEA3882539,Illumina HiSeq 2000,allogenic FMT / placebo (autologous) FMT / healthy control,FAT_020-22-14-0,metabolic syndrome,Fecal microbiota transplantation,"Cohort of 10 subjects: 5 allogenic FMT (from one of three lean donors), 5 autologous (placebo) FMT; 55 fecal metagenomes sequenced from FMT study; 164 total metagenomes across three study groups; Comparison cohort: 109 metagenomes from 48 healthy FMT-naive individuals including Human Microbiome Project data; 1105 detected prokaryotic species; 11.8 million variant positions identified; 42 species across five phyla used for confident SNV tracking; Subjects had not used antibiotics or other medication for at least 3 months before or during treatment"
27126044,No,3,Month,Donor-specific SNV retention (determinant positions); SNV assignment error rate; Proportion of acquired donor-specific species (allogenic FMT); Proportion of newly detected species (placebo); Proportion of newly detected species (healthy); Species shared between donor and recipient; Coexistence of donor and recipient strains (shared species); Species showing resistance to donor strains; Species showing donor-recipient strain coexistence,%; %; %; %; %; %; %; %; %,69.3 ± 21.8 (day 2); 37.6 ± 16.6 (3 months); 11.9; not clearly separated from placebo/healthy fluctuation range in 4/5 cases; 20.8 ± 5.5; 17.7 ± 10.9; 64.5 ± 6.0; 50.7 ± 10.1; 39 ± 23; 44 ± 14,feces,2009/2010,Netherlands,Metabolic syndrome,Metabolic syndrome,Species composition change above range of temporal variation (Euclidean distance); Higher single-site allelic variation in allogenic FMT vs placebo/healthy,FMT1; FMT2; FMT3; FMT4; FMT5; SELF1; SELF2; SELF3; SELF4; SELF5,Homo sapiens,ERR1297517,SAMEA3882508,Illumina HiSeq 2000,allogenic FMT / placebo (autologous) FMT / healthy control,FAT_008-22-0-0,metabolic syndrome,Fecal microbiota transplantation,"Cohort of 10 subjects: 5 allogenic FMT (from one of three lean donors), 5 autologous (placebo) FMT; 55 fecal metagenomes sequenced from FMT study; 164 total metagenomes across three study groups; Comparison cohort: 109 metagenomes from 48 healthy FMT-naive individuals including Human Microbiome Project data; 1105 detected prokaryotic species; 11.8 million variant positions identified; 42 species across five phyla used for confident SNV tracking; Subjects had not used antibiotics or other medication for at least 3 months before or during treatment"
27126044,No,3,Month,Donor-specific SNV retention (determinant positions); SNV assignment error rate; Proportion of acquired donor-specific species (allogenic FMT); Proportion of newly detected species (placebo); Proportion of newly detected species (healthy); Species shared between donor and recipient; Coexistence of donor and recipient strains (shared species); Species showing resistance to donor strains; Species showing donor-recipient strain coexistence,%; %; %; %; %; %; %; %; %,69.3 ± 21.8 (day 2); 37.6 ± 16.6 (3 months); 11.9; not clearly separated from placebo/healthy fluctuation range in 4/5 cases; 20.8 ± 5.5; 17.7 ± 10.9; 64.5 ± 6.0; 50.7 ± 10.1; 39 ± 23; 44 ± 14,feces,2009/2010,Netherlands,Metabolic syndrome,Metabolic syndrome,Species composition change above range of temporal variation (Euclidean distance); Higher single-site allelic variation in allogenic FMT vs placebo/healthy,FMT1; FMT2; FMT3; FMT4; FMT5; SELF1; SELF2; SELF3; SELF4; SELF5,Homo sapiens,ERR1297519,SAMEA3882507,Illumina HiSeq 2000,allogenic FMT / placebo (autologous) FMT / healthy control,FAT_006-22-84-0,metabolic syndrome,Fecal microbiota transplantation,"Cohort of 10 subjects: 5 allogenic FMT (from one of three lean donors), 5 autologous (placebo) FMT; 55 fecal metagenomes sequenced from FMT study; 164 total metagenomes across three study groups; Comparison cohort: 109 metagenomes from 48 healthy FMT-naive individuals including Human Microbiome Project data; 1105 detected prokaryotic species; 11.8 million variant positions identified; 42 species across five phyla used for confident SNV tracking; Subjects had not used antibiotics or other medication for at least 3 months before or during treatment"
27126044,No,3,Month,Donor-specific SNV retention (determinant positions); SNV assignment error rate; Proportion of acquired donor-specific species (allogenic FMT); Proportion of newly detected species (placebo); Proportion of newly detected species (healthy); Species shared between donor and recipient; Coexistence of donor and recipient strains (shared species); Species showing resistance to donor strains; Species showing donor-recipient strain coexistence,%; %; %; %; %; %; %; %; %,69.3 ± 21.8 (day 2); 37.6 ± 16.6 (3 months); 11.9; not clearly separated from placebo/healthy fluctuation range in 4/5 cases; 20.8 ± 5.5; 17.7 ± 10.9; 64.5 ± 6.0; 50.7 ± 10.1; 39 ± 23; 44 ± 14,feces,2009/2010,Netherlands,Metabolic syndrome,Metabolic syndrome,Species composition change above range of temporal variation (Euclidean distance); Higher single-site allelic variation in allogenic FMT vs placebo/healthy,FMT1; FMT2; FMT3; FMT4; FMT5; SELF1; SELF2; SELF3; SELF4; SELF5,Homo sapiens,ERR1297520,SAMEA3882556,Illumina HiSeq 2000,allogenic FMT / placebo (autologous) FMT / healthy control,FAT_DON_19-22-0-0,metabolic syndrome,Fecal microbiota transplantation,"Cohort of 10 subjects: 5 allogenic FMT (from one of three lean donors), 5 autologous (placebo) FMT; 55 fecal metagenomes sequenced from FMT study; 164 total metagenomes across three study groups; Comparison cohort: 109 metagenomes from 48 healthy FMT-naive individuals including Human Microbiome Project data; 1105 detected prokaryotic species; 11.8 million variant positions identified; 42 species across five phyla used for confident SNV tracking; Subjects had not used antibiotics or other medication for at least 3 months before or during treatment"
27126044,No,3,Month,Donor-specific SNV retention (determinant positions); SNV assignment error rate; Proportion of acquired donor-specific species (allogenic FMT); Proportion of newly detected species (placebo); Proportion of newly detected species (healthy); Species shared between donor and recipient; Coexistence of donor and recipient strains (shared species); Species showing resistance to donor strains; Species showing donor-recipient strain coexistence,%; %; %; %; %; %; %; %; %,69.3 ± 21.8 (day 2); 37.6 ± 16.6 (3 months); 11.9; not clearly separated from placebo/healthy fluctuation range in 4/5 cases; 20.8 ± 5.5; 17.7 ± 10.9; 64.5 ± 6.0; 50.7 ± 10.1; 39 ± 23; 44 ± 14,feces,2009/2010,Netherlands,Metabolic syndrome,Metabolic syndrome,Species composition change above range of temporal variation (Euclidean distance); Higher single-site allelic variation in allogenic FMT vs placebo/healthy,FMT1; FMT2; FMT3; FMT4; FMT5; SELF1; SELF2; SELF3; SELF4; SELF5,Homo sapiens,ERR1297528,SAMEA3882545,Illumina HiSeq 2000,allogenic FMT / placebo (autologous) FMT / healthy control,FAT_023-22-2-0,metabolic syndrome,Fecal microbiota transplantation,"Cohort of 10 subjects: 5 allogenic FMT (from one of three lean donors), 5 autologous (placebo) FMT; 55 fecal metagenomes sequenced from FMT study; 164 total metagenomes across three study groups; Comparison cohort: 109 metagenomes from 48 healthy FMT-naive individuals including Human Microbiome Project data; 1105 detected prokaryotic species; 11.8 million variant positions identified; 42 species across five phyla used for confident SNV tracking; Subjects had not used antibiotics or other medication for at least 3 months before or during treatment"
27126044,No,3,Month,Donor-specific SNV retention (determinant positions); SNV assignment error rate; Proportion of acquired donor-specific species (allogenic FMT); Proportion of newly detected species (placebo); Proportion of newly detected species (healthy); Species shared between donor and recipient; Coexistence of donor and recipient strains (shared species); Species showing resistance to donor strains; Species showing donor-recipient strain coexistence,%; %; %; %; %; %; %; %; %,69.3 ± 21.8 (day 2); 37.6 ± 16.6 (3 months); 11.9; not clearly separated from placebo/healthy fluctuation range in 4/5 cases; 20.8 ± 5.5; 17.7 ± 10.9; 64.5 ± 6.0; 50.7 ± 10.1; 39 ± 23; 44 ± 14,feces,2009/2010,Netherlands,Metabolic syndrome,Metabolic syndrome,Species composition change above range of temporal variation (Euclidean distance); Higher single-site allelic variation in allogenic FMT vs placebo/healthy,FMT1; FMT2; FMT3; FMT4; FMT5; SELF1; SELF2; SELF3; SELF4; SELF5,Homo sapiens,ERR1297531,SAMEA3882537,Illumina HiSeq 2000,allogenic FMT / placebo (autologous) FMT / healthy control,FAT_017-22-84-0,metabolic syndrome,Fecal microbiota transplantation,"Cohort of 10 subjects: 5 allogenic FMT (from one of three lean donors), 5 autologous (placebo) FMT; 55 fecal metagenomes sequenced from FMT study; 164 total metagenomes across three study groups; Comparison cohort: 109 metagenomes from 48 healthy FMT-naive individuals including Human Microbiome Project data; 1105 detected prokaryotic species; 11.8 million variant positions identified; 42 species across five phyla used for confident SNV tracking; Subjects had not used antibiotics or other medication for at least 3 months before or during treatment"
27126044,No,3,Month,Donor-specific SNV retention (determinant positions); SNV assignment error rate; Proportion of acquired donor-specific species (allogenic FMT); Proportion of newly detected species (placebo); Proportion of newly detected species (healthy); Species shared between donor and recipient; Coexistence of donor and recipient strains (shared species); Species showing resistance to donor strains; Species showing donor-recipient strain coexistence,%; %; %; %; %; %; %; %; %,69.3 ± 21.8 (day 2); 37.6 ± 16.6 (3 months); 11.9; not clearly separated from placebo/healthy fluctuation range in 4/5 cases; 20.8 ± 5.5; 17.7 ± 10.9; 64.5 ± 6.0; 50.7 ± 10.1; 39 ± 23; 44 ± 14,feces,2009/2010,Netherlands,Metabolic syndrome,Metabolic syndrome,Species composition change above range of temporal variation (Euclidean distance); Higher single-site allelic variation in allogenic FMT vs placebo/healthy,FMT1; FMT2; FMT3; FMT4; FMT5; SELF1; SELF2; SELF3; SELF4; SELF5,Homo sapiens,ERR1297535,SAMEA3882504,Illumina HiSeq 2000,allogenic FMT / placebo (autologous) FMT / healthy control,FAT_006-22-14-0,metabolic syndrome,Fecal microbiota transplantation,"Cohort of 10 subjects: 5 allogenic FMT (from one of three lean donors), 5 autologous (placebo) FMT; 55 fecal metagenomes sequenced from FMT study; 164 total metagenomes across three study groups; Comparison cohort: 109 metagenomes from 48 healthy FMT-naive individuals including Human Microbiome Project data; 1105 detected prokaryotic species; 11.8 million variant positions identified; 42 species across five phyla used for confident SNV tracking; Subjects had not used antibiotics or other medication for at least 3 months before or during treatment"
27126044,No,3,Month,Donor-specific SNV retention (determinant positions); SNV assignment error rate; Proportion of acquired donor-specific species (allogenic FMT); Proportion of newly detected species (placebo); Proportion of newly detected species (healthy); Species shared between donor and recipient; Coexistence of donor and recipient strains (shared species); Species showing resistance to donor strains; Species showing donor-recipient strain coexistence,%; %; %; %; %; %; %; %; %,69.3 ± 21.8 (day 2); 37.6 ± 16.6 (3 months); 11.9; not clearly separated from placebo/healthy fluctuation range in 4/5 cases; 20.8 ± 5.5; 17.7 ± 10.9; 64.5 ± 6.0; 50.7 ± 10.1; 39 ± 23; 44 ± 14,feces,2009/2010,Netherlands,Metabolic syndrome,Metabolic syndrome,Species composition change above range of temporal variation (Euclidean distance); Higher single-site allelic variation in allogenic FMT vs placebo/healthy,FMT1; FMT2; FMT3; FMT4; FMT5; SELF1; SELF2; SELF3; SELF4; SELF5,Homo sapiens,ERR1297537,SAMEA3882530,Illumina HiSeq 2000,allogenic FMT / placebo (autologous) FMT / healthy control,FAT_015-22-2-0,metabolic syndrome,Fecal microbiota transplantation,"Cohort of 10 subjects: 5 allogenic FMT (from one of three lean donors), 5 autologous (placebo) FMT; 55 fecal metagenomes sequenced from FMT study; 164 total metagenomes across three study groups; Comparison cohort: 109 metagenomes from 48 healthy FMT-naive individuals including Human Microbiome Project data; 1105 detected prokaryotic species; 11.8 million variant positions identified; 42 species across five phyla used for confident SNV tracking; Subjects had not used antibiotics or other medication for at least 3 months before or during treatment"
27126044,No,3,Month,Donor-specific SNV retention (determinant positions); SNV assignment error rate; Proportion of acquired donor-specific species (allogenic FMT); Proportion of newly detected species (placebo); Proportion of newly detected species (healthy); Species shared between donor and recipient; Coexistence of donor and recipient strains (shared species); Species showing resistance to donor strains; Species showing donor-recipient strain coexistence,%; %; %; %; %; %; %; %; %,69.3 ± 21.8 (day 2); 37.6 ± 16.6 (3 months); 11.9; not clearly separated from placebo/healthy fluctuation range in 4/5 cases; 20.8 ± 5.5; 17.7 ± 10.9; 64.5 ± 6.0; 50.7 ± 10.1; 39 ± 23; 44 ± 14,feces,2009/2010,Netherlands,Metabolic syndrome,Metabolic syndrome,Species composition change above range of temporal variation (Euclidean distance); Higher single-site allelic variation in allogenic FMT vs placebo/healthy,FMT1; FMT2; FMT3; FMT4; FMT5; SELF1; SELF2; SELF3; SELF4; SELF5,Homo sapiens,ERR1297538,SAMEA3882515,Illumina HiSeq 2000,allogenic FMT / placebo (autologous) FMT / healthy control,FAT_010-22-2-0,metabolic syndrome,Fecal microbiota transplantation,"Cohort of 10 subjects: 5 allogenic FMT (from one of three lean donors), 5 autologous (placebo) FMT; 55 fecal metagenomes sequenced from FMT study; 164 total metagenomes across three study groups; Comparison cohort: 109 metagenomes from 48 healthy FMT-naive individuals including Human Microbiome Project data; 1105 detected prokaryotic species; 11.8 million variant positions identified; 42 species across five phyla used for confident SNV tracking; Subjects had not used antibiotics or other medication for at least 3 months before or during treatment"
27126044,No,3,Month,Donor-specific SNV retention (determinant positions); SNV assignment error rate; Proportion of acquired donor-specific species (allogenic FMT); Proportion of newly detected species (placebo); Proportion of newly detected species (healthy); Species shared between donor and recipient; Coexistence of donor and recipient strains (shared species); Species showing resistance to donor strains; Species showing donor-recipient strain coexistence,%; %; %; %; %; %; %; %; %,69.3 ± 21.8 (day 2); 37.6 ± 16.6 (3 months); 11.9; not clearly separated from placebo/healthy fluctuation range in 4/5 cases; 20.8 ± 5.5; 17.7 ± 10.9; 64.5 ± 6.0; 50.7 ± 10.1; 39 ± 23; 44 ± 14,feces,2009/2010,Netherlands,Metabolic syndrome,Metabolic syndrome,Species composition change above range of temporal variation (Euclidean distance); Higher single-site allelic variation in allogenic FMT vs placebo/healthy,FMT1; FMT2; FMT3; FMT4; FMT5; SELF1; SELF2; SELF3; SELF4; SELF5,Homo sapiens,ERR1297539,SAMEA3882552,Illumina HiSeq 2000,allogenic FMT / placebo (autologous) FMT / healthy control,FAT_024-22-84-0,metabolic syndrome,Fecal microbiota transplantation,"Cohort of 10 subjects: 5 allogenic FMT (from one of three lean donors), 5 autologous (placebo) FMT; 55 fecal metagenomes sequenced from FMT study; 164 total metagenomes across three study groups; Comparison cohort: 109 metagenomes from 48 healthy FMT-naive individuals including Human Microbiome Project data; 1105 detected prokaryotic species; 11.8 million variant positions identified; 42 species across five phyla used for confident SNV tracking; Subjects had not used antibiotics or other medication for at least 3 months before or during treatment"
27126044,No,3,Month,Donor-specific SNV retention (determinant positions); SNV assignment error rate; Proportion of acquired donor-specific species (allogenic FMT); Proportion of newly detected species (placebo); Proportion of newly detected species (healthy); Species shared between donor and recipient; Coexistence of donor and recipient strains (shared species); Species showing resistance to donor strains; Species showing donor-recipient strain coexistence,%; %; %; %; %; %; %; %; %,69.3 ± 21.8 (day 2); 37.6 ± 16.6 (3 months); 11.9; not clearly separated from placebo/healthy fluctuation range in 4/5 cases; 20.8 ± 5.5; 17.7 ± 10.9; 64.5 ± 6.0; 50.7 ± 10.1; 39 ± 23; 44 ± 14,feces,2009/2010,Netherlands,Metabolic syndrome,Metabolic syndrome,Species composition change above range of temporal variation (Euclidean distance); Higher single-site allelic variation in allogenic FMT vs placebo/healthy,FMT1; FMT2; FMT3; FMT4; FMT5; SELF1; SELF2; SELF3; SELF4; SELF5,Homo sapiens,ERR1297545,SAMEA3882533,Illumina HiSeq 2000,allogenic FMT / placebo (autologous) FMT / healthy control,FAT_017-22-0-0,metabolic syndrome,Fecal microbiota transplantation,"Cohort of 10 subjects: 5 allogenic FMT (from one of three lean donors), 5 autologous (placebo) FMT; 55 fecal metagenomes sequenced from FMT study; 164 total metagenomes across three study groups; Comparison cohort: 109 metagenomes from 48 healthy FMT-naive individuals including Human Microbiome Project data; 1105 detected prokaryotic species; 11.8 million variant positions identified; 42 species across five phyla used for confident SNV tracking; Subjects had not used antibiotics or other medication for at least 3 months before or during treatment"
27126044,No,3,Month,Donor-specific SNV retention (determinant positions); SNV assignment error rate; Proportion of acquired donor-specific species (allogenic FMT); Proportion of newly detected species (placebo); Proportion of newly detected species (healthy); Species shared between donor and recipient; Coexistence of donor and recipient strains (shared species); Species showing resistance to donor strains; Species showing donor-recipient strain coexistence,%; %; %; %; %; %; %; %; %,69.3 ± 21.8 (day 2); 37.6 ± 16.6 (3 months); 11.9; not clearly separated from placebo/healthy fluctuation range in 4/5 cases; 20.8 ± 5.5; 17.7 ± 10.9; 64.5 ± 6.0; 50.7 ± 10.1; 39 ± 23; 44 ± 14,feces,2009/2010,Netherlands,Metabolic syndrome,Metabolic syndrome,Species composition change above range of temporal variation (Euclidean distance); Higher single-site allelic variation in allogenic FMT vs placebo/healthy,FMT1; FMT2; FMT3; FMT4; FMT5; SELF1; SELF2; SELF3; SELF4; SELF5,Homo sapiens,ERR1297546,SAMEA3882512,Illumina HiSeq 2000,allogenic FMT / placebo (autologous) FMT / healthy control,FAT_008-22-84-0,metabolic syndrome,Fecal microbiota transplantation,"Cohort of 10 subjects: 5 allogenic FMT (from one of three lean donors), 5 autologous (placebo) FMT; 55 fecal metagenomes sequenced from FMT study; 164 total metagenomes across three study groups; Comparison cohort: 109 metagenomes from 48 healthy FMT-naive individuals including Human Microbiome Project data; 1105 detected prokaryotic species; 11.8 million variant positions identified; 42 species across five phyla used for confident SNV tracking; Subjects had not used antibiotics or other medication for at least 3 months before or during treatment"
27126044,No,3,Month,Donor-specific SNV retention (determinant positions); SNV assignment error rate; Proportion of acquired donor-specific species (allogenic FMT); Proportion of newly detected species (placebo); Proportion of newly detected species (healthy); Species shared between donor and recipient; Coexistence of donor and recipient strains (shared species); Species showing resistance to donor strains; Species showing donor-recipient strain coexistence,%; %; %; %; %; %; %; %; %,69.3 ± 21.8 (day 2); 37.6 ± 16.6 (3 months); 11.9; not clearly separated from placebo/healthy fluctuation range in 4/5 cases; 20.8 ± 5.5; 17.7 ± 10.9; 64.5 ± 6.0; 50.7 ± 10.1; 39 ± 23; 44 ± 14,feces,2009/2010,Netherlands,Metabolic syndrome,Metabolic syndrome,Species composition change above range of temporal variation (Euclidean distance); Higher single-site allelic variation in allogenic FMT vs placebo/healthy,FMT1; FMT2; FMT3; FMT4; FMT5; SELF1; SELF2; SELF3; SELF4; SELF5,Homo sapiens,ERR1297556,SAMEA3882545,Illumina HiSeq 2000,allogenic FMT / placebo (autologous) FMT / healthy control,FAT_023-22-2-0,metabolic syndrome,Fecal microbiota transplantation,"Cohort of 10 subjects: 5 allogenic FMT (from one of three lean donors), 5 autologous (placebo) FMT; 55 fecal metagenomes sequenced from FMT study; 164 total metagenomes across three study groups; Comparison cohort: 109 metagenomes from 48 healthy FMT-naive individuals including Human Microbiome Project data; 1105 detected prokaryotic species; 11.8 million variant positions identified; 42 species across five phyla used for confident SNV tracking; Subjects had not used antibiotics or other medication for at least 3 months before or during treatment"
27126044,No,3,Month,Donor-specific SNV retention (determinant positions); SNV assignment error rate; Proportion of acquired donor-specific species (allogenic FMT); Proportion of newly detected species (placebo); Proportion of newly detected species (healthy); Species shared between donor and recipient; Coexistence of donor and recipient strains (shared species); Species showing resistance to donor strains; Species showing donor-recipient strain coexistence,%; %; %; %; %; %; %; %; %,69.3 ± 21.8 (day 2); 37.6 ± 16.6 (3 months); 11.9; not clearly separated from placebo/healthy fluctuation range in 4/5 cases; 20.8 ± 5.5; 17.7 ± 10.9; 64.5 ± 6.0; 50.7 ± 10.1; 39 ± 23; 44 ± 14,feces,2009/2010,Netherlands,Metabolic syndrome,Metabolic syndrome,Species composition change above range of temporal variation (Euclidean distance); Higher single-site allelic variation in allogenic FMT vs placebo/healthy,FMT1; FMT2; FMT3; FMT4; FMT5; SELF1; SELF2; SELF3; SELF4; SELF5,Homo sapiens,ERR1297562,SAMEA3882509,Illumina HiSeq 2000,allogenic FMT / placebo (autologous) FMT / healthy control,FAT_008-22-14-0,metabolic syndrome,Fecal microbiota transplantation,"Cohort of 10 subjects: 5 allogenic FMT (from one of three lean donors), 5 autologous (placebo) FMT; 55 fecal metagenomes sequenced from FMT study; 164 total metagenomes across three study groups; Comparison cohort: 109 metagenomes from 48 healthy FMT-naive individuals including Human Microbiome Project data; 1105 detected prokaryotic species; 11.8 million variant positions identified; 42 species across five phyla used for confident SNV tracking; Subjects had not used antibiotics or other medication for at least 3 months before or during treatment"
27126044,No,3,Month,Donor-specific SNV retention (determinant positions); SNV assignment error rate; Proportion of acquired donor-specific species (allogenic FMT); Proportion of newly detected species (placebo); Proportion of newly detected species (healthy); Species shared between donor and recipient; Coexistence of donor and recipient strains (shared species); Species showing resistance to donor strains; Species showing donor-recipient strain coexistence,%; %; %; %; %; %; %; %; %,69.3 ± 21.8 (day 2); 37.6 ± 16.6 (3 months); 11.9; not clearly separated from placebo/healthy fluctuation range in 4/5 cases; 20.8 ± 5.5; 17.7 ± 10.9; 64.5 ± 6.0; 50.7 ± 10.1; 39 ± 23; 44 ± 14,feces,2009/2010,Netherlands,Metabolic syndrome,Metabolic syndrome,Species composition change above range of temporal variation (Euclidean distance); Higher single-site allelic variation in allogenic FMT vs placebo/healthy,FMT1; FMT2; FMT3; FMT4; FMT5; SELF1; SELF2; SELF3; SELF4; SELF5,Homo sapiens,ERR1297567,SAMEA3882531,Illumina HiSeq 2000,allogenic FMT / placebo (autologous) FMT / healthy control,FAT_015-22-42-0,metabolic syndrome,Fecal microbiota transplantation,"Cohort of 10 subjects: 5 allogenic FMT (from one of three lean donors), 5 autologous (placebo) FMT; 55 fecal metagenomes sequenced from FMT study; 164 total metagenomes across three study groups; Comparison cohort: 109 metagenomes from 48 healthy FMT-naive individuals including Human Microbiome Project data; 1105 detected prokaryotic species; 11.8 million variant positions identified; 42 species across five phyla used for confident SNV tracking; Subjects had not used antibiotics or other medication for at least 3 months before or during treatment"
27126044,No,3,Month,Donor-specific SNV retention (determinant positions); SNV assignment error rate; Proportion of acquired donor-specific species (allogenic FMT); Proportion of newly detected species (placebo); Proportion of newly detected species (healthy); Species shared between donor and recipient; Coexistence of donor and recipient strains (shared species); Species showing resistance to donor strains; Species showing donor-recipient strain coexistence,%; %; %; %; %; %; %; %; %,69.3 ± 21.8 (day 2); 37.6 ± 16.6 (3 months); 11.9; not clearly separated from placebo/healthy fluctuation range in 4/5 cases; 20.8 ± 5.5; 17.7 ± 10.9; 64.5 ± 6.0; 50.7 ± 10.1; 39 ± 23; 44 ± 14,feces,2009/2010,Netherlands,Metabolic syndrome,Metabolic syndrome,Species composition change above range of temporal variation (Euclidean distance); Higher single-site allelic variation in allogenic FMT vs placebo/healthy,FMT1; FMT2; FMT3; FMT4; FMT5; SELF1; SELF2; SELF3; SELF4; SELF5,Homo sapiens,ERR1297587,SAMEA3882523,Illumina HiSeq 2000,allogenic FMT / placebo (autologous) FMT / healthy control,FAT_014-22-0-0,metabolic syndrome,Fecal microbiota transplantation,"Cohort of 10 subjects: 5 allogenic FMT (from one of three lean donors), 5 autologous (placebo) FMT; 55 fecal metagenomes sequenced from FMT study; 164 total metagenomes across three study groups; Comparison cohort: 109 metagenomes from 48 healthy FMT-naive individuals including Human Microbiome Project data; 1105 detected prokaryotic species; 11.8 million variant positions identified; 42 species across five phyla used for confident SNV tracking; Subjects had not used antibiotics or other medication for at least 3 months before or during treatment"
27126044,No,3,Month,Donor-specific SNV retention (determinant positions); SNV assignment error rate; Proportion of acquired donor-specific species (allogenic FMT); Proportion of newly detected species (placebo); Proportion of newly detected species (healthy); Species shared between donor and recipient; Coexistence of donor and recipient strains (shared species); Species showing resistance to donor strains; Species showing donor-recipient strain coexistence,%; %; %; %; %; %; %; %; %,69.3 ± 21.8 (day 2); 37.6 ± 16.6 (3 months); 11.9; not clearly separated from placebo/healthy fluctuation range in 4/5 cases; 20.8 ± 5.5; 17.7 ± 10.9; 64.5 ± 6.0; 50.7 ± 10.1; 39 ± 23; 44 ± 14,feces,2009/2010,Netherlands,Metabolic syndrome,Metabolic syndrome,Species composition change above range of temporal variation (Euclidean distance); Higher single-site allelic variation in allogenic FMT vs placebo/healthy,FMT1; FMT2; FMT3; FMT4; FMT5; SELF1; SELF2; SELF3; SELF4; SELF5,Homo sapiens,ERR1297588,SAMEA3882556,Illumina HiSeq 2000,allogenic FMT / placebo (autologous) FMT / healthy control,FAT_DON_19-22-0-0,metabolic syndrome,Fecal microbiota transplantation,"Cohort of 10 subjects: 5 allogenic FMT (from one of three lean donors), 5 autologous (placebo) FMT; 55 fecal metagenomes sequenced from FMT study; 164 total metagenomes across three study groups; Comparison cohort: 109 metagenomes from 48 healthy FMT-naive individuals including Human Microbiome Project data; 1105 detected prokaryotic species; 11.8 million variant positions identified; 42 species across five phyla used for confident SNV tracking; Subjects had not used antibiotics or other medication for at least 3 months before or during treatment"
27126044,No,3,Month,Donor-specific SNV retention (determinant positions); SNV assignment error rate; Proportion of acquired donor-specific species (allogenic FMT); Proportion of newly detected species (placebo); Proportion of newly detected species (healthy); Species shared between donor and recipient; Coexistence of donor and recipient strains (shared species); Species showing resistance to donor strains; Species showing donor-recipient strain coexistence,%; %; %; %; %; %; %; %; %,69.3 ± 21.8 (day 2); 37.6 ± 16.6 (3 months); 11.9; not clearly separated from placebo/healthy fluctuation range in 4/5 cases; 20.8 ± 5.5; 17.7 ± 10.9; 64.5 ± 6.0; 50.7 ± 10.1; 39 ± 23; 44 ± 14,feces,2009/2010,Netherlands,Metabolic syndrome,Metabolic syndrome,Species composition change above range of temporal variation (Euclidean distance); Higher single-site allelic variation in allogenic FMT vs placebo/healthy,FMT1; FMT2; FMT3; FMT4; FMT5; SELF1; SELF2; SELF3; SELF4; SELF5,Homo sapiens,ERR1297600,SAMEA3882529,Illumina HiSeq 2000,allogenic FMT / placebo (autologous) FMT / healthy control,FAT_015-22-14-0,metabolic syndrome,Fecal microbiota transplantation,"Cohort of 10 subjects: 5 allogenic FMT (from one of three lean donors), 5 autologous (placebo) FMT; 55 fecal metagenomes sequenced from FMT study; 164 total metagenomes across three study groups; Comparison cohort: 109 metagenomes from 48 healthy FMT-naive individuals including Human Microbiome Project data; 1105 detected prokaryotic species; 11.8 million variant positions identified; 42 species across five phyla used for confident SNV tracking; Subjects had not used antibiotics or other medication for at least 3 months before or during treatment"
27126044,No,3,Month,Donor-specific SNV retention (determinant positions); SNV assignment error rate; Proportion of acquired donor-specific species (allogenic FMT); Proportion of newly detected species (placebo); Proportion of newly detected species (healthy); Species shared between donor and recipient; Coexistence of donor and recipient strains (shared species); Species showing resistance to donor strains; Species showing donor-recipient strain coexistence,%; %; %; %; %; %; %; %; %,69.3 ± 21.8 (day 2); 37.6 ± 16.6 (3 months); 11.9; not clearly separated from placebo/healthy fluctuation range in 4/5 cases; 20.8 ± 5.5; 17.7 ± 10.9; 64.5 ± 6.0; 50.7 ± 10.1; 39 ± 23; 44 ± 14,feces,2009/2010,Netherlands,Metabolic syndrome,Metabolic syndrome,Species composition change above range of temporal variation (Euclidean distance); Higher single-site allelic variation in allogenic FMT vs placebo/healthy,FMT1; FMT2; FMT3; FMT4; FMT5; SELF1; SELF2; SELF3; SELF4; SELF5,Homo sapiens,ERR1297611,SAMEA3882554,Illumina HiSeq 2000,allogenic FMT / placebo (autologous) FMT / healthy control,FAT_DON_11-22-0-5,metabolic syndrome,Fecal microbiota transplantation,"Cohort of 10 subjects: 5 allogenic FMT (from one of three lean donors), 5 autologous (placebo) FMT; 55 fecal metagenomes sequenced from FMT study; 164 total metagenomes across three study groups; Comparison cohort: 109 metagenomes from 48 healthy FMT-naive individuals including Human Microbiome Project data; 1105 detected prokaryotic species; 11.8 million variant positions identified; 42 species across five phyla used for confident SNV tracking; Subjects had not used antibiotics or other medication for at least 3 months before or during treatment"
27126044,No,3,Month,Donor-specific SNV retention (determinant positions); SNV assignment error rate; Proportion of acquired donor-specific species (allogenic FMT); Proportion of newly detected species (placebo); Proportion of newly detected species (healthy); Species shared between donor and recipient; Coexistence of donor and recipient strains (shared species); Species showing resistance to donor strains; Species showing donor-recipient strain coexistence,%; %; %; %; %; %; %; %; %,69.3 ± 21.8 (day 2); 37.6 ± 16.6 (3 months); 11.9; not clearly separated from placebo/healthy fluctuation range in 4/5 cases; 20.8 ± 5.5; 17.7 ± 10.9; 64.5 ± 6.0; 50.7 ± 10.1; 39 ± 23; 44 ± 14,feces,2009/2010,Netherlands,Metabolic syndrome,Metabolic syndrome,Species composition change above range of temporal variation (Euclidean distance); Higher single-site allelic variation in allogenic FMT vs placebo/healthy,FMT1; FMT2; FMT3; FMT4; FMT5; SELF1; SELF2; SELF3; SELF4; SELF5,Homo sapiens,ERR1297620,SAMEA3882557,Illumina HiSeq 2000,allogenic FMT / placebo (autologous) FMT / healthy control,FAT_DON_8-22-0-0,metabolic syndrome,Fecal microbiota transplantation,"Cohort of 10 subjects: 5 allogenic FMT (from one of three lean donors), 5 autologous (placebo) FMT; 55 fecal metagenomes sequenced from FMT study; 164 total metagenomes across three study groups; Comparison cohort: 109 metagenomes from 48 healthy FMT-naive individuals including Human Microbiome Project data; 1105 detected prokaryotic species; 11.8 million variant positions identified; 42 species across five phyla used for confident SNV tracking; Subjects had not used antibiotics or other medication for at least 3 months before or during treatment"
27126044,No,3,Month,Donor-specific SNV retention (determinant positions); SNV assignment error rate; Proportion of acquired donor-specific species (allogenic FMT); Proportion of newly detected species (placebo); Proportion of newly detected species (healthy); Species shared between donor and recipient; Coexistence of donor and recipient strains (shared species); Species showing resistance to donor strains; Species showing donor-recipient strain coexistence,%; %; %; %; %; %; %; %; %,69.3 ± 21.8 (day 2); 37.6 ± 16.6 (3 months); 11.9; not clearly separated from placebo/healthy fluctuation range in 4/5 cases; 20.8 ± 5.5; 17.7 ± 10.9; 64.5 ± 6.0; 50.7 ± 10.1; 39 ± 23; 44 ± 14,feces,2009/2010,Netherlands,Metabolic syndrome,Metabolic syndrome,Species composition change above range of temporal variation (Euclidean distance); Higher single-site allelic variation in allogenic FMT vs placebo/healthy,FMT1; FMT2; FMT3; FMT4; FMT5; SELF1; SELF2; SELF3; SELF4; SELF5,Homo sapiens,ERR1297626,SAMEA3882512,Illumina HiSeq 2000,allogenic FMT / placebo (autologous) FMT / healthy control,FAT_008-22-84-0,metabolic syndrome,Fecal microbiota transplantation,"Cohort of 10 subjects: 5 allogenic FMT (from one of three lean donors), 5 autologous (placebo) FMT; 55 fecal metagenomes sequenced from FMT study; 164 total metagenomes across three study groups; Comparison cohort: 109 metagenomes from 48 healthy FMT-naive individuals including Human Microbiome Project data; 1105 detected prokaryotic species; 11.8 million variant positions identified; 42 species across five phyla used for confident SNV tracking; Subjects had not used antibiotics or other medication for at least 3 months before or during treatment"
27126044,No,3,Month,Donor-specific SNV retention (determinant positions); SNV assignment error rate; Proportion of acquired donor-specific species (allogenic FMT); Proportion of newly detected species (placebo); Proportion of newly detected species (healthy); Species shared between donor and recipient; Coexistence of donor and recipient strains (shared species); Species showing resistance to donor strains; Species showing donor-recipient strain coexistence,%; %; %; %; %; %; %; %; %,69.3 ± 21.8 (day 2); 37.6 ± 16.6 (3 months); 11.9; not clearly separated from placebo/healthy fluctuation range in 4/5 cases; 20.8 ± 5.5; 17.7 ± 10.9; 64.5 ± 6.0; 50.7 ± 10.1; 39 ± 23; 44 ± 14,feces,2009/2010,Netherlands,Metabolic syndrome,Metabolic syndrome,Species composition change above range of temporal variation (Euclidean distance); Higher single-site allelic variation in allogenic FMT vs placebo/healthy,FMT1; FMT2; FMT3; FMT4; FMT5; SELF1; SELF2; SELF3; SELF4; SELF5,Homo sapiens,ERR1297627,SAMEA3882555,Illumina HiSeq 2000,allogenic FMT / placebo (autologous) FMT / healthy control,FAT_DON_11-22-0-6,metabolic syndrome,Fecal microbiota transplantation,"Cohort of 10 subjects: 5 allogenic FMT (from one of three lean donors), 5 autologous (placebo) FMT; 55 fecal metagenomes sequenced from FMT study; 164 total metagenomes across three study groups; Comparison cohort: 109 metagenomes from 48 healthy FMT-naive individuals including Human Microbiome Project data; 1105 detected prokaryotic species; 11.8 million variant positions identified; 42 species across five phyla used for confident SNV tracking; Subjects had not used antibiotics or other medication for at least 3 months before or during treatment"
27126044,No,3,Month,Donor-specific SNV retention (determinant positions); SNV assignment error rate; Proportion of acquired donor-specific species (allogenic FMT); Proportion of newly detected species (placebo); Proportion of newly detected species (healthy); Species shared between donor and recipient; Coexistence of donor and recipient strains (shared species); Species showing resistance to donor strains; Species showing donor-recipient strain coexistence,%; %; %; %; %; %; %; %; %,69.3 ± 21.8 (day 2); 37.6 ± 16.6 (3 months); 11.9; not clearly separated from placebo/healthy fluctuation range in 4/5 cases; 20.8 ± 5.5; 17.7 ± 10.9; 64.5 ± 6.0; 50.7 ± 10.1; 39 ± 23; 44 ± 14,feces,2009/2010,Netherlands,Metabolic syndrome,Metabolic syndrome,Species composition change above range of temporal variation (Euclidean distance); Higher single-site allelic variation in allogenic FMT vs placebo/healthy,FMT1; FMT2; FMT3; FMT4; FMT5; SELF1; SELF2; SELF3; SELF4; SELF5,Homo sapiens,ERR1297632,SAMEA3882549,Illumina HiSeq 2000,allogenic FMT / placebo (autologous) FMT / healthy control,FAT_024-22-14-0,metabolic syndrome,Fecal microbiota transplantation,"Cohort of 10 subjects: 5 allogenic FMT (from one of three lean donors), 5 autologous (placebo) FMT; 55 fecal metagenomes sequenced from FMT study; 164 total metagenomes across three study groups; Comparison cohort: 109 metagenomes from 48 healthy FMT-naive individuals including Human Microbiome Project data; 1105 detected prokaryotic species; 11.8 million variant positions identified; 42 species across five phyla used for confident SNV tracking; Subjects had not used antibiotics or other medication for at least 3 months before or during treatment"
27126044,No,3,Month,Donor-specific SNV retention (determinant positions); SNV assignment error rate; Proportion of acquired donor-specific species (allogenic FMT); Proportion of newly detected species (placebo); Proportion of newly detected species (healthy); Species shared between donor and recipient; Coexistence of donor and recipient strains (shared species); Species showing resistance to donor strains; Species showing donor-recipient strain coexistence,%; %; %; %; %; %; %; %; %,69.3 ± 21.8 (day 2); 37.6 ± 16.6 (3 months); 11.9; not clearly separated from placebo/healthy fluctuation range in 4/5 cases; 20.8 ± 5.5; 17.7 ± 10.9; 64.5 ± 6.0; 50.7 ± 10.1; 39 ± 23; 44 ± 14,feces,2009/2010,Netherlands,Metabolic syndrome,Metabolic syndrome,Species composition change above range of temporal variation (Euclidean distance); Higher single-site allelic variation in allogenic FMT vs placebo/healthy,FMT1; FMT2; FMT3; FMT4; FMT5; SELF1; SELF2; SELF3; SELF4; SELF5,Homo sapiens,ERR1297633,SAMEA3882507,Illumina HiSeq 2000,allogenic FMT / placebo (autologous) FMT / healthy control,FAT_006-22-84-0,metabolic syndrome,Fecal microbiota transplantation,"Cohort of 10 subjects: 5 allogenic FMT (from one of three lean donors), 5 autologous (placebo) FMT; 55 fecal metagenomes sequenced from FMT study; 164 total metagenomes across three study groups; Comparison cohort: 109 metagenomes from 48 healthy FMT-naive individuals including Human Microbiome Project data; 1105 detected prokaryotic species; 11.8 million variant positions identified; 42 species across five phyla used for confident SNV tracking; Subjects had not used antibiotics or other medication for at least 3 months before or during treatment"
27126044,No,3,Month,Donor-specific SNV retention (determinant positions); SNV assignment error rate; Proportion of acquired donor-specific species (allogenic FMT); Proportion of newly detected species (placebo); Proportion of newly detected species (healthy); Species shared between donor and recipient; Coexistence of donor and recipient strains (shared species); Species showing resistance to donor strains; Species showing donor-recipient strain coexistence,%; %; %; %; %; %; %; %; %,69.3 ± 21.8 (day 2); 37.6 ± 16.6 (3 months); 11.9; not clearly separated from placebo/healthy fluctuation range in 4/5 cases; 20.8 ± 5.5; 17.7 ± 10.9; 64.5 ± 6.0; 50.7 ± 10.1; 39 ± 23; 44 ± 14,feces,2009/2010,Netherlands,Metabolic syndrome,Metabolic syndrome,Species composition change above range of temporal variation (Euclidean distance); Higher single-site allelic variation in allogenic FMT vs placebo/healthy,FMT1; FMT2; FMT3; FMT4; FMT5; SELF1; SELF2; SELF3; SELF4; SELF5,Homo sapiens,ERR1297637,SAMEA3882557,Illumina HiSeq 2000,allogenic FMT / placebo (autologous) FMT / healthy control,FAT_DON_8-22-0-0,metabolic syndrome,Fecal microbiota transplantation,"Cohort of 10 subjects: 5 allogenic FMT (from one of three lean donors), 5 autologous (placebo) FMT; 55 fecal metagenomes sequenced from FMT study; 164 total metagenomes across three study groups; Comparison cohort: 109 metagenomes from 48 healthy FMT-naive individuals including Human Microbiome Project data; 1105 detected prokaryotic species; 11.8 million variant positions identified; 42 species across five phyla used for confident SNV tracking; Subjects had not used antibiotics or other medication for at least 3 months before or during treatment"
27126044,No,3,Month,Donor-specific SNV retention (determinant positions); SNV assignment error rate; Proportion of acquired donor-specific species (allogenic FMT); Proportion of newly detected species (placebo); Proportion of newly detected species (healthy); Species shared between donor and recipient; Coexistence of donor and recipient strains (shared species); Species showing resistance to donor strains; Species showing donor-recipient strain coexistence,%; %; %; %; %; %; %; %; %,69.3 ± 21.8 (day 2); 37.6 ± 16.6 (3 months); 11.9; not clearly separated from placebo/healthy fluctuation range in 4/5 cases; 20.8 ± 5.5; 17.7 ± 10.9; 64.5 ± 6.0; 50.7 ± 10.1; 39 ± 23; 44 ± 14,feces,2009/2010,Netherlands,Metabolic syndrome,Metabolic syndrome,Species composition change above range of temporal variation (Euclidean distance); Higher single-site allelic variation in allogenic FMT vs placebo/healthy,FMT1; FMT2; FMT3; FMT4; FMT5; SELF1; SELF2; SELF3; SELF4; SELF5,Homo sapiens,ERR1297640,SAMEA3882514,Illumina HiSeq 2000,allogenic FMT / placebo (autologous) FMT / healthy control,FAT_010-22-14-0,metabolic syndrome,Fecal microbiota transplantation,"Cohort of 10 subjects: 5 allogenic FMT (from one of three lean donors), 5 autologous (placebo) FMT; 55 fecal metagenomes sequenced from FMT study; 164 total metagenomes across three study groups; Comparison cohort: 109 metagenomes from 48 healthy FMT-naive individuals including Human Microbiome Project data; 1105 detected prokaryotic species; 11.8 million variant positions identified; 42 species across five phyla used for confident SNV tracking; Subjects had not used antibiotics or other medication for at least 3 months before or during treatment"
27126044,No,3,Month,Donor-specific SNV retention (determinant positions); SNV assignment error rate; Proportion of acquired donor-specific species (allogenic FMT); Proportion of newly detected species (placebo); Proportion of newly detected species (healthy); Species shared between donor and recipient; Coexistence of donor and recipient strains (shared species); Species showing resistance to donor strains; Species showing donor-recipient strain coexistence,%; %; %; %; %; %; %; %; %,69.3 ± 21.8 (day 2); 37.6 ± 16.6 (3 months); 11.9; not clearly separated from placebo/healthy fluctuation range in 4/5 cases; 20.8 ± 5.5; 17.7 ± 10.9; 64.5 ± 6.0; 50.7 ± 10.1; 39 ± 23; 44 ± 14,feces,2009/2010,Netherlands,Metabolic syndrome,Metabolic syndrome,Species composition change above range of temporal variation (Euclidean distance); Higher single-site allelic variation in allogenic FMT vs placebo/healthy,FMT1; FMT2; FMT3; FMT4; FMT5; SELF1; SELF2; SELF3; SELF4; SELF5,Homo sapiens,ERR1297645,SAMEA3882508,Illumina HiSeq 2000,allogenic FMT / placebo (autologous) FMT / healthy control,FAT_008-22-0-0,metabolic syndrome,Fecal microbiota transplantation,"Cohort of 10 subjects: 5 allogenic FMT (from one of three lean donors), 5 autologous (placebo) FMT; 55 fecal metagenomes sequenced from FMT study; 164 total metagenomes across three study groups; Comparison cohort: 109 metagenomes from 48 healthy FMT-naive individuals including Human Microbiome Project data; 1105 detected prokaryotic species; 11.8 million variant positions identified; 42 species across five phyla used for confident SNV tracking; Subjects had not used antibiotics or other medication for at least 3 months before or during treatment"
27126044,No,3,Month,Donor-specific SNV retention (determinant positions); SNV assignment error rate; Proportion of acquired donor-specific species (allogenic FMT); Proportion of newly detected species (placebo); Proportion of newly detected species (healthy); Species shared between donor and recipient; Coexistence of donor and recipient strains (shared species); Species showing resistance to donor strains; Species showing donor-recipient strain coexistence,%; %; %; %; %; %; %; %; %,69.3 ± 21.8 (day 2); 37.6 ± 16.6 (3 months); 11.9; not clearly separated from placebo/healthy fluctuation range in 4/5 cases; 20.8 ± 5.5; 17.7 ± 10.9; 64.5 ± 6.0; 50.7 ± 10.1; 39 ± 23; 44 ± 14,feces,2009/2010,Netherlands,Metabolic syndrome,Metabolic syndrome,Species composition change above range of temporal variation (Euclidean distance); Higher single-site allelic variation in allogenic FMT vs placebo/healthy,FMT1; FMT2; FMT3; FMT4; FMT5; SELF1; SELF2; SELF3; SELF4; SELF5,Homo sapiens,ERR1297649,SAMEA3882556,Illumina HiSeq 2000,allogenic FMT / placebo (autologous) FMT / healthy control,FAT_DON_19-22-0-0,metabolic syndrome,Fecal microbiota transplantation,"Cohort of 10 subjects: 5 allogenic FMT (from one of three lean donors), 5 autologous (placebo) FMT; 55 fecal metagenomes sequenced from FMT study; 164 total metagenomes across three study groups; Comparison cohort: 109 metagenomes from 48 healthy FMT-naive individuals including Human Microbiome Project data; 1105 detected prokaryotic species; 11.8 million variant positions identified; 42 species across five phyla used for confident SNV tracking; Subjects had not used antibiotics or other medication for at least 3 months before or during treatment"
27126044,No,3,Month,Donor-specific SNV retention (determinant positions); SNV assignment error rate; Proportion of acquired donor-specific species (allogenic FMT); Proportion of newly detected species (placebo); Proportion of newly detected species (healthy); Species shared between donor and recipient; Coexistence of donor and recipient strains (shared species); Species showing resistance to donor strains; Species showing donor-recipient strain coexistence,%; %; %; %; %; %; %; %; %,69.3 ± 21.8 (day 2); 37.6 ± 16.6 (3 months); 11.9; not clearly separated from placebo/healthy fluctuation range in 4/5 cases; 20.8 ± 5.5; 17.7 ± 10.9; 64.5 ± 6.0; 50.7 ± 10.1; 39 ± 23; 44 ± 14,feces,2009/2010,Netherlands,Metabolic syndrome,Metabolic syndrome,Species composition change above range of temporal variation (Euclidean distance); Higher single-site allelic variation in allogenic FMT vs placebo/healthy,FMT1; FMT2; FMT3; FMT4; FMT5; SELF1; SELF2; SELF3; SELF4; SELF5,Homo sapiens,ERR1297651,SAMEA3882524,Illumina HiSeq 2000,allogenic FMT / placebo (autologous) FMT / healthy control,FAT_014-22-14-0,metabolic syndrome,Fecal microbiota transplantation,"Cohort of 10 subjects: 5 allogenic FMT (from one of three lean donors), 5 autologous (placebo) FMT; 55 fecal metagenomes sequenced from FMT study; 164 total metagenomes across three study groups; Comparison cohort: 109 metagenomes from 48 healthy FMT-naive individuals including Human Microbiome Project data; 1105 detected prokaryotic species; 11.8 million variant positions identified; 42 species across five phyla used for confident SNV tracking; Subjects had not used antibiotics or other medication for at least 3 months before or during treatment"
27126044,No,3,Month,Donor-specific SNV retention (determinant positions); SNV assignment error rate; Proportion of acquired donor-specific species (allogenic FMT); Proportion of newly detected species (placebo); Proportion of newly detected species (healthy); Species shared between donor and recipient; Coexistence of donor and recipient strains (shared species); Species showing resistance to donor strains; Species showing donor-recipient strain coexistence,%; %; %; %; %; %; %; %; %,69.3 ± 21.8 (day 2); 37.6 ± 16.6 (3 months); 11.9; not clearly separated from placebo/healthy fluctuation range in 4/5 cases; 20.8 ± 5.5; 17.7 ± 10.9; 64.5 ± 6.0; 50.7 ± 10.1; 39 ± 23; 44 ± 14,feces,2009/2010,Netherlands,Metabolic syndrome,Metabolic syndrome,Species composition change above range of temporal variation (Euclidean distance); Higher single-site allelic variation in allogenic FMT vs placebo/healthy,FMT1; FMT2; FMT3; FMT4; FMT5; SELF1; SELF2; SELF3; SELF4; SELF5,Homo sapiens,ERR1297654,SAMEA3882544,Illumina HiSeq 2000,allogenic FMT / placebo (autologous) FMT / healthy control,FAT_023-22-14-0,metabolic syndrome,Fecal microbiota transplantation,"Cohort of 10 subjects: 5 allogenic FMT (from one of three lean donors), 5 autologous (placebo) FMT; 55 fecal metagenomes sequenced from FMT study; 164 total metagenomes across three study groups; Comparison cohort: 109 metagenomes from 48 healthy FMT-naive individuals including Human Microbiome Project data; 1105 detected prokaryotic species; 11.8 million variant positions identified; 42 species across five phyla used for confident SNV tracking; Subjects had not used antibiotics or other medication for at least 3 months before or during treatment"
27126044,No,3,Month,Donor-specific SNV retention (determinant positions); SNV assignment error rate; Proportion of acquired donor-specific species (allogenic FMT); Proportion of newly detected species (placebo); Proportion of newly detected species (healthy); Species shared between donor and recipient; Coexistence of donor and recipient strains (shared species); Species showing resistance to donor strains; Species showing donor-recipient strain coexistence,%; %; %; %; %; %; %; %; %,69.3 ± 21.8 (day 2); 37.6 ± 16.6 (3 months); 11.9; not clearly separated from placebo/healthy fluctuation range in 4/5 cases; 20.8 ± 5.5; 17.7 ± 10.9; 64.5 ± 6.0; 50.7 ± 10.1; 39 ± 23; 44 ± 14,feces,2009/2010,Netherlands,Metabolic syndrome,Metabolic syndrome,Species composition change above range of temporal variation (Euclidean distance); Higher single-site allelic variation in allogenic FMT vs placebo/healthy,FMT1; FMT2; FMT3; FMT4; FMT5; SELF1; SELF2; SELF3; SELF4; SELF5,Homo sapiens,ERR1297655,SAMEA3882540,Illumina HiSeq 2000,allogenic FMT / placebo (autologous) FMT / healthy control,FAT_020-22-2-0,metabolic syndrome,Fecal microbiota transplantation,"Cohort of 10 subjects: 5 allogenic FMT (from one of three lean donors), 5 autologous (placebo) FMT; 55 fecal metagenomes sequenced from FMT study; 164 total metagenomes across three study groups; Comparison cohort: 109 metagenomes from 48 healthy FMT-naive individuals including Human Microbiome Project data; 1105 detected prokaryotic species; 11.8 million variant positions identified; 42 species across five phyla used for confident SNV tracking; Subjects had not used antibiotics or other medication for at least 3 months before or during treatment"
27126044,No,3,Month,Donor-specific SNV retention (determinant positions); SNV assignment error rate; Proportion of acquired donor-specific species (allogenic FMT); Proportion of newly detected species (placebo); Proportion of newly detected species (healthy); Species shared between donor and recipient; Coexistence of donor and recipient strains (shared species); Species showing resistance to donor strains; Species showing donor-recipient strain coexistence,%; %; %; %; %; %; %; %; %,69.3 ± 21.8 (day 2); 37.6 ± 16.6 (3 months); 11.9; not clearly separated from placebo/healthy fluctuation range in 4/5 cases; 20.8 ± 5.5; 17.7 ± 10.9; 64.5 ± 6.0; 50.7 ± 10.1; 39 ± 23; 44 ± 14,feces,2009/2010,Netherlands,Metabolic syndrome,Metabolic syndrome,Species composition change above range of temporal variation (Euclidean distance); Higher single-site allelic variation in allogenic FMT vs placebo/healthy,FMT1; FMT2; FMT3; FMT4; FMT5; SELF1; SELF2; SELF3; SELF4; SELF5,Homo sapiens,ERR1297656,SAMEA3882523,Illumina HiSeq 2000,allogenic FMT / placebo (autologous) FMT / healthy control,FAT_014-22-0-0,metabolic syndrome,Fecal microbiota transplantation,"Cohort of 10 subjects: 5 allogenic FMT (from one of three lean donors), 5 autologous (placebo) FMT; 55 fecal metagenomes sequenced from FMT study; 164 total metagenomes across three study groups; Comparison cohort: 109 metagenomes from 48 healthy FMT-naive individuals including Human Microbiome Project data; 1105 detected prokaryotic species; 11.8 million variant positions identified; 42 species across five phyla used for confident SNV tracking; Subjects had not used antibiotics or other medication for at least 3 months before or during treatment"
27126044,No,3,Month,Donor-specific SNV retention (determinant positions); SNV assignment error rate; Proportion of acquired donor-specific species (allogenic FMT); Proportion of newly detected species (placebo); Proportion of newly detected species (healthy); Species shared between donor and recipient; Coexistence of donor and recipient strains (shared species); Species showing resistance to donor strains; Species showing donor-recipient strain coexistence,%; %; %; %; %; %; %; %; %,69.3 ± 21.8 (day 2); 37.6 ± 16.6 (3 months); 11.9; not clearly separated from placebo/healthy fluctuation range in 4/5 cases; 20.8 ± 5.5; 17.7 ± 10.9; 64.5 ± 6.0; 50.7 ± 10.1; 39 ± 23; 44 ± 14,feces,2009/2010,Netherlands,Metabolic syndrome,Metabolic syndrome,Species composition change above range of temporal variation (Euclidean distance); Higher single-site allelic variation in allogenic FMT vs placebo/healthy,FMT1; FMT2; FMT3; FMT4; FMT5; SELF1; SELF2; SELF3; SELF4; SELF5,Homo sapiens,ERR1297660,SAMEA3882536,Illumina HiSeq 2000,allogenic FMT / placebo (autologous) FMT / healthy control,FAT_017-22-42-0,metabolic syndrome,Fecal microbiota transplantation,"Cohort of 10 subjects: 5 allogenic FMT (from one of three lean donors), 5 autologous (placebo) FMT; 55 fecal metagenomes sequenced from FMT study; 164 total metagenomes across three study groups; Comparison cohort: 109 metagenomes from 48 healthy FMT-naive individuals including Human Microbiome Project data; 1105 detected prokaryotic species; 11.8 million variant positions identified; 42 species across five phyla used for confident SNV tracking; Subjects had not used antibiotics or other medication for at least 3 months before or during treatment"
27126044,No,3,Month,Donor-specific SNV retention (determinant positions); SNV assignment error rate; Proportion of acquired donor-specific species (allogenic FMT); Proportion of newly detected species (placebo); Proportion of newly detected species (healthy); Species shared between donor and recipient; Coexistence of donor and recipient strains (shared species); Species showing resistance to donor strains; Species showing donor-recipient strain coexistence,%; %; %; %; %; %; %; %; %,69.3 ± 21.8 (day 2); 37.6 ± 16.6 (3 months); 11.9; not clearly separated from placebo/healthy fluctuation range in 4/5 cases; 20.8 ± 5.5; 17.7 ± 10.9; 64.5 ± 6.0; 50.7 ± 10.1; 39 ± 23; 44 ± 14,feces,2009/2010,Netherlands,Metabolic syndrome,Metabolic syndrome,Species composition change above range of temporal variation (Euclidean distance); Higher single-site allelic variation in allogenic FMT vs placebo/healthy,FMT1; FMT2; FMT3; FMT4; FMT5; SELF1; SELF2; SELF3; SELF4; SELF5,Homo sapiens,ERR1297662,SAMEA3882508,Illumina HiSeq 2000,allogenic FMT / placebo (autologous) FMT / healthy control,FAT_008-22-0-0,metabolic syndrome,Fecal microbiota transplantation,"Cohort of 10 subjects: 5 allogenic FMT (from one of three lean donors), 5 autologous (placebo) FMT; 55 fecal metagenomes sequenced from FMT study; 164 total metagenomes across three study groups; Comparison cohort: 109 metagenomes from 48 healthy FMT-naive individuals including Human Microbiome Project data; 1105 detected prokaryotic species; 11.8 million variant positions identified; 42 species across five phyla used for confident SNV tracking; Subjects had not used antibiotics or other medication for at least 3 months before or during treatment"
27126044,No,3,Month,Donor-specific SNV retention (determinant positions); SNV assignment error rate; Proportion of acquired donor-specific species (allogenic FMT); Proportion of newly detected species (placebo); Proportion of newly detected species (healthy); Species shared between donor and recipient; Coexistence of donor and recipient strains (shared species); Species showing resistance to donor strains; Species showing donor-recipient strain coexistence,%; %; %; %; %; %; %; %; %,69.3 ± 21.8 (day 2); 37.6 ± 16.6 (3 months); 11.9; not clearly separated from placebo/healthy fluctuation range in 4/5 cases; 20.8 ± 5.5; 17.7 ± 10.9; 64.5 ± 6.0; 50.7 ± 10.1; 39 ± 23; 44 ± 14,feces,2009/2010,Netherlands,Metabolic syndrome,Metabolic syndrome,Species composition change above range of temporal variation (Euclidean distance); Higher single-site allelic variation in allogenic FMT vs placebo/healthy,FMT1; FMT2; FMT3; FMT4; FMT5; SELF1; SELF2; SELF3; SELF4; SELF5,Homo sapiens,ERR1297672,SAMEA3882518,Illumina HiSeq 2000,allogenic FMT / placebo (autologous) FMT / healthy control,FAT_012-22-0-0,metabolic syndrome,Fecal microbiota transplantation,"Cohort of 10 subjects: 5 allogenic FMT (from one of three lean donors), 5 autologous (placebo) FMT; 55 fecal metagenomes sequenced from FMT study; 164 total metagenomes across three study groups; Comparison cohort: 109 metagenomes from 48 healthy FMT-naive individuals including Human Microbiome Project data; 1105 detected prokaryotic species; 11.8 million variant positions identified; 42 species across five phyla used for confident SNV tracking; Subjects had not used antibiotics or other medication for at least 3 months before or during treatment"
27126044,No,3,Month,Donor-specific SNV retention (determinant positions); SNV assignment error rate; Proportion of acquired donor-specific species (allogenic FMT); Proportion of newly detected species (placebo); Proportion of newly detected species (healthy); Species shared between donor and recipient; Coexistence of donor and recipient strains (shared species); Species showing resistance to donor strains; Species showing donor-recipient strain coexistence,%; %; %; %; %; %; %; %; %,69.3 ± 21.8 (day 2); 37.6 ± 16.6 (3 months); 11.9; not clearly separated from placebo/healthy fluctuation range in 4/5 cases; 20.8 ± 5.5; 17.7 ± 10.9; 64.5 ± 6.0; 50.7 ± 10.1; 39 ± 23; 44 ± 14,feces,2009/2010,Netherlands,Metabolic syndrome,Metabolic syndrome,Species composition change above range of temporal variation (Euclidean distance); Higher single-site allelic variation in allogenic FMT vs placebo/healthy,FMT1; FMT2; FMT3; FMT4; FMT5; SELF1; SELF2; SELF3; SELF4; SELF5,Homo sapiens,ERR1297681,SAMEA3882508,Illumina HiSeq 2000,allogenic FMT / placebo (autologous) FMT / healthy control,FAT_008-22-0-0,metabolic syndrome,Fecal microbiota transplantation,"Cohort of 10 subjects: 5 allogenic FMT (from one of three lean donors), 5 autologous (placebo) FMT; 55 fecal metagenomes sequenced from FMT study; 164 total metagenomes across three study groups; Comparison cohort: 109 metagenomes from 48 healthy FMT-naive individuals including Human Microbiome Project data; 1105 detected prokaryotic species; 11.8 million variant positions identified; 42 species across five phyla used for confident SNV tracking; Subjects had not used antibiotics or other medication for at least 3 months before or during treatment"
27126044,No,3,Month,Donor-specific SNV retention (determinant positions); SNV assignment error rate; Proportion of acquired donor-specific species (allogenic FMT); Proportion of newly detected species (placebo); Proportion of newly detected species (healthy); Species shared between donor and recipient; Coexistence of donor and recipient strains (shared species); Species showing resistance to donor strains; Species showing donor-recipient strain coexistence,%; %; %; %; %; %; %; %; %,69.3 ± 21.8 (day 2); 37.6 ± 16.6 (3 months); 11.9; not clearly separated from placebo/healthy fluctuation range in 4/5 cases; 20.8 ± 5.5; 17.7 ± 10.9; 64.5 ± 6.0; 50.7 ± 10.1; 39 ± 23; 44 ± 14,feces,2009/2010,Netherlands,Metabolic syndrome,Metabolic syndrome,Species composition change above range of temporal variation (Euclidean distance); Higher single-site allelic variation in allogenic FMT vs placebo/healthy,FMT1; FMT2; FMT3; FMT4; FMT5; SELF1; SELF2; SELF3; SELF4; SELF5,Homo sapiens,ERR1297683,SAMEA3882529,Illumina HiSeq 2000,allogenic FMT / placebo (autologous) FMT / healthy control,FAT_015-22-14-0,metabolic syndrome,Fecal microbiota transplantation,"Cohort of 10 subjects: 5 allogenic FMT (from one of three lean donors), 5 autologous (placebo) FMT; 55 fecal metagenomes sequenced from FMT study; 164 total metagenomes across three study groups; Comparison cohort: 109 metagenomes from 48 healthy FMT-naive individuals including Human Microbiome Project data; 1105 detected prokaryotic species; 11.8 million variant positions identified; 42 species across five phyla used for confident SNV tracking; Subjects had not used antibiotics or other medication for at least 3 months before or during treatment"
27126044,No,3,Month,Donor-specific SNV retention (determinant positions); SNV assignment error rate; Proportion of acquired donor-specific species (allogenic FMT); Proportion of newly detected species (placebo); Proportion of newly detected species (healthy); Species shared between donor and recipient; Coexistence of donor and recipient strains (shared species); Species showing resistance to donor strains; Species showing donor-recipient strain coexistence,%; %; %; %; %; %; %; %; %,69.3 ± 21.8 (day 2); 37.6 ± 16.6 (3 months); 11.9; not clearly separated from placebo/healthy fluctuation range in 4/5 cases; 20.8 ± 5.5; 17.7 ± 10.9; 64.5 ± 6.0; 50.7 ± 10.1; 39 ± 23; 44 ± 14,feces,2009/2010,Netherlands,Metabolic syndrome,Metabolic syndrome,Species composition change above range of temporal variation (Euclidean distance); Higher single-site allelic variation in allogenic FMT vs placebo/healthy,FMT1; FMT2; FMT3; FMT4; FMT5; SELF1; SELF2; SELF3; SELF4; SELF5,Homo sapiens,ERR1297687,SAMEA3882546,Illumina HiSeq 2000,allogenic FMT / placebo (autologous) FMT / healthy control,FAT_023-22-42-0,metabolic syndrome,Fecal microbiota transplantation,"Cohort of 10 subjects: 5 allogenic FMT (from one of three lean donors), 5 autologous (placebo) FMT; 55 fecal metagenomes sequenced from FMT study; 164 total metagenomes across three study groups; Comparison cohort: 109 metagenomes from 48 healthy FMT-naive individuals including Human Microbiome Project data; 1105 detected prokaryotic species; 11.8 million variant positions identified; 42 species across five phyla used for confident SNV tracking; Subjects had not used antibiotics or other medication for at least 3 months before or during treatment"
27126044,No,3,Month,Donor-specific SNV retention (determinant positions); SNV assignment error rate; Proportion of acquired donor-specific species (allogenic FMT); Proportion of newly detected species (placebo); Proportion of newly detected species (healthy); Species shared between donor and recipient; Coexistence of donor and recipient strains (shared species); Species showing resistance to donor strains; Species showing donor-recipient strain coexistence,%; %; %; %; %; %; %; %; %,69.3 ± 21.8 (day 2); 37.6 ± 16.6 (3 months); 11.9; not clearly separated from placebo/healthy fluctuation range in 4/5 cases; 20.8 ± 5.5; 17.7 ± 10.9; 64.5 ± 6.0; 50.7 ± 10.1; 39 ± 23; 44 ± 14,feces,2009/2010,Netherlands,Metabolic syndrome,Metabolic syndrome,Species composition change above range of temporal variation (Euclidean distance); Higher single-site allelic variation in allogenic FMT vs placebo/healthy,FMT1; FMT2; FMT3; FMT4; FMT5; SELF1; SELF2; SELF3; SELF4; SELF5,Homo sapiens,ERR1297688,SAMEA3882522,Illumina HiSeq 2000,allogenic FMT / placebo (autologous) FMT / healthy control,FAT_012-22-84-0,metabolic syndrome,Fecal microbiota transplantation,"Cohort of 10 subjects: 5 allogenic FMT (from one of three lean donors), 5 autologous (placebo) FMT; 55 fecal metagenomes sequenced from FMT study; 164 total metagenomes across three study groups; Comparison cohort: 109 metagenomes from 48 healthy FMT-naive individuals including Human Microbiome Project data; 1105 detected prokaryotic species; 11.8 million variant positions identified; 42 species across five phyla used for confident SNV tracking; Subjects had not used antibiotics or other medication for at least 3 months before or during treatment"
27126044,No,3,Month,Donor-specific SNV retention (determinant positions); SNV assignment error rate; Proportion of acquired donor-specific species (allogenic FMT); Proportion of newly detected species (placebo); Proportion of newly detected species (healthy); Species shared between donor and recipient; Coexistence of donor and recipient strains (shared species); Species showing resistance to donor strains; Species showing donor-recipient strain coexistence,%; %; %; %; %; %; %; %; %,69.3 ± 21.8 (day 2); 37.6 ± 16.6 (3 months); 11.9; not clearly separated from placebo/healthy fluctuation range in 4/5 cases; 20.8 ± 5.5; 17.7 ± 10.9; 64.5 ± 6.0; 50.7 ± 10.1; 39 ± 23; 44 ± 14,feces,2009/2010,Netherlands,Metabolic syndrome,Metabolic syndrome,Species composition change above range of temporal variation (Euclidean distance); Higher single-site allelic variation in allogenic FMT vs placebo/healthy,FMT1; FMT2; FMT3; FMT4; FMT5; SELF1; SELF2; SELF3; SELF4; SELF5,Homo sapiens,ERR1297693,SAMEA3882538,Illumina HiSeq 2000,allogenic FMT / placebo (autologous) FMT / healthy control,FAT_020-22-0-0,metabolic syndrome,Fecal microbiota transplantation,"Cohort of 10 subjects: 5 allogenic FMT (from one of three lean donors), 5 autologous (placebo) FMT; 55 fecal metagenomes sequenced from FMT study; 164 total metagenomes across three study groups; Comparison cohort: 109 metagenomes from 48 healthy FMT-naive individuals including Human Microbiome Project data; 1105 detected prokaryotic species; 11.8 million variant positions identified; 42 species across five phyla used for confident SNV tracking; Subjects had not used antibiotics or other medication for at least 3 months before or during treatment"
27126044,No,3,Month,Donor-specific SNV retention (determinant positions); SNV assignment error rate; Proportion of acquired donor-specific species (allogenic FMT); Proportion of newly detected species (placebo); Proportion of newly detected species (healthy); Species shared between donor and recipient; Coexistence of donor and recipient strains (shared species); Species showing resistance to donor strains; Species showing donor-recipient strain coexistence,%; %; %; %; %; %; %; %; %,69.3 ± 21.8 (day 2); 37.6 ± 16.6 (3 months); 11.9; not clearly separated from placebo/healthy fluctuation range in 4/5 cases; 20.8 ± 5.5; 17.7 ± 10.9; 64.5 ± 6.0; 50.7 ± 10.1; 39 ± 23; 44 ± 14,feces,2009/2010,Netherlands,Metabolic syndrome,Metabolic syndrome,Species composition change above range of temporal variation (Euclidean distance); Higher single-site allelic variation in allogenic FMT vs placebo/healthy,FMT1; FMT2; FMT3; FMT4; FMT5; SELF1; SELF2; SELF3; SELF4; SELF5,Homo sapiens,ERR1297701,SAMEA3882527,Illumina HiSeq 2000,allogenic FMT / placebo (autologous) FMT / healthy control,FAT_014-22-84-0,metabolic syndrome,Fecal microbiota transplantation,"Cohort of 10 subjects: 5 allogenic FMT (from one of three lean donors), 5 autologous (placebo) FMT; 55 fecal metagenomes sequenced from FMT study; 164 total metagenomes across three study groups; Comparison cohort: 109 metagenomes from 48 healthy FMT-naive individuals including Human Microbiome Project data; 1105 detected prokaryotic species; 11.8 million variant positions identified; 42 species across five phyla used for confident SNV tracking; Subjects had not used antibiotics or other medication for at least 3 months before or during treatment"
27126044,No,3,Month,Donor-specific SNV retention (determinant positions); SNV assignment error rate; Proportion of acquired donor-specific species (allogenic FMT); Proportion of newly detected species (placebo); Proportion of newly detected species (healthy); Species shared between donor and recipient; Coexistence of donor and recipient strains (shared species); Species showing resistance to donor strains; Species showing donor-recipient strain coexistence,%; %; %; %; %; %; %; %; %,69.3 ± 21.8 (day 2); 37.6 ± 16.6 (3 months); 11.9; not clearly separated from placebo/healthy fluctuation range in 4/5 cases; 20.8 ± 5.5; 17.7 ± 10.9; 64.5 ± 6.0; 50.7 ± 10.1; 39 ± 23; 44 ± 14,feces,2009/2010,Netherlands,Metabolic syndrome,Metabolic syndrome,Species composition change above range of temporal variation (Euclidean distance); Higher single-site allelic variation in allogenic FMT vs placebo/healthy,FMT1; FMT2; FMT3; FMT4; FMT5; SELF1; SELF2; SELF3; SELF4; SELF5,Homo sapiens,ERR1297706,SAMEA3882541,Illumina HiSeq 2000,allogenic FMT / placebo (autologous) FMT / healthy control,FAT_020-22-42-0,metabolic syndrome,Fecal microbiota transplantation,"Cohort of 10 subjects: 5 allogenic FMT (from one of three lean donors), 5 autologous (placebo) FMT; 55 fecal metagenomes sequenced from FMT study; 164 total metagenomes across three study groups; Comparison cohort: 109 metagenomes from 48 healthy FMT-naive individuals including Human Microbiome Project data; 1105 detected prokaryotic species; 11.8 million variant positions identified; 42 species across five phyla used for confident SNV tracking; Subjects had not used antibiotics or other medication for at least 3 months before or during treatment"
27126044,No,3,Month,Donor-specific SNV retention (determinant positions); SNV assignment error rate; Proportion of acquired donor-specific species (allogenic FMT); Proportion of newly detected species (placebo); Proportion of newly detected species (healthy); Species shared between donor and recipient; Coexistence of donor and recipient strains (shared species); Species showing resistance to donor strains; Species showing donor-recipient strain coexistence,%; %; %; %; %; %; %; %; %,69.3 ± 21.8 (day 2); 37.6 ± 16.6 (3 months); 11.9; not clearly separated from placebo/healthy fluctuation range in 4/5 cases; 20.8 ± 5.5; 17.7 ± 10.9; 64.5 ± 6.0; 50.7 ± 10.1; 39 ± 23; 44 ± 14,feces,2009/2010,Netherlands,Metabolic syndrome,Metabolic syndrome,Species composition change above range of temporal variation (Euclidean distance); Higher single-site allelic variation in allogenic FMT vs placebo/healthy,FMT1; FMT2; FMT3; FMT4; FMT5; SELF1; SELF2; SELF3; SELF4; SELF5,Homo sapiens,ERR1297708,SAMEA3882532,Illumina HiSeq 2000,allogenic FMT / placebo (autologous) FMT / healthy control,FAT_015-22-84-0,metabolic syndrome,Fecal microbiota transplantation,"Cohort of 10 subjects: 5 allogenic FMT (from one of three lean donors), 5 autologous (placebo) FMT; 55 fecal metagenomes sequenced from FMT study; 164 total metagenomes across three study groups; Comparison cohort: 109 metagenomes from 48 healthy FMT-naive individuals including Human Microbiome Project data; 1105 detected prokaryotic species; 11.8 million variant positions identified; 42 species across five phyla used for confident SNV tracking; Subjects had not used antibiotics or other medication for at least 3 months before or during treatment"
27126044,No,3,Month,Donor-specific SNV retention (determinant positions); SNV assignment error rate; Proportion of acquired donor-specific species (allogenic FMT); Proportion of newly detected species (placebo); Proportion of newly detected species (healthy); Species shared between donor and recipient; Coexistence of donor and recipient strains (shared species); Species showing resistance to donor strains; Species showing donor-recipient strain coexistence,%; %; %; %; %; %; %; %; %,69.3 ± 21.8 (day 2); 37.6 ± 16.6 (3 months); 11.9; not clearly separated from placebo/healthy fluctuation range in 4/5 cases; 20.8 ± 5.5; 17.7 ± 10.9; 64.5 ± 6.0; 50.7 ± 10.1; 39 ± 23; 44 ± 14,feces,2009/2010,Netherlands,Metabolic syndrome,Metabolic syndrome,Species composition change above range of temporal variation (Euclidean distance); Higher single-site allelic variation in allogenic FMT vs placebo/healthy,FMT1; FMT2; FMT3; FMT4; FMT5; SELF1; SELF2; SELF3; SELF4; SELF5,Homo sapiens,ERR1297714,SAMEA3882529,Illumina HiSeq 2000,allogenic FMT / placebo (autologous) FMT / healthy control,FAT_015-22-14-0,metabolic syndrome,Fecal microbiota transplantation,"Cohort of 10 subjects: 5 allogenic FMT (from one of three lean donors), 5 autologous (placebo) FMT; 55 fecal metagenomes sequenced from FMT study; 164 total metagenomes across three study groups; Comparison cohort: 109 metagenomes from 48 healthy FMT-naive individuals including Human Microbiome Project data; 1105 detected prokaryotic species; 11.8 million variant positions identified; 42 species across five phyla used for confident SNV tracking; Subjects had not used antibiotics or other medication for at least 3 months before or during treatment"
27126044,No,3,Month,Donor-specific SNV retention (determinant positions); SNV assignment error rate; Proportion of acquired donor-specific species (allogenic FMT); Proportion of newly detected species (placebo); Proportion of newly detected species (healthy); Species shared between donor and recipient; Coexistence of donor and recipient strains (shared species); Species showing resistance to donor strains; Species showing donor-recipient strain coexistence,%; %; %; %; %; %; %; %; %,69.3 ± 21.8 (day 2); 37.6 ± 16.6 (3 months); 11.9; not clearly separated from placebo/healthy fluctuation range in 4/5 cases; 20.8 ± 5.5; 17.7 ± 10.9; 64.5 ± 6.0; 50.7 ± 10.1; 39 ± 23; 44 ± 14,feces,2009/2010,Netherlands,Metabolic syndrome,Metabolic syndrome,Species composition change above range of temporal variation (Euclidean distance); Higher single-site allelic variation in allogenic FMT vs placebo/healthy,FMT1; FMT2; FMT3; FMT4; FMT5; SELF1; SELF2; SELF3; SELF4; SELF5,Homo sapiens,ERR1297715,SAMEA3882513,Illumina HiSeq 2000,allogenic FMT / placebo (autologous) FMT / healthy control,FAT_010-22-0-0,metabolic syndrome,Fecal microbiota transplantation,"Cohort of 10 subjects: 5 allogenic FMT (from one of three lean donors), 5 autologous (placebo) FMT; 55 fecal metagenomes sequenced from FMT study; 164 total metagenomes across three study groups; Comparison cohort: 109 metagenomes from 48 healthy FMT-naive individuals including Human Microbiome Project data; 1105 detected prokaryotic species; 11.8 million variant positions identified; 42 species across five phyla used for confident SNV tracking; Subjects had not used antibiotics or other medication for at least 3 months before or during treatment"
27126044,No,3,Month,Donor-specific SNV retention (determinant positions); SNV assignment error rate; Proportion of acquired donor-specific species (allogenic FMT); Proportion of newly detected species (placebo); Proportion of newly detected species (healthy); Species shared between donor and recipient; Coexistence of donor and recipient strains (shared species); Species showing resistance to donor strains; Species showing donor-recipient strain coexistence,%; %; %; %; %; %; %; %; %,69.3 ± 21.8 (day 2); 37.6 ± 16.6 (3 months); 11.9; not clearly separated from placebo/healthy fluctuation range in 4/5 cases; 20.8 ± 5.5; 17.7 ± 10.9; 64.5 ± 6.0; 50.7 ± 10.1; 39 ± 23; 44 ± 14,feces,2009/2010,Netherlands,Metabolic syndrome,Metabolic syndrome,Species composition change above range of temporal variation (Euclidean distance); Higher single-site allelic variation in allogenic FMT vs placebo/healthy,FMT1; FMT2; FMT3; FMT4; FMT5; SELF1; SELF2; SELF3; SELF4; SELF5,Homo sapiens,ERR1297717,SAMEA3882536,Illumina HiSeq 2000,allogenic FMT / placebo (autologous) FMT / healthy control,FAT_017-22-42-0,metabolic syndrome,Fecal microbiota transplantation,"Cohort of 10 subjects: 5 allogenic FMT (from one of three lean donors), 5 autologous (placebo) FMT; 55 fecal metagenomes sequenced from FMT study; 164 total metagenomes across three study groups; Comparison cohort: 109 metagenomes from 48 healthy FMT-naive individuals including Human Microbiome Project data; 1105 detected prokaryotic species; 11.8 million variant positions identified; 42 species across five phyla used for confident SNV tracking; Subjects had not used antibiotics or other medication for at least 3 months before or during treatment"
27126044,No,3,Month,Donor-specific SNV retention (determinant positions); SNV assignment error rate; Proportion of acquired donor-specific species (allogenic FMT); Proportion of newly detected species (placebo); Proportion of newly detected species (healthy); Species shared between donor and recipient; Coexistence of donor and recipient strains (shared species); Species showing resistance to donor strains; Species showing donor-recipient strain coexistence,%; %; %; %; %; %; %; %; %,69.3 ± 21.8 (day 2); 37.6 ± 16.6 (3 months); 11.9; not clearly separated from placebo/healthy fluctuation range in 4/5 cases; 20.8 ± 5.5; 17.7 ± 10.9; 64.5 ± 6.0; 50.7 ± 10.1; 39 ± 23; 44 ± 14,feces,2009/2010,Netherlands,Metabolic syndrome,Metabolic syndrome,Species composition change above range of temporal variation (Euclidean distance); Higher single-site allelic variation in allogenic FMT vs placebo/healthy,FMT1; FMT2; FMT3; FMT4; FMT5; SELF1; SELF2; SELF3; SELF4; SELF5,Homo sapiens,ERR1297718,SAMEA3882510,Illumina HiSeq 2000,allogenic FMT / placebo (autologous) FMT / healthy control,FAT_008-22-2-0,metabolic syndrome,Fecal microbiota transplantation,"Cohort of 10 subjects: 5 allogenic FMT (from one of three lean donors), 5 autologous (placebo) FMT; 55 fecal metagenomes sequenced from FMT study; 164 total metagenomes across three study groups; Comparison cohort: 109 metagenomes from 48 healthy FMT-naive individuals including Human Microbiome Project data; 1105 detected prokaryotic species; 11.8 million variant positions identified; 42 species across five phyla used for confident SNV tracking; Subjects had not used antibiotics or other medication for at least 3 months before or during treatment"
27126044,No,3,Month,Donor-specific SNV retention (determinant positions); SNV assignment error rate; Proportion of acquired donor-specific species (allogenic FMT); Proportion of newly detected species (placebo); Proportion of newly detected species (healthy); Species shared between donor and recipient; Coexistence of donor and recipient strains (shared species); Species showing resistance to donor strains; Species showing donor-recipient strain coexistence,%; %; %; %; %; %; %; %; %,69.3 ± 21.8 (day 2); 37.6 ± 16.6 (3 months); 11.9; not clearly separated from placebo/healthy fluctuation range in 4/5 cases; 20.8 ± 5.5; 17.7 ± 10.9; 64.5 ± 6.0; 50.7 ± 10.1; 39 ± 23; 44 ± 14,feces,2009/2010,Netherlands,Metabolic syndrome,Metabolic syndrome,Species composition change above range of temporal variation (Euclidean distance); Higher single-site allelic variation in allogenic FMT vs placebo/healthy,FMT1; FMT2; FMT3; FMT4; FMT5; SELF1; SELF2; SELF3; SELF4; SELF5,Homo sapiens,ERR1297720,SAMEA3882536,Illumina HiSeq 2000,allogenic FMT / placebo (autologous) FMT / healthy control,FAT_017-22-42-0,metabolic syndrome,Fecal microbiota transplantation,"Cohort of 10 subjects: 5 allogenic FMT (from one of three lean donors), 5 autologous (placebo) FMT; 55 fecal metagenomes sequenced from FMT study; 164 total metagenomes across three study groups; Comparison cohort: 109 metagenomes from 48 healthy FMT-naive individuals including Human Microbiome Project data; 1105 detected prokaryotic species; 11.8 million variant positions identified; 42 species across five phyla used for confident SNV tracking; Subjects had not used antibiotics or other medication for at least 3 months before or during treatment"
27126044,No,3,Month,Donor-specific SNV retention (determinant positions); SNV assignment error rate; Proportion of acquired donor-specific species (allogenic FMT); Proportion of newly detected species (placebo); Proportion of newly detected species (healthy); Species shared between donor and recipient; Coexistence of donor and recipient strains (shared species); Species showing resistance to donor strains; Species showing donor-recipient strain coexistence,%; %; %; %; %; %; %; %; %,69.3 ± 21.8 (day 2); 37.6 ± 16.6 (3 months); 11.9; not clearly separated from placebo/healthy fluctuation range in 4/5 cases; 20.8 ± 5.5; 17.7 ± 10.9; 64.5 ± 6.0; 50.7 ± 10.1; 39 ± 23; 44 ± 14,feces,2009/2010,Netherlands,Metabolic syndrome,Metabolic syndrome,Species composition change above range of temporal variation (Euclidean distance); Higher single-site allelic variation in allogenic FMT vs placebo/healthy,FMT1; FMT2; FMT3; FMT4; FMT5; SELF1; SELF2; SELF3; SELF4; SELF5,Homo sapiens,ERR1297723,SAMEA3882513,Illumina HiSeq 2000,allogenic FMT / placebo (autologous) FMT / healthy control,FAT_010-22-0-0,metabolic syndrome,Fecal microbiota transplantation,"Cohort of 10 subjects: 5 allogenic FMT (from one of three lean donors), 5 autologous (placebo) FMT; 55 fecal metagenomes sequenced from FMT study; 164 total metagenomes across three study groups; Comparison cohort: 109 metagenomes from 48 healthy FMT-naive individuals including Human Microbiome Project data; 1105 detected prokaryotic species; 11.8 million variant positions identified; 42 species across five phyla used for confident SNV tracking; Subjects had not used antibiotics or other medication for at least 3 months before or during treatment"
27126044,No,3,Month,Donor-specific SNV retention (determinant positions); SNV assignment error rate; Proportion of acquired donor-specific species (allogenic FMT); Proportion of newly detected species (placebo); Proportion of newly detected species (healthy); Species shared between donor and recipient; Coexistence of donor and recipient strains (shared species); Species showing resistance to donor strains; Species showing donor-recipient strain coexistence,%; %; %; %; %; %; %; %; %,69.3 ± 21.8 (day 2); 37.6 ± 16.6 (3 months); 11.9; not clearly separated from placebo/healthy fluctuation range in 4/5 cases; 20.8 ± 5.5; 17.7 ± 10.9; 64.5 ± 6.0; 50.7 ± 10.1; 39 ± 23; 44 ± 14,feces,2009/2010,Netherlands,Metabolic syndrome,Metabolic syndrome,Species composition change above range of temporal variation (Euclidean distance); Higher single-site allelic variation in allogenic FMT vs placebo/healthy,FMT1; FMT2; FMT3; FMT4; FMT5; SELF1; SELF2; SELF3; SELF4; SELF5,Homo sapiens,ERR1297724,SAMEA3882510,Illumina HiSeq 2000,allogenic FMT / placebo (autologous) FMT / healthy control,FAT_008-22-2-0,metabolic syndrome,Fecal microbiota transplantation,"Cohort of 10 subjects: 5 allogenic FMT (from one of three lean donors), 5 autologous (placebo) FMT; 55 fecal metagenomes sequenced from FMT study; 164 total metagenomes across three study groups; Comparison cohort: 109 metagenomes from 48 healthy FMT-naive individuals including Human Microbiome Project data; 1105 detected prokaryotic species; 11.8 million variant positions identified; 42 species across five phyla used for confident SNV tracking; Subjects had not used antibiotics or other medication for at least 3 months before or during treatment"
27126044,No,3,Month,Donor-specific SNV retention (determinant positions); SNV assignment error rate; Proportion of acquired donor-specific species (allogenic FMT); Proportion of newly detected species (placebo); Proportion of newly detected species (healthy); Species shared between donor and recipient; Coexistence of donor and recipient strains (shared species); Species showing resistance to donor strains; Species showing donor-recipient strain coexistence,%; %; %; %; %; %; %; %; %,69.3 ± 21.8 (day 2); 37.6 ± 16.6 (3 months); 11.9; not clearly separated from placebo/healthy fluctuation range in 4/5 cases; 20.8 ± 5.5; 17.7 ± 10.9; 64.5 ± 6.0; 50.7 ± 10.1; 39 ± 23; 44 ± 14,feces,2009/2010,Netherlands,Metabolic syndrome,Metabolic syndrome,Species composition change above range of temporal variation (Euclidean distance); Higher single-site allelic variation in allogenic FMT vs placebo/healthy,FMT1; FMT2; FMT3; FMT4; FMT5; SELF1; SELF2; SELF3; SELF4; SELF5,Homo sapiens,ERR1297725,SAMEA3882528,Illumina HiSeq 2000,allogenic FMT / placebo (autologous) FMT / healthy control,FAT_015-22-0-0,metabolic syndrome,Fecal microbiota transplantation,"Cohort of 10 subjects: 5 allogenic FMT (from one of three lean donors), 5 autologous (placebo) FMT; 55 fecal metagenomes sequenced from FMT study; 164 total metagenomes across three study groups; Comparison cohort: 109 metagenomes from 48 healthy FMT-naive individuals including Human Microbiome Project data; 1105 detected prokaryotic species; 11.8 million variant positions identified; 42 species across five phyla used for confident SNV tracking; Subjects had not used antibiotics or other medication for at least 3 months before or during treatment"
27126044,No,3,Month,Donor-specific SNV retention (determinant positions); SNV assignment error rate; Proportion of acquired donor-specific species (allogenic FMT); Proportion of newly detected species (placebo); Proportion of newly detected species (healthy); Species shared between donor and recipient; Coexistence of donor and recipient strains (shared species); Species showing resistance to donor strains; Species showing donor-recipient strain coexistence,%; %; %; %; %; %; %; %; %,69.3 ± 21.8 (day 2); 37.6 ± 16.6 (3 months); 11.9; not clearly separated from placebo/healthy fluctuation range in 4/5 cases; 20.8 ± 5.5; 17.7 ± 10.9; 64.5 ± 6.0; 50.7 ± 10.1; 39 ± 23; 44 ± 14,feces,2009/2010,Netherlands,Metabolic syndrome,Metabolic syndrome,Species composition change above range of temporal variation (Euclidean distance); Higher single-site allelic variation in allogenic FMT vs placebo/healthy,FMT1; FMT2; FMT3; FMT4; FMT5; SELF1; SELF2; SELF3; SELF4; SELF5,Homo sapiens,ERR1297729,SAMEA3882531,Illumina HiSeq 2000,allogenic FMT / placebo (autologous) FMT / healthy control,FAT_015-22-42-0,metabolic syndrome,Fecal microbiota transplantation,"Cohort of 10 subjects: 5 allogenic FMT (from one of three lean donors), 5 autologous (placebo) FMT; 55 fecal metagenomes sequenced from FMT study; 164 total metagenomes across three study groups; Comparison cohort: 109 metagenomes from 48 healthy FMT-naive individuals including Human Microbiome Project data; 1105 detected prokaryotic species; 11.8 million variant positions identified; 42 species across five phyla used for confident SNV tracking; Subjects had not used antibiotics or other medication for at least 3 months before or during treatment"
27126044,No,3,Month,Donor-specific SNV retention (determinant positions); SNV assignment error rate; Proportion of acquired donor-specific species (allogenic FMT); Proportion of newly detected species (placebo); Proportion of newly detected species (healthy); Species shared between donor and recipient; Coexistence of donor and recipient strains (shared species); Species showing resistance to donor strains; Species showing donor-recipient strain coexistence,%; %; %; %; %; %; %; %; %,69.3 ± 21.8 (day 2); 37.6 ± 16.6 (3 months); 11.9; not clearly separated from placebo/healthy fluctuation range in 4/5 cases; 20.8 ± 5.5; 17.7 ± 10.9; 64.5 ± 6.0; 50.7 ± 10.1; 39 ± 23; 44 ± 14,feces,2009/2010,Netherlands,Metabolic syndrome,Metabolic syndrome,Species composition change above range of temporal variation (Euclidean distance); Higher single-site allelic variation in allogenic FMT vs placebo/healthy,FMT1; FMT2; FMT3; FMT4; FMT5; SELF1; SELF2; SELF3; SELF4; SELF5,Homo sapiens,ERR1297730,SAMEA3882525,Illumina HiSeq 2000,allogenic FMT / placebo (autologous) FMT / healthy control,FAT_014-22-2-0,metabolic syndrome,Fecal microbiota transplantation,"Cohort of 10 subjects: 5 allogenic FMT (from one of three lean donors), 5 autologous (placebo) FMT; 55 fecal metagenomes sequenced from FMT study; 164 total metagenomes across three study groups; Comparison cohort: 109 metagenomes from 48 healthy FMT-naive individuals including Human Microbiome Project data; 1105 detected prokaryotic species; 11.8 million variant positions identified; 42 species across five phyla used for confident SNV tracking; Subjects had not used antibiotics or other medication for at least 3 months before or during treatment"
27126044,No,3,Month,Donor-specific SNV retention (determinant positions); SNV assignment error rate; Proportion of acquired donor-specific species (allogenic FMT); Proportion of newly detected species (placebo); Proportion of newly detected species (healthy); Species shared between donor and recipient; Coexistence of donor and recipient strains (shared species); Species showing resistance to donor strains; Species showing donor-recipient strain coexistence,%; %; %; %; %; %; %; %; %,69.3 ± 21.8 (day 2); 37.6 ± 16.6 (3 months); 11.9; not clearly separated from placebo/healthy fluctuation range in 4/5 cases; 20.8 ± 5.5; 17.7 ± 10.9; 64.5 ± 6.0; 50.7 ± 10.1; 39 ± 23; 44 ± 14,feces,2009/2010,Netherlands,Metabolic syndrome,Metabolic syndrome,Species composition change above range of temporal variation (Euclidean distance); Higher single-site allelic variation in allogenic FMT vs placebo/healthy,FMT1; FMT2; FMT3; FMT4; FMT5; SELF1; SELF2; SELF3; SELF4; SELF5,Homo sapiens,ERR1297733,SAMEA3882513,Illumina HiSeq 2000,allogenic FMT / placebo (autologous) FMT / healthy control,FAT_010-22-0-0,metabolic syndrome,Fecal microbiota transplantation,"Cohort of 10 subjects: 5 allogenic FMT (from one of three lean donors), 5 autologous (placebo) FMT; 55 fecal metagenomes sequenced from FMT study; 164 total metagenomes across three study groups; Comparison cohort: 109 metagenomes from 48 healthy FMT-naive individuals including Human Microbiome Project data; 1105 detected prokaryotic species; 11.8 million variant positions identified; 42 species across five phyla used for confident SNV tracking; Subjects had not used antibiotics or other medication for at least 3 months before or during treatment"
27126044,No,3,Month,Donor-specific SNV retention (determinant positions); SNV assignment error rate; Proportion of acquired donor-specific species (allogenic FMT); Proportion of newly detected species (placebo); Proportion of newly detected species (healthy); Species shared between donor and recipient; Coexistence of donor and recipient strains (shared species); Species showing resistance to donor strains; Species showing donor-recipient strain coexistence,%; %; %; %; %; %; %; %; %,69.3 ± 21.8 (day 2); 37.6 ± 16.6 (3 months); 11.9; not clearly separated from placebo/healthy fluctuation range in 4/5 cases; 20.8 ± 5.5; 17.7 ± 10.9; 64.5 ± 6.0; 50.7 ± 10.1; 39 ± 23; 44 ± 14,feces,2009/2010,Netherlands,Metabolic syndrome,Metabolic syndrome,Species composition change above range of temporal variation (Euclidean distance); Higher single-site allelic variation in allogenic FMT vs placebo/healthy,FMT1; FMT2; FMT3; FMT4; FMT5; SELF1; SELF2; SELF3; SELF4; SELF5,Homo sapiens,ERR1297734,SAMEA3882518,Illumina HiSeq 2000,allogenic FMT / placebo (autologous) FMT / healthy control,FAT_012-22-0-0,metabolic syndrome,Fecal microbiota transplantation,"Cohort of 10 subjects: 5 allogenic FMT (from one of three lean donors), 5 autologous (placebo) FMT; 55 fecal metagenomes sequenced from FMT study; 164 total metagenomes across three study groups; Comparison cohort: 109 metagenomes from 48 healthy FMT-naive individuals including Human Microbiome Project data; 1105 detected prokaryotic species; 11.8 million variant positions identified; 42 species across five phyla used for confident SNV tracking; Subjects had not used antibiotics or other medication for at least 3 months before or during treatment"
27126044,No,3,Month,Donor-specific SNV retention (determinant positions); SNV assignment error rate; Proportion of acquired donor-specific species (allogenic FMT); Proportion of newly detected species (placebo); Proportion of newly detected species (healthy); Species shared between donor and recipient; Coexistence of donor and recipient strains (shared species); Species showing resistance to donor strains; Species showing donor-recipient strain coexistence,%; %; %; %; %; %; %; %; %,69.3 ± 21.8 (day 2); 37.6 ± 16.6 (3 months); 11.9; not clearly separated from placebo/healthy fluctuation range in 4/5 cases; 20.8 ± 5.5; 17.7 ± 10.9; 64.5 ± 6.0; 50.7 ± 10.1; 39 ± 23; 44 ± 14,feces,2009/2010,Netherlands,Metabolic syndrome,Metabolic syndrome,Species composition change above range of temporal variation (Euclidean distance); Higher single-site allelic variation in allogenic FMT vs placebo/healthy,FMT1; FMT2; FMT3; FMT4; FMT5; SELF1; SELF2; SELF3; SELF4; SELF5,Homo sapiens,ERR1297744,SAMEA3882519,Illumina HiSeq 2000,allogenic FMT / placebo (autologous) FMT / healthy control,FAT_012-22-14-0,metabolic syndrome,Fecal microbiota transplantation,"Cohort of 10 subjects: 5 allogenic FMT (from one of three lean donors), 5 autologous (placebo) FMT; 55 fecal metagenomes sequenced from FMT study; 164 total metagenomes across three study groups; Comparison cohort: 109 metagenomes from 48 healthy FMT-naive individuals including Human Microbiome Project data; 1105 detected prokaryotic species; 11.8 million variant positions identified; 42 species across five phyla used for confident SNV tracking; Subjects had not used antibiotics or other medication for at least 3 months before or during treatment"
27126044,No,3,Month,Donor-specific SNV retention (determinant positions); SNV assignment error rate; Proportion of acquired donor-specific species (allogenic FMT); Proportion of newly detected species (placebo); Proportion of newly detected species (healthy); Species shared between donor and recipient; Coexistence of donor and recipient strains (shared species); Species showing resistance to donor strains; Species showing donor-recipient strain coexistence,%; %; %; %; %; %; %; %; %,69.3 ± 21.8 (day 2); 37.6 ± 16.6 (3 months); 11.9; not clearly separated from placebo/healthy fluctuation range in 4/5 cases; 20.8 ± 5.5; 17.7 ± 10.9; 64.5 ± 6.0; 50.7 ± 10.1; 39 ± 23; 44 ± 14,feces,2009/2010,Netherlands,Metabolic syndrome,Metabolic syndrome,Species composition change above range of temporal variation (Euclidean distance); Higher single-site allelic variation in allogenic FMT vs placebo/healthy,FMT1; FMT2; FMT3; FMT4; FMT5; SELF1; SELF2; SELF3; SELF4; SELF5,Homo sapiens,ERR1297749,SAMEA3882534,Illumina HiSeq 2000,allogenic FMT / placebo (autologous) FMT / healthy control,FAT_017-22-14-0,metabolic syndrome,Fecal microbiota transplantation,"Cohort of 10 subjects: 5 allogenic FMT (from one of three lean donors), 5 autologous (placebo) FMT; 55 fecal metagenomes sequenced from FMT study; 164 total metagenomes across three study groups; Comparison cohort: 109 metagenomes from 48 healthy FMT-naive individuals including Human Microbiome Project data; 1105 detected prokaryotic species; 11.8 million variant positions identified; 42 species across five phyla used for confident SNV tracking; Subjects had not used antibiotics or other medication for at least 3 months before or during treatment"
27126044,No,3,Month,Donor-specific SNV retention (determinant positions); SNV assignment error rate; Proportion of acquired donor-specific species (allogenic FMT); Proportion of newly detected species (placebo); Proportion of newly detected species (healthy); Species shared between donor and recipient; Coexistence of donor and recipient strains (shared species); Species showing resistance to donor strains; Species showing donor-recipient strain coexistence,%; %; %; %; %; %; %; %; %,69.3 ± 21.8 (day 2); 37.6 ± 16.6 (3 months); 11.9; not clearly separated from placebo/healthy fluctuation range in 4/5 cases; 20.8 ± 5.5; 17.7 ± 10.9; 64.5 ± 6.0; 50.7 ± 10.1; 39 ± 23; 44 ± 14,feces,2009/2010,Netherlands,Metabolic syndrome,Metabolic syndrome,Species composition change above range of temporal variation (Euclidean distance); Higher single-site allelic variation in allogenic FMT vs placebo/healthy,FMT1; FMT2; FMT3; FMT4; FMT5; SELF1; SELF2; SELF3; SELF4; SELF5,Homo sapiens,ERR1297753,SAMEA3882513,Illumina HiSeq 2000,allogenic FMT / placebo (autologous) FMT / healthy control,FAT_010-22-0-0,metabolic syndrome,Fecal microbiota transplantation,"Cohort of 10 subjects: 5 allogenic FMT (from one of three lean donors), 5 autologous (placebo) FMT; 55 fecal metagenomes sequenced from FMT study; 164 total metagenomes across three study groups; Comparison cohort: 109 metagenomes from 48 healthy FMT-naive individuals including Human Microbiome Project data; 1105 detected prokaryotic species; 11.8 million variant positions identified; 42 species across five phyla used for confident SNV tracking; Subjects had not used antibiotics or other medication for at least 3 months before or during treatment"
27126044,No,3,Month,Donor-specific SNV retention (determinant positions); SNV assignment error rate; Proportion of acquired donor-specific species (allogenic FMT); Proportion of newly detected species (placebo); Proportion of newly detected species (healthy); Species shared between donor and recipient; Coexistence of donor and recipient strains (shared species); Species showing resistance to donor strains; Species showing donor-recipient strain coexistence,%; %; %; %; %; %; %; %; %,69.3 ± 21.8 (day 2); 37.6 ± 16.6 (3 months); 11.9; not clearly separated from placebo/healthy fluctuation range in 4/5 cases; 20.8 ± 5.5; 17.7 ± 10.9; 64.5 ± 6.0; 50.7 ± 10.1; 39 ± 23; 44 ± 14,feces,2009/2010,Netherlands,Metabolic syndrome,Metabolic syndrome,Species composition change above range of temporal variation (Euclidean distance); Higher single-site allelic variation in allogenic FMT vs placebo/healthy,FMT1; FMT2; FMT3; FMT4; FMT5; SELF1; SELF2; SELF3; SELF4; SELF5,Homo sapiens,ERR1297754,SAMEA3882531,Illumina HiSeq 2000,allogenic FMT / placebo (autologous) FMT / healthy control,FAT_015-22-42-0,metabolic syndrome,Fecal microbiota transplantation,"Cohort of 10 subjects: 5 allogenic FMT (from one of three lean donors), 5 autologous (placebo) FMT; 55 fecal metagenomes sequenced from FMT study; 164 total metagenomes across three study groups; Comparison cohort: 109 metagenomes from 48 healthy FMT-naive individuals including Human Microbiome Project data; 1105 detected prokaryotic species; 11.8 million variant positions identified; 42 species across five phyla used for confident SNV tracking; Subjects had not used antibiotics or other medication for at least 3 months before or during treatment"
27126044,No,3,Month,Donor-specific SNV retention (determinant positions); SNV assignment error rate; Proportion of acquired donor-specific species (allogenic FMT); Proportion of newly detected species (placebo); Proportion of newly detected species (healthy); Species shared between donor and recipient; Coexistence of donor and recipient strains (shared species); Species showing resistance to donor strains; Species showing donor-recipient strain coexistence,%; %; %; %; %; %; %; %; %,69.3 ± 21.8 (day 2); 37.6 ± 16.6 (3 months); 11.9; not clearly separated from placebo/healthy fluctuation range in 4/5 cases; 20.8 ± 5.5; 17.7 ± 10.9; 64.5 ± 6.0; 50.7 ± 10.1; 39 ± 23; 44 ± 14,feces,2009/2010,Netherlands,Metabolic syndrome,Metabolic syndrome,Species composition change above range of temporal variation (Euclidean distance); Higher single-site allelic variation in allogenic FMT vs placebo/healthy,FMT1; FMT2; FMT3; FMT4; FMT5; SELF1; SELF2; SELF3; SELF4; SELF5,Homo sapiens,ERR1297759,SAMEA3882517,Illumina HiSeq 2000,allogenic FMT / placebo (autologous) FMT / healthy control,FAT_010-22-84-0,metabolic syndrome,Fecal microbiota transplantation,"Cohort of 10 subjects: 5 allogenic FMT (from one of three lean donors), 5 autologous (placebo) FMT; 55 fecal metagenomes sequenced from FMT study; 164 total metagenomes across three study groups; Comparison cohort: 109 metagenomes from 48 healthy FMT-naive individuals including Human Microbiome Project data; 1105 detected prokaryotic species; 11.8 million variant positions identified; 42 species across five phyla used for confident SNV tracking; Subjects had not used antibiotics or other medication for at least 3 months before or during treatment"
27126044,No,3,Month,Donor-specific SNV retention (determinant positions); SNV assignment error rate; Proportion of acquired donor-specific species (allogenic FMT); Proportion of newly detected species (placebo); Proportion of newly detected species (healthy); Species shared between donor and recipient; Coexistence of donor and recipient strains (shared species); Species showing resistance to donor strains; Species showing donor-recipient strain coexistence,%; %; %; %; %; %; %; %; %,69.3 ± 21.8 (day 2); 37.6 ± 16.6 (3 months); 11.9; not clearly separated from placebo/healthy fluctuation range in 4/5 cases; 20.8 ± 5.5; 17.7 ± 10.9; 64.5 ± 6.0; 50.7 ± 10.1; 39 ± 23; 44 ± 14,feces,2009/2010,Netherlands,Metabolic syndrome,Metabolic syndrome,Species composition change above range of temporal variation (Euclidean distance); Higher single-site allelic variation in allogenic FMT vs placebo/healthy,FMT1; FMT2; FMT3; FMT4; FMT5; SELF1; SELF2; SELF3; SELF4; SELF5,Homo sapiens,ERR1297760,SAMEA3882505,Illumina HiSeq 2000,allogenic FMT / placebo (autologous) FMT / healthy control,FAT_006-22-2-0,metabolic syndrome,Fecal microbiota transplantation,"Cohort of 10 subjects: 5 allogenic FMT (from one of three lean donors), 5 autologous (placebo) FMT; 55 fecal metagenomes sequenced from FMT study; 164 total metagenomes across three study groups; Comparison cohort: 109 metagenomes from 48 healthy FMT-naive individuals including Human Microbiome Project data; 1105 detected prokaryotic species; 11.8 million variant positions identified; 42 species across five phyla used for confident SNV tracking; Subjects had not used antibiotics or other medication for at least 3 months before or during treatment"
27126044,No,3,Month,Donor-specific SNV retention (determinant positions); SNV assignment error rate; Proportion of acquired donor-specific species (allogenic FMT); Proportion of newly detected species (placebo); Proportion of newly detected species (healthy); Species shared between donor and recipient; Coexistence of donor and recipient strains (shared species); Species showing resistance to donor strains; Species showing donor-recipient strain coexistence,%; %; %; %; %; %; %; %; %,69.3 ± 21.8 (day 2); 37.6 ± 16.6 (3 months); 11.9; not clearly separated from placebo/healthy fluctuation range in 4/5 cases; 20.8 ± 5.5; 17.7 ± 10.9; 64.5 ± 6.0; 50.7 ± 10.1; 39 ± 23; 44 ± 14,feces,2009/2010,Netherlands,Metabolic syndrome,Metabolic syndrome,Species composition change above range of temporal variation (Euclidean distance); Higher single-site allelic variation in allogenic FMT vs placebo/healthy,FMT1; FMT2; FMT3; FMT4; FMT5; SELF1; SELF2; SELF3; SELF4; SELF5,Homo sapiens,ERR1297764,SAMEA3882507,Illumina HiSeq 2000,allogenic FMT / placebo (autologous) FMT / healthy control,FAT_006-22-84-0,metabolic syndrome,Fecal microbiota transplantation,"Cohort of 10 subjects: 5 allogenic FMT (from one of three lean donors), 5 autologous (placebo) FMT; 55 fecal metagenomes sequenced from FMT study; 164 total metagenomes across three study groups; Comparison cohort: 109 metagenomes from 48 healthy FMT-naive individuals including Human Microbiome Project data; 1105 detected prokaryotic species; 11.8 million variant positions identified; 42 species across five phyla used for confident SNV tracking; Subjects had not used antibiotics or other medication for at least 3 months before or during treatment"
27126044,No,3,Month,Donor-specific SNV retention (determinant positions); SNV assignment error rate; Proportion of acquired donor-specific species (allogenic FMT); Proportion of newly detected species (placebo); Proportion of newly detected species (healthy); Species shared between donor and recipient; Coexistence of donor and recipient strains (shared species); Species showing resistance to donor strains; Species showing donor-recipient strain coexistence,%; %; %; %; %; %; %; %; %,69.3 ± 21.8 (day 2); 37.6 ± 16.6 (3 months); 11.9; not clearly separated from placebo/healthy fluctuation range in 4/5 cases; 20.8 ± 5.5; 17.7 ± 10.9; 64.5 ± 6.0; 50.7 ± 10.1; 39 ± 23; 44 ± 14,feces,2009/2010,Netherlands,Metabolic syndrome,Metabolic syndrome,Species composition change above range of temporal variation (Euclidean distance); Higher single-site allelic variation in allogenic FMT vs placebo/healthy,FMT1; FMT2; FMT3; FMT4; FMT5; SELF1; SELF2; SELF3; SELF4; SELF5,Homo sapiens,ERR1297765,SAMEA3882530,Illumina HiSeq 2000,allogenic FMT / placebo (autologous) FMT / healthy control,FAT_015-22-2-0,metabolic syndrome,Fecal microbiota transplantation,"Cohort of 10 subjects: 5 allogenic FMT (from one of three lean donors), 5 autologous (placebo) FMT; 55 fecal metagenomes sequenced from FMT study; 164 total metagenomes across three study groups; Comparison cohort: 109 metagenomes from 48 healthy FMT-naive individuals including Human Microbiome Project data; 1105 detected prokaryotic species; 11.8 million variant positions identified; 42 species across five phyla used for confident SNV tracking; Subjects had not used antibiotics or other medication for at least 3 months before or during treatment"
27126044,No,3,Month,Donor-specific SNV retention (determinant positions); SNV assignment error rate; Proportion of acquired donor-specific species (allogenic FMT); Proportion of newly detected species (placebo); Proportion of newly detected species (healthy); Species shared between donor and recipient; Coexistence of donor and recipient strains (shared species); Species showing resistance to donor strains; Species showing donor-recipient strain coexistence,%; %; %; %; %; %; %; %; %,69.3 ± 21.8 (day 2); 37.6 ± 16.6 (3 months); 11.9; not clearly separated from placebo/healthy fluctuation range in 4/5 cases; 20.8 ± 5.5; 17.7 ± 10.9; 64.5 ± 6.0; 50.7 ± 10.1; 39 ± 23; 44 ± 14,feces,2009/2010,Netherlands,Metabolic syndrome,Metabolic syndrome,Species composition change above range of temporal variation (Euclidean distance); Higher single-site allelic variation in allogenic FMT vs placebo/healthy,FMT1; FMT2; FMT3; FMT4; FMT5; SELF1; SELF2; SELF3; SELF4; SELF5,Homo sapiens,ERR1297774,SAMEA3882555,Illumina HiSeq 2000,allogenic FMT / placebo (autologous) FMT / healthy control,FAT_DON_11-22-0-6,metabolic syndrome,Fecal microbiota transplantation,"Cohort of 10 subjects: 5 allogenic FMT (from one of three lean donors), 5 autologous (placebo) FMT; 55 fecal metagenomes sequenced from FMT study; 164 total metagenomes across three study groups; Comparison cohort: 109 metagenomes from 48 healthy FMT-naive individuals including Human Microbiome Project data; 1105 detected prokaryotic species; 11.8 million variant positions identified; 42 species across five phyla used for confident SNV tracking; Subjects had not used antibiotics or other medication for at least 3 months before or during treatment"
27126044,No,3,Month,Donor-specific SNV retention (determinant positions); SNV assignment error rate; Proportion of acquired donor-specific species (allogenic FMT); Proportion of newly detected species (placebo); Proportion of newly detected species (healthy); Species shared between donor and recipient; Coexistence of donor and recipient strains (shared species); Species showing resistance to donor strains; Species showing donor-recipient strain coexistence,%; %; %; %; %; %; %; %; %,69.3 ± 21.8 (day 2); 37.6 ± 16.6 (3 months); 11.9; not clearly separated from placebo/healthy fluctuation range in 4/5 cases; 20.8 ± 5.5; 17.7 ± 10.9; 64.5 ± 6.0; 50.7 ± 10.1; 39 ± 23; 44 ± 14,feces,2009/2010,Netherlands,Metabolic syndrome,Metabolic syndrome,Species composition change above range of temporal variation (Euclidean distance); Higher single-site allelic variation in allogenic FMT vs placebo/healthy,FMT1; FMT2; FMT3; FMT4; FMT5; SELF1; SELF2; SELF3; SELF4; SELF5,Homo sapiens,ERR1297775,SAMEA3882507,Illumina HiSeq 2000,allogenic FMT / placebo (autologous) FMT / healthy control,FAT_006-22-84-0,metabolic syndrome,Fecal microbiota transplantation,"Cohort of 10 subjects: 5 allogenic FMT (from one of three lean donors), 5 autologous (placebo) FMT; 55 fecal metagenomes sequenced from FMT study; 164 total metagenomes across three study groups; Comparison cohort: 109 metagenomes from 48 healthy FMT-naive individuals including Human Microbiome Project data; 1105 detected prokaryotic species; 11.8 million variant positions identified; 42 species across five phyla used for confident SNV tracking; Subjects had not used antibiotics or other medication for at least 3 months before or during treatment"
27126044,No,3,Month,Donor-specific SNV retention (determinant positions); SNV assignment error rate; Proportion of acquired donor-specific species (allogenic FMT); Proportion of newly detected species (placebo); Proportion of newly detected species (healthy); Species shared between donor and recipient; Coexistence of donor and recipient strains (shared species); Species showing resistance to donor strains; Species showing donor-recipient strain coexistence,%; %; %; %; %; %; %; %; %,69.3 ± 21.8 (day 2); 37.6 ± 16.6 (3 months); 11.9; not clearly separated from placebo/healthy fluctuation range in 4/5 cases; 20.8 ± 5.5; 17.7 ± 10.9; 64.5 ± 6.0; 50.7 ± 10.1; 39 ± 23; 44 ± 14,feces,2009/2010,Netherlands,Metabolic syndrome,Metabolic syndrome,Species composition change above range of temporal variation (Euclidean distance); Higher single-site allelic variation in allogenic FMT vs placebo/healthy,FMT1; FMT2; FMT3; FMT4; FMT5; SELF1; SELF2; SELF3; SELF4; SELF5,Homo sapiens,ERR1297780,SAMEA3882505,Illumina HiSeq 2000,allogenic FMT / placebo (autologous) FMT / healthy control,FAT_006-22-2-0,metabolic syndrome,Fecal microbiota transplantation,"Cohort of 10 subjects: 5 allogenic FMT (from one of three lean donors), 5 autologous (placebo) FMT; 55 fecal metagenomes sequenced from FMT study; 164 total metagenomes across three study groups; Comparison cohort: 109 metagenomes from 48 healthy FMT-naive individuals including Human Microbiome Project data; 1105 detected prokaryotic species; 11.8 million variant positions identified; 42 species across five phyla used for confident SNV tracking; Subjects had not used antibiotics or other medication for at least 3 months before or during treatment"
27126044,No,3,Month,Donor-specific SNV retention (determinant positions); SNV assignment error rate; Proportion of acquired donor-specific species (allogenic FMT); Proportion of newly detected species (placebo); Proportion of newly detected species (healthy); Species shared between donor and recipient; Coexistence of donor and recipient strains (shared species); Species showing resistance to donor strains; Species showing donor-recipient strain coexistence,%; %; %; %; %; %; %; %; %,69.3 ± 21.8 (day 2); 37.6 ± 16.6 (3 months); 11.9; not clearly separated from placebo/healthy fluctuation range in 4/5 cases; 20.8 ± 5.5; 17.7 ± 10.9; 64.5 ± 6.0; 50.7 ± 10.1; 39 ± 23; 44 ± 14,feces,2009/2010,Netherlands,Metabolic syndrome,Metabolic syndrome,Species composition change above range of temporal variation (Euclidean distance); Higher single-site allelic variation in allogenic FMT vs placebo/healthy,FMT1; FMT2; FMT3; FMT4; FMT5; SELF1; SELF2; SELF3; SELF4; SELF5,Homo sapiens,ERR1297787,SAMEA3882518,Illumina HiSeq 2000,allogenic FMT / placebo (autologous) FMT / healthy control,FAT_012-22-0-0,metabolic syndrome,Fecal microbiota transplantation,"Cohort of 10 subjects: 5 allogenic FMT (from one of three lean donors), 5 autologous (placebo) FMT; 55 fecal metagenomes sequenced from FMT study; 164 total metagenomes across three study groups; Comparison cohort: 109 metagenomes from 48 healthy FMT-naive individuals including Human Microbiome Project data; 1105 detected prokaryotic species; 11.8 million variant positions identified; 42 species across five phyla used for confident SNV tracking; Subjects had not used antibiotics or other medication for at least 3 months before or during treatment"
27126044,No,3,Month,Donor-specific SNV retention (determinant positions); SNV assignment error rate; Proportion of acquired donor-specific species (allogenic FMT); Proportion of newly detected species (placebo); Proportion of newly detected species (healthy); Species shared between donor and recipient; Coexistence of donor and recipient strains (shared species); Species showing resistance to donor strains; Species showing donor-recipient strain coexistence,%; %; %; %; %; %; %; %; %,69.3 ± 21.8 (day 2); 37.6 ± 16.6 (3 months); 11.9; not clearly separated from placebo/healthy fluctuation range in 4/5 cases; 20.8 ± 5.5; 17.7 ± 10.9; 64.5 ± 6.0; 50.7 ± 10.1; 39 ± 23; 44 ± 14,feces,2009/2010,Netherlands,Metabolic syndrome,Metabolic syndrome,Species composition change above range of temporal variation (Euclidean distance); Higher single-site allelic variation in allogenic FMT vs placebo/healthy,FMT1; FMT2; FMT3; FMT4; FMT5; SELF1; SELF2; SELF3; SELF4; SELF5,Homo sapiens,ERR1297788,SAMEA3882556,Illumina HiSeq 2000,allogenic FMT / placebo (autologous) FMT / healthy control,FAT_DON_19-22-0-0,metabolic syndrome,Fecal microbiota transplantation,"Cohort of 10 subjects: 5 allogenic FMT (from one of three lean donors), 5 autologous (placebo) FMT; 55 fecal metagenomes sequenced from FMT study; 164 total metagenomes across three study groups; Comparison cohort: 109 metagenomes from 48 healthy FMT-naive individuals including Human Microbiome Project data; 1105 detected prokaryotic species; 11.8 million variant positions identified; 42 species across five phyla used for confident SNV tracking; Subjects had not used antibiotics or other medication for at least 3 months before or during treatment"
27126044,No,3,Month,Donor-specific SNV retention (determinant positions); SNV assignment error rate; Proportion of acquired donor-specific species (allogenic FMT); Proportion of newly detected species (placebo); Proportion of newly detected species (healthy); Species shared between donor and recipient; Coexistence of donor and recipient strains (shared species); Species showing resistance to donor strains; Species showing donor-recipient strain coexistence,%; %; %; %; %; %; %; %; %,69.3 ± 21.8 (day 2); 37.6 ± 16.6 (3 months); 11.9; not clearly separated from placebo/healthy fluctuation range in 4/5 cases; 20.8 ± 5.5; 17.7 ± 10.9; 64.5 ± 6.0; 50.7 ± 10.1; 39 ± 23; 44 ± 14,feces,2009/2010,Netherlands,Metabolic syndrome,Metabolic syndrome,Species composition change above range of temporal variation (Euclidean distance); Higher single-site allelic variation in allogenic FMT vs placebo/healthy,FMT1; FMT2; FMT3; FMT4; FMT5; SELF1; SELF2; SELF3; SELF4; SELF5,Homo sapiens,ERR1297792,SAMEA3882526,Illumina HiSeq 2000,allogenic FMT / placebo (autologous) FMT / healthy control,FAT_014-22-42-0,metabolic syndrome,Fecal microbiota transplantation,"Cohort of 10 subjects: 5 allogenic FMT (from one of three lean donors), 5 autologous (placebo) FMT; 55 fecal metagenomes sequenced from FMT study; 164 total metagenomes across three study groups; Comparison cohort: 109 metagenomes from 48 healthy FMT-naive individuals including Human Microbiome Project data; 1105 detected prokaryotic species; 11.8 million variant positions identified; 42 species across five phyla used for confident SNV tracking; Subjects had not used antibiotics or other medication for at least 3 months before or during treatment"
27126044,No,3,Month,Donor-specific SNV retention (determinant positions); SNV assignment error rate; Proportion of acquired donor-specific species (allogenic FMT); Proportion of newly detected species (placebo); Proportion of newly detected species (healthy); Species shared between donor and recipient; Coexistence of donor and recipient strains (shared species); Species showing resistance to donor strains; Species showing donor-recipient strain coexistence,%; %; %; %; %; %; %; %; %,69.3 ± 21.8 (day 2); 37.6 ± 16.6 (3 months); 11.9; not clearly separated from placebo/healthy fluctuation range in 4/5 cases; 20.8 ± 5.5; 17.7 ± 10.9; 64.5 ± 6.0; 50.7 ± 10.1; 39 ± 23; 44 ± 14,feces,2009/2010,Netherlands,Metabolic syndrome,Metabolic syndrome,Species composition change above range of temporal variation (Euclidean distance); Higher single-site allelic variation in allogenic FMT vs placebo/healthy,FMT1; FMT2; FMT3; FMT4; FMT5; SELF1; SELF2; SELF3; SELF4; SELF5,Homo sapiens,ERR1297793,SAMEA3882543,Illumina HiSeq 2000,allogenic FMT / placebo (autologous) FMT / healthy control,FAT_023-22-0-0,metabolic syndrome,Fecal microbiota transplantation,"Cohort of 10 subjects: 5 allogenic FMT (from one of three lean donors), 5 autologous (placebo) FMT; 55 fecal metagenomes sequenced from FMT study; 164 total metagenomes across three study groups; Comparison cohort: 109 metagenomes from 48 healthy FMT-naive individuals including Human Microbiome Project data; 1105 detected prokaryotic species; 11.8 million variant positions identified; 42 species across five phyla used for confident SNV tracking; Subjects had not used antibiotics or other medication for at least 3 months before or during treatment"
27126044,No,3,Month,Donor-specific SNV retention (determinant positions); SNV assignment error rate; Proportion of acquired donor-specific species (allogenic FMT); Proportion of newly detected species (placebo); Proportion of newly detected species (healthy); Species shared between donor and recipient; Coexistence of donor and recipient strains (shared species); Species showing resistance to donor strains; Species showing donor-recipient strain coexistence,%; %; %; %; %; %; %; %; %,69.3 ± 21.8 (day 2); 37.6 ± 16.6 (3 months); 11.9; not clearly separated from placebo/healthy fluctuation range in 4/5 cases; 20.8 ± 5.5; 17.7 ± 10.9; 64.5 ± 6.0; 50.7 ± 10.1; 39 ± 23; 44 ± 14,feces,2009/2010,Netherlands,Metabolic syndrome,Metabolic syndrome,Species composition change above range of temporal variation (Euclidean distance); Higher single-site allelic variation in allogenic FMT vs placebo/healthy,FMT1; FMT2; FMT3; FMT4; FMT5; SELF1; SELF2; SELF3; SELF4; SELF5,Homo sapiens,ERR1297796,SAMEA3882506,Illumina HiSeq 2000,allogenic FMT / placebo (autologous) FMT / healthy control,FAT_006-22-42-0,metabolic syndrome,Fecal microbiota transplantation,"Cohort of 10 subjects: 5 allogenic FMT (from one of three lean donors), 5 autologous (placebo) FMT; 55 fecal metagenomes sequenced from FMT study; 164 total metagenomes across three study groups; Comparison cohort: 109 metagenomes from 48 healthy FMT-naive individuals including Human Microbiome Project data; 1105 detected prokaryotic species; 11.8 million variant positions identified; 42 species across five phyla used for confident SNV tracking; Subjects had not used antibiotics or other medication for at least 3 months before or during treatment"
27126044,No,3,Month,Donor-specific SNV retention (determinant positions); SNV assignment error rate; Proportion of acquired donor-specific species (allogenic FMT); Proportion of newly detected species (placebo); Proportion of newly detected species (healthy); Species shared between donor and recipient; Coexistence of donor and recipient strains (shared species); Species showing resistance to donor strains; Species showing donor-recipient strain coexistence,%; %; %; %; %; %; %; %; %,69.3 ± 21.8 (day 2); 37.6 ± 16.6 (3 months); 11.9; not clearly separated from placebo/healthy fluctuation range in 4/5 cases; 20.8 ± 5.5; 17.7 ± 10.9; 64.5 ± 6.0; 50.7 ± 10.1; 39 ± 23; 44 ± 14,feces,2009/2010,Netherlands,Metabolic syndrome,Metabolic syndrome,Species composition change above range of temporal variation (Euclidean distance); Higher single-site allelic variation in allogenic FMT vs placebo/healthy,FMT1; FMT2; FMT3; FMT4; FMT5; SELF1; SELF2; SELF3; SELF4; SELF5,Homo sapiens,ERR1297797,SAMEA3882503,Illumina HiSeq 2000,allogenic FMT / placebo (autologous) FMT / healthy control,FAT_006-22-0-0,metabolic syndrome,Fecal microbiota transplantation,"Cohort of 10 subjects: 5 allogenic FMT (from one of three lean donors), 5 autologous (placebo) FMT; 55 fecal metagenomes sequenced from FMT study; 164 total metagenomes across three study groups; Comparison cohort: 109 metagenomes from 48 healthy FMT-naive individuals including Human Microbiome Project data; 1105 detected prokaryotic species; 11.8 million variant positions identified; 42 species across five phyla used for confident SNV tracking; Subjects had not used antibiotics or other medication for at least 3 months before or during treatment"
27126044,No,3,Month,Donor-specific SNV retention (determinant positions); SNV assignment error rate; Proportion of acquired donor-specific species (allogenic FMT); Proportion of newly detected species (placebo); Proportion of newly detected species (healthy); Species shared between donor and recipient; Coexistence of donor and recipient strains (shared species); Species showing resistance to donor strains; Species showing donor-recipient strain coexistence,%; %; %; %; %; %; %; %; %,69.3 ± 21.8 (day 2); 37.6 ± 16.6 (3 months); 11.9; not clearly separated from placebo/healthy fluctuation range in 4/5 cases; 20.8 ± 5.5; 17.7 ± 10.9; 64.5 ± 6.0; 50.7 ± 10.1; 39 ± 23; 44 ± 14,feces,2009/2010,Netherlands,Metabolic syndrome,Metabolic syndrome,Species composition change above range of temporal variation (Euclidean distance); Higher single-site allelic variation in allogenic FMT vs placebo/healthy,FMT1; FMT2; FMT3; FMT4; FMT5; SELF1; SELF2; SELF3; SELF4; SELF5,Homo sapiens,ERR1297800,SAMEA3882554,Illumina HiSeq 2000,allogenic FMT / placebo (autologous) FMT / healthy control,FAT_DON_11-22-0-5,metabolic syndrome,Fecal microbiota transplantation,"Cohort of 10 subjects: 5 allogenic FMT (from one of three lean donors), 5 autologous (placebo) FMT; 55 fecal metagenomes sequenced from FMT study; 164 total metagenomes across three study groups; Comparison cohort: 109 metagenomes from 48 healthy FMT-naive individuals including Human Microbiome Project data; 1105 detected prokaryotic species; 11.8 million variant positions identified; 42 species across five phyla used for confident SNV tracking; Subjects had not used antibiotics or other medication for at least 3 months before or during treatment"
27126044,No,3,Month,Donor-specific SNV retention (determinant positions); SNV assignment error rate; Proportion of acquired donor-specific species (allogenic FMT); Proportion of newly detected species (placebo); Proportion of newly detected species (healthy); Species shared between donor and recipient; Coexistence of donor and recipient strains (shared species); Species showing resistance to donor strains; Species showing donor-recipient strain coexistence,%; %; %; %; %; %; %; %; %,69.3 ± 21.8 (day 2); 37.6 ± 16.6 (3 months); 11.9; not clearly separated from placebo/healthy fluctuation range in 4/5 cases; 20.8 ± 5.5; 17.7 ± 10.9; 64.5 ± 6.0; 50.7 ± 10.1; 39 ± 23; 44 ± 14,feces,2009/2010,Netherlands,Metabolic syndrome,Metabolic syndrome,Species composition change above range of temporal variation (Euclidean distance); Higher single-site allelic variation in allogenic FMT vs placebo/healthy,FMT1; FMT2; FMT3; FMT4; FMT5; SELF1; SELF2; SELF3; SELF4; SELF5,Homo sapiens,ERR1297802,SAMEA3882511,Illumina HiSeq 2000,allogenic FMT / placebo (autologous) FMT / healthy control,FAT_008-22-42-0,metabolic syndrome,Fecal microbiota transplantation,"Cohort of 10 subjects: 5 allogenic FMT (from one of three lean donors), 5 autologous (placebo) FMT; 55 fecal metagenomes sequenced from FMT study; 164 total metagenomes across three study groups; Comparison cohort: 109 metagenomes from 48 healthy FMT-naive individuals including Human Microbiome Project data; 1105 detected prokaryotic species; 11.8 million variant positions identified; 42 species across five phyla used for confident SNV tracking; Subjects had not used antibiotics or other medication for at least 3 months before or during treatment"
27126044,No,3,Month,Donor-specific SNV retention (determinant positions); SNV assignment error rate; Proportion of acquired donor-specific species (allogenic FMT); Proportion of newly detected species (placebo); Proportion of newly detected species (healthy); Species shared between donor and recipient; Coexistence of donor and recipient strains (shared species); Species showing resistance to donor strains; Species showing donor-recipient strain coexistence,%; %; %; %; %; %; %; %; %,69.3 ± 21.8 (day 2); 37.6 ± 16.6 (3 months); 11.9; not clearly separated from placebo/healthy fluctuation range in 4/5 cases; 20.8 ± 5.5; 17.7 ± 10.9; 64.5 ± 6.0; 50.7 ± 10.1; 39 ± 23; 44 ± 14,feces,2009/2010,Netherlands,Metabolic syndrome,Metabolic syndrome,Species composition change above range of temporal variation (Euclidean distance); Higher single-site allelic variation in allogenic FMT vs placebo/healthy,FMT1; FMT2; FMT3; FMT4; FMT5; SELF1; SELF2; SELF3; SELF4; SELF5,Homo sapiens,ERR1297804,SAMEA3882520,Illumina HiSeq 2000,allogenic FMT / placebo (autologous) FMT / healthy control,FAT_012-22-2-0,metabolic syndrome,Fecal microbiota transplantation,"Cohort of 10 subjects: 5 allogenic FMT (from one of three lean donors), 5 autologous (placebo) FMT; 55 fecal metagenomes sequenced from FMT study; 164 total metagenomes across three study groups; Comparison cohort: 109 metagenomes from 48 healthy FMT-naive individuals including Human Microbiome Project data; 1105 detected prokaryotic species; 11.8 million variant positions identified; 42 species across five phyla used for confident SNV tracking; Subjects had not used antibiotics or other medication for at least 3 months before or during treatment"
27126044,No,3,Month,Donor-specific SNV retention (determinant positions); SNV assignment error rate; Proportion of acquired donor-specific species (allogenic FMT); Proportion of newly detected species (placebo); Proportion of newly detected species (healthy); Species shared between donor and recipient; Coexistence of donor and recipient strains (shared species); Species showing resistance to donor strains; Species showing donor-recipient strain coexistence,%; %; %; %; %; %; %; %; %,69.3 ± 21.8 (day 2); 37.6 ± 16.6 (3 months); 11.9; not clearly separated from placebo/healthy fluctuation range in 4/5 cases; 20.8 ± 5.5; 17.7 ± 10.9; 64.5 ± 6.0; 50.7 ± 10.1; 39 ± 23; 44 ± 14,feces,2009/2010,Netherlands,Metabolic syndrome,Metabolic syndrome,Species composition change above range of temporal variation (Euclidean distance); Higher single-site allelic variation in allogenic FMT vs placebo/healthy,FMT1; FMT2; FMT3; FMT4; FMT5; SELF1; SELF2; SELF3; SELF4; SELF5,Homo sapiens,ERR1297806,SAMEA3882519,Illumina HiSeq 2000,allogenic FMT / placebo (autologous) FMT / healthy control,FAT_012-22-14-0,metabolic syndrome,Fecal microbiota transplantation,"Cohort of 10 subjects: 5 allogenic FMT (from one of three lean donors), 5 autologous (placebo) FMT; 55 fecal metagenomes sequenced from FMT study; 164 total metagenomes across three study groups; Comparison cohort: 109 metagenomes from 48 healthy FMT-naive individuals including Human Microbiome Project data; 1105 detected prokaryotic species; 11.8 million variant positions identified; 42 species across five phyla used for confident SNV tracking; Subjects had not used antibiotics or other medication for at least 3 months before or during treatment"
27126044,No,3,Month,Donor-specific SNV retention (determinant positions); SNV assignment error rate; Proportion of acquired donor-specific species (allogenic FMT); Proportion of newly detected species (placebo); Proportion of newly detected species (healthy); Species shared between donor and recipient; Coexistence of donor and recipient strains (shared species); Species showing resistance to donor strains; Species showing donor-recipient strain coexistence,%; %; %; %; %; %; %; %; %,69.3 ± 21.8 (day 2); 37.6 ± 16.6 (3 months); 11.9; not clearly separated from placebo/healthy fluctuation range in 4/5 cases; 20.8 ± 5.5; 17.7 ± 10.9; 64.5 ± 6.0; 50.7 ± 10.1; 39 ± 23; 44 ± 14,feces,2009/2010,Netherlands,Metabolic syndrome,Metabolic syndrome,Species composition change above range of temporal variation (Euclidean distance); Higher single-site allelic variation in allogenic FMT vs placebo/healthy,FMT1; FMT2; FMT3; FMT4; FMT5; SELF1; SELF2; SELF3; SELF4; SELF5,Homo sapiens,ERR1297807,SAMEA3882533,Illumina HiSeq 2000,allogenic FMT / placebo (autologous) FMT / healthy control,FAT_017-22-0-0,metabolic syndrome,Fecal microbiota transplantation,"Cohort of 10 subjects: 5 allogenic FMT (from one of three lean donors), 5 autologous (placebo) FMT; 55 fecal metagenomes sequenced from FMT study; 164 total metagenomes across three study groups; Comparison cohort: 109 metagenomes from 48 healthy FMT-naive individuals including Human Microbiome Project data; 1105 detected prokaryotic species; 11.8 million variant positions identified; 42 species across five phyla used for confident SNV tracking; Subjects had not used antibiotics or other medication for at least 3 months before or during treatment"
27126044,No,3,Month,Donor-specific SNV retention (determinant positions); SNV assignment error rate; Proportion of acquired donor-specific species (allogenic FMT); Proportion of newly detected species (placebo); Proportion of newly detected species (healthy); Species shared between donor and recipient; Coexistence of donor and recipient strains (shared species); Species showing resistance to donor strains; Species showing donor-recipient strain coexistence,%; %; %; %; %; %; %; %; %,69.3 ± 21.8 (day 2); 37.6 ± 16.6 (3 months); 11.9; not clearly separated from placebo/healthy fluctuation range in 4/5 cases; 20.8 ± 5.5; 17.7 ± 10.9; 64.5 ± 6.0; 50.7 ± 10.1; 39 ± 23; 44 ± 14,feces,2009/2010,Netherlands,Metabolic syndrome,Metabolic syndrome,Species composition change above range of temporal variation (Euclidean distance); Higher single-site allelic variation in allogenic FMT vs placebo/healthy,FMT1; FMT2; FMT3; FMT4; FMT5; SELF1; SELF2; SELF3; SELF4; SELF5,Homo sapiens,ERR1297808,SAMEA3882535,Illumina HiSeq 2000,allogenic FMT / placebo (autologous) FMT / healthy control,FAT_017-22-2-0,metabolic syndrome,Fecal microbiota transplantation,"Cohort of 10 subjects: 5 allogenic FMT (from one of three lean donors), 5 autologous (placebo) FMT; 55 fecal metagenomes sequenced from FMT study; 164 total metagenomes across three study groups; Comparison cohort: 109 metagenomes from 48 healthy FMT-naive individuals including Human Microbiome Project data; 1105 detected prokaryotic species; 11.8 million variant positions identified; 42 species across five phyla used for confident SNV tracking; Subjects had not used antibiotics or other medication for at least 3 months before or during treatment"
27126044,No,3,Month,Donor-specific SNV retention (determinant positions); SNV assignment error rate; Proportion of acquired donor-specific species (allogenic FMT); Proportion of newly detected species (placebo); Proportion of newly detected species (healthy); Species shared between donor and recipient; Coexistence of donor and recipient strains (shared species); Species showing resistance to donor strains; Species showing donor-recipient strain coexistence,%; %; %; %; %; %; %; %; %,69.3 ± 21.8 (day 2); 37.6 ± 16.6 (3 months); 11.9; not clearly separated from placebo/healthy fluctuation range in 4/5 cases; 20.8 ± 5.5; 17.7 ± 10.9; 64.5 ± 6.0; 50.7 ± 10.1; 39 ± 23; 44 ± 14,feces,2009/2010,Netherlands,Metabolic syndrome,Metabolic syndrome,Species composition change above range of temporal variation (Euclidean distance); Higher single-site allelic variation in allogenic FMT vs placebo/healthy,FMT1; FMT2; FMT3; FMT4; FMT5; SELF1; SELF2; SELF3; SELF4; SELF5,Homo sapiens,ERR1297809,SAMEA3882528,Illumina HiSeq 2000,allogenic FMT / placebo (autologous) FMT / healthy control,FAT_015-22-0-0,metabolic syndrome,Fecal microbiota transplantation,"Cohort of 10 subjects: 5 allogenic FMT (from one of three lean donors), 5 autologous (placebo) FMT; 55 fecal metagenomes sequenced from FMT study; 164 total metagenomes across three study groups; Comparison cohort: 109 metagenomes from 48 healthy FMT-naive individuals including Human Microbiome Project data; 1105 detected prokaryotic species; 11.8 million variant positions identified; 42 species across five phyla used for confident SNV tracking; Subjects had not used antibiotics or other medication for at least 3 months before or during treatment"
27126044,No,3,Month,Donor-specific SNV retention (determinant positions); SNV assignment error rate; Proportion of acquired donor-specific species (allogenic FMT); Proportion of newly detected species (placebo); Proportion of newly detected species (healthy); Species shared between donor and recipient; Coexistence of donor and recipient strains (shared species); Species showing resistance to donor strains; Species showing donor-recipient strain coexistence,%; %; %; %; %; %; %; %; %,69.3 ± 21.8 (day 2); 37.6 ± 16.6 (3 months); 11.9; not clearly separated from placebo/healthy fluctuation range in 4/5 cases; 20.8 ± 5.5; 17.7 ± 10.9; 64.5 ± 6.0; 50.7 ± 10.1; 39 ± 23; 44 ± 14,feces,2009/2010,Netherlands,Metabolic syndrome,Metabolic syndrome,Species composition change above range of temporal variation (Euclidean distance); Higher single-site allelic variation in allogenic FMT vs placebo/healthy,FMT1; FMT2; FMT3; FMT4; FMT5; SELF1; SELF2; SELF3; SELF4; SELF5,Homo sapiens,ERR1297810,SAMEA3882546,Illumina HiSeq 2000,allogenic FMT / placebo (autologous) FMT / healthy control,FAT_023-22-42-0,metabolic syndrome,Fecal microbiota transplantation,"Cohort of 10 subjects: 5 allogenic FMT (from one of three lean donors), 5 autologous (placebo) FMT; 55 fecal metagenomes sequenced from FMT study; 164 total metagenomes across three study groups; Comparison cohort: 109 metagenomes from 48 healthy FMT-naive individuals including Human Microbiome Project data; 1105 detected prokaryotic species; 11.8 million variant positions identified; 42 species across five phyla used for confident SNV tracking; Subjects had not used antibiotics or other medication for at least 3 months before or during treatment"
27126044,No,3,Month,Donor-specific SNV retention (determinant positions); SNV assignment error rate; Proportion of acquired donor-specific species (allogenic FMT); Proportion of newly detected species (placebo); Proportion of newly detected species (healthy); Species shared between donor and recipient; Coexistence of donor and recipient strains (shared species); Species showing resistance to donor strains; Species showing donor-recipient strain coexistence,%; %; %; %; %; %; %; %; %,69.3 ± 21.8 (day 2); 37.6 ± 16.6 (3 months); 11.9; not clearly separated from placebo/healthy fluctuation range in 4/5 cases; 20.8 ± 5.5; 17.7 ± 10.9; 64.5 ± 6.0; 50.7 ± 10.1; 39 ± 23; 44 ± 14,feces,2009/2010,Netherlands,Metabolic syndrome,Metabolic syndrome,Species composition change above range of temporal variation (Euclidean distance); Higher single-site allelic variation in allogenic FMT vs placebo/healthy,FMT1; FMT2; FMT3; FMT4; FMT5; SELF1; SELF2; SELF3; SELF4; SELF5,Homo sapiens,ERR1297821,SAMEA3882520,Illumina HiSeq 2000,allogenic FMT / placebo (autologous) FMT / healthy control,FAT_012-22-2-0,metabolic syndrome,Fecal microbiota transplantation,"Cohort of 10 subjects: 5 allogenic FMT (from one of three lean donors), 5 autologous (placebo) FMT; 55 fecal metagenomes sequenced from FMT study; 164 total metagenomes across three study groups; Comparison cohort: 109 metagenomes from 48 healthy FMT-naive individuals including Human Microbiome Project data; 1105 detected prokaryotic species; 11.8 million variant positions identified; 42 species across five phyla used for confident SNV tracking; Subjects had not used antibiotics or other medication for at least 3 months before or during treatment"
27126044,No,3,Month,Donor-specific SNV retention (determinant positions); SNV assignment error rate; Proportion of acquired donor-specific species (allogenic FMT); Proportion of newly detected species (placebo); Proportion of newly detected species (healthy); Species shared between donor and recipient; Coexistence of donor and recipient strains (shared species); Species showing resistance to donor strains; Species showing donor-recipient strain coexistence,%; %; %; %; %; %; %; %; %,69.3 ± 21.8 (day 2); 37.6 ± 16.6 (3 months); 11.9; not clearly separated from placebo/healthy fluctuation range in 4/5 cases; 20.8 ± 5.5; 17.7 ± 10.9; 64.5 ± 6.0; 50.7 ± 10.1; 39 ± 23; 44 ± 14,feces,2009/2010,Netherlands,Metabolic syndrome,Metabolic syndrome,Species composition change above range of temporal variation (Euclidean distance); Higher single-site allelic variation in allogenic FMT vs placebo/healthy,FMT1; FMT2; FMT3; FMT4; FMT5; SELF1; SELF2; SELF3; SELF4; SELF5,Homo sapiens,ERR1297822,SAMEA3882553,Illumina HiSeq 2000,allogenic FMT / placebo (autologous) FMT / healthy control,FAT_DON_11-22-0-4,metabolic syndrome,Fecal microbiota transplantation,"Cohort of 10 subjects: 5 allogenic FMT (from one of three lean donors), 5 autologous (placebo) FMT; 55 fecal metagenomes sequenced from FMT study; 164 total metagenomes across three study groups; Comparison cohort: 109 metagenomes from 48 healthy FMT-naive individuals including Human Microbiome Project data; 1105 detected prokaryotic species; 11.8 million variant positions identified; 42 species across five phyla used for confident SNV tracking; Subjects had not used antibiotics or other medication for at least 3 months before or during treatment"
27126044,No,3,Month,Donor-specific SNV retention (determinant positions); SNV assignment error rate; Proportion of acquired donor-specific species (allogenic FMT); Proportion of newly detected species (placebo); Proportion of newly detected species (healthy); Species shared between donor and recipient; Coexistence of donor and recipient strains (shared species); Species showing resistance to donor strains; Species showing donor-recipient strain coexistence,%; %; %; %; %; %; %; %; %,69.3 ± 21.8 (day 2); 37.6 ± 16.6 (3 months); 11.9; not clearly separated from placebo/healthy fluctuation range in 4/5 cases; 20.8 ± 5.5; 17.7 ± 10.9; 64.5 ± 6.0; 50.7 ± 10.1; 39 ± 23; 44 ± 14,feces,2009/2010,Netherlands,Metabolic syndrome,Metabolic syndrome,Species composition change above range of temporal variation (Euclidean distance); Higher single-site allelic variation in allogenic FMT vs placebo/healthy,FMT1; FMT2; FMT3; FMT4; FMT5; SELF1; SELF2; SELF3; SELF4; SELF5,Homo sapiens,ERR1297823,SAMEA3882549,Illumina HiSeq 2000,allogenic FMT / placebo (autologous) FMT / healthy control,FAT_024-22-14-0,metabolic syndrome,Fecal microbiota transplantation,"Cohort of 10 subjects: 5 allogenic FMT (from one of three lean donors), 5 autologous (placebo) FMT; 55 fecal metagenomes sequenced from FMT study; 164 total metagenomes across three study groups; Comparison cohort: 109 metagenomes from 48 healthy FMT-naive individuals including Human Microbiome Project data; 1105 detected prokaryotic species; 11.8 million variant positions identified; 42 species across five phyla used for confident SNV tracking; Subjects had not used antibiotics or other medication for at least 3 months before or during treatment"
27126044,No,3,Month,Donor-specific SNV retention (determinant positions); SNV assignment error rate; Proportion of acquired donor-specific species (allogenic FMT); Proportion of newly detected species (placebo); Proportion of newly detected species (healthy); Species shared between donor and recipient; Coexistence of donor and recipient strains (shared species); Species showing resistance to donor strains; Species showing donor-recipient strain coexistence,%; %; %; %; %; %; %; %; %,69.3 ± 21.8 (day 2); 37.6 ± 16.6 (3 months); 11.9; not clearly separated from placebo/healthy fluctuation range in 4/5 cases; 20.8 ± 5.5; 17.7 ± 10.9; 64.5 ± 6.0; 50.7 ± 10.1; 39 ± 23; 44 ± 14,feces,2009/2010,Netherlands,Metabolic syndrome,Metabolic syndrome,Species composition change above range of temporal variation (Euclidean distance); Higher single-site allelic variation in allogenic FMT vs placebo/healthy,FMT1; FMT2; FMT3; FMT4; FMT5; SELF1; SELF2; SELF3; SELF4; SELF5,Homo sapiens,ERR1297830,SAMEA3882505,Illumina HiSeq 2000,allogenic FMT / placebo (autologous) FMT / healthy control,FAT_006-22-2-0,metabolic syndrome,Fecal microbiota transplantation,"Cohort of 10 subjects: 5 allogenic FMT (from one of three lean donors), 5 autologous (placebo) FMT; 55 fecal metagenomes sequenced from FMT study; 164 total metagenomes across three study groups; Comparison cohort: 109 metagenomes from 48 healthy FMT-naive individuals including Human Microbiome Project data; 1105 detected prokaryotic species; 11.8 million variant positions identified; 42 species across five phyla used for confident SNV tracking; Subjects had not used antibiotics or other medication for at least 3 months before or during treatment"
27126044,No,3,Month,Donor-specific SNV retention (determinant positions); SNV assignment error rate; Proportion of acquired donor-specific species (allogenic FMT); Proportion of newly detected species (placebo); Proportion of newly detected species (healthy); Species shared between donor and recipient; Coexistence of donor and recipient strains (shared species); Species showing resistance to donor strains; Species showing donor-recipient strain coexistence,%; %; %; %; %; %; %; %; %,69.3 ± 21.8 (day 2); 37.6 ± 16.6 (3 months); 11.9; not clearly separated from placebo/healthy fluctuation range in 4/5 cases; 20.8 ± 5.5; 17.7 ± 10.9; 64.5 ± 6.0; 50.7 ± 10.1; 39 ± 23; 44 ± 14,feces,2009/2010,Netherlands,Metabolic syndrome,Metabolic syndrome,Species composition change above range of temporal variation (Euclidean distance); Higher single-site allelic variation in allogenic FMT vs placebo/healthy,FMT1; FMT2; FMT3; FMT4; FMT5; SELF1; SELF2; SELF3; SELF4; SELF5,Homo sapiens,ERR1297836,SAMEA3882503,Illumina HiSeq 2000,allogenic FMT / placebo (autologous) FMT / healthy control,FAT_006-22-0-0,metabolic syndrome,Fecal microbiota transplantation,"Cohort of 10 subjects: 5 allogenic FMT (from one of three lean donors), 5 autologous (placebo) FMT; 55 fecal metagenomes sequenced from FMT study; 164 total metagenomes across three study groups; Comparison cohort: 109 metagenomes from 48 healthy FMT-naive individuals including Human Microbiome Project data; 1105 detected prokaryotic species; 11.8 million variant positions identified; 42 species across five phyla used for confident SNV tracking; Subjects had not used antibiotics or other medication for at least 3 months before or during treatment"
27126044,No,3,Month,Donor-specific SNV retention (determinant positions); SNV assignment error rate; Proportion of acquired donor-specific species (allogenic FMT); Proportion of newly detected species (placebo); Proportion of newly detected species (healthy); Species shared between donor and recipient; Coexistence of donor and recipient strains (shared species); Species showing resistance to donor strains; Species showing donor-recipient strain coexistence,%; %; %; %; %; %; %; %; %,69.3 ± 21.8 (day 2); 37.6 ± 16.6 (3 months); 11.9; not clearly separated from placebo/healthy fluctuation range in 4/5 cases; 20.8 ± 5.5; 17.7 ± 10.9; 64.5 ± 6.0; 50.7 ± 10.1; 39 ± 23; 44 ± 14,feces,2009/2010,Netherlands,Metabolic syndrome,Metabolic syndrome,Species composition change above range of temporal variation (Euclidean distance); Higher single-site allelic variation in allogenic FMT vs placebo/healthy,FMT1; FMT2; FMT3; FMT4; FMT5; SELF1; SELF2; SELF3; SELF4; SELF5,Homo sapiens,ERR1297846,SAMEA3882557,Illumina HiSeq 2000,allogenic FMT / placebo (autologous) FMT / healthy control,FAT_DON_8-22-0-0,metabolic syndrome,Fecal microbiota transplantation,"Cohort of 10 subjects: 5 allogenic FMT (from one of three lean donors), 5 autologous (placebo) FMT; 55 fecal metagenomes sequenced from FMT study; 164 total metagenomes across three study groups; Comparison cohort: 109 metagenomes from 48 healthy FMT-naive individuals including Human Microbiome Project data; 1105 detected prokaryotic species; 11.8 million variant positions identified; 42 species across five phyla used for confident SNV tracking; Subjects had not used antibiotics or other medication for at least 3 months before or during treatment"
27126044,No,3,Month,Donor-specific SNV retention (determinant positions); SNV assignment error rate; Proportion of acquired donor-specific species (allogenic FMT); Proportion of newly detected species (placebo); Proportion of newly detected species (healthy); Species shared between donor and recipient; Coexistence of donor and recipient strains (shared species); Species showing resistance to donor strains; Species showing donor-recipient strain coexistence,%; %; %; %; %; %; %; %; %,69.3 ± 21.8 (day 2); 37.6 ± 16.6 (3 months); 11.9; not clearly separated from placebo/healthy fluctuation range in 4/5 cases; 20.8 ± 5.5; 17.7 ± 10.9; 64.5 ± 6.0; 50.7 ± 10.1; 39 ± 23; 44 ± 14,feces,2009/2010,Netherlands,Metabolic syndrome,Metabolic syndrome,Species composition change above range of temporal variation (Euclidean distance); Higher single-site allelic variation in allogenic FMT vs placebo/healthy,FMT1; FMT2; FMT3; FMT4; FMT5; SELF1; SELF2; SELF3; SELF4; SELF5,Homo sapiens,ERR1297847,SAMEA3882552,Illumina HiSeq 2000,allogenic FMT / placebo (autologous) FMT / healthy control,FAT_024-22-84-0,metabolic syndrome,Fecal microbiota transplantation,"Cohort of 10 subjects: 5 allogenic FMT (from one of three lean donors), 5 autologous (placebo) FMT; 55 fecal metagenomes sequenced from FMT study; 164 total metagenomes across three study groups; Comparison cohort: 109 metagenomes from 48 healthy FMT-naive individuals including Human Microbiome Project data; 1105 detected prokaryotic species; 11.8 million variant positions identified; 42 species across five phyla used for confident SNV tracking; Subjects had not used antibiotics or other medication for at least 3 months before or during treatment"
27126044,No,3,Month,Donor-specific SNV retention (determinant positions); SNV assignment error rate; Proportion of acquired donor-specific species (allogenic FMT); Proportion of newly detected species (placebo); Proportion of newly detected species (healthy); Species shared between donor and recipient; Coexistence of donor and recipient strains (shared species); Species showing resistance to donor strains; Species showing donor-recipient strain coexistence,%; %; %; %; %; %; %; %; %,69.3 ± 21.8 (day 2); 37.6 ± 16.6 (3 months); 11.9; not clearly separated from placebo/healthy fluctuation range in 4/5 cases; 20.8 ± 5.5; 17.7 ± 10.9; 64.5 ± 6.0; 50.7 ± 10.1; 39 ± 23; 44 ± 14,feces,2009/2010,Netherlands,Metabolic syndrome,Metabolic syndrome,Species composition change above range of temporal variation (Euclidean distance); Higher single-site allelic variation in allogenic FMT vs placebo/healthy,FMT1; FMT2; FMT3; FMT4; FMT5; SELF1; SELF2; SELF3; SELF4; SELF5,Homo sapiens,ERR1297848,SAMEA3882550,Illumina HiSeq 2000,allogenic FMT / placebo (autologous) FMT / healthy control,FAT_024-22-2-0,metabolic syndrome,Fecal microbiota transplantation,"Cohort of 10 subjects: 5 allogenic FMT (from one of three lean donors), 5 autologous (placebo) FMT; 55 fecal metagenomes sequenced from FMT study; 164 total metagenomes across three study groups; Comparison cohort: 109 metagenomes from 48 healthy FMT-naive individuals including Human Microbiome Project data; 1105 detected prokaryotic species; 11.8 million variant positions identified; 42 species across five phyla used for confident SNV tracking; Subjects had not used antibiotics or other medication for at least 3 months before or during treatment"
27126044,No,3,Month,Donor-specific SNV retention (determinant positions); SNV assignment error rate; Proportion of acquired donor-specific species (allogenic FMT); Proportion of newly detected species (placebo); Proportion of newly detected species (healthy); Species shared between donor and recipient; Coexistence of donor and recipient strains (shared species); Species showing resistance to donor strains; Species showing donor-recipient strain coexistence,%; %; %; %; %; %; %; %; %,69.3 ± 21.8 (day 2); 37.6 ± 16.6 (3 months); 11.9; not clearly separated from placebo/healthy fluctuation range in 4/5 cases; 20.8 ± 5.5; 17.7 ± 10.9; 64.5 ± 6.0; 50.7 ± 10.1; 39 ± 23; 44 ± 14,feces,2009/2010,Netherlands,Metabolic syndrome,Metabolic syndrome,Species composition change above range of temporal variation (Euclidean distance); Higher single-site allelic variation in allogenic FMT vs placebo/healthy,FMT1; FMT2; FMT3; FMT4; FMT5; SELF1; SELF2; SELF3; SELF4; SELF5,Homo sapiens,ERR1297850,SAMEA3882556,Illumina HiSeq 2000,allogenic FMT / placebo (autologous) FMT / healthy control,FAT_DON_19-22-0-0,metabolic syndrome,Fecal microbiota transplantation,"Cohort of 10 subjects: 5 allogenic FMT (from one of three lean donors), 5 autologous (placebo) FMT; 55 fecal metagenomes sequenced from FMT study; 164 total metagenomes across three study groups; Comparison cohort: 109 metagenomes from 48 healthy FMT-naive individuals including Human Microbiome Project data; 1105 detected prokaryotic species; 11.8 million variant positions identified; 42 species across five phyla used for confident SNV tracking; Subjects had not used antibiotics or other medication for at least 3 months before or during treatment"
27126044,No,3,Month,Donor-specific SNV retention (determinant positions); SNV assignment error rate; Proportion of acquired donor-specific species (allogenic FMT); Proportion of newly detected species (placebo); Proportion of newly detected species (healthy); Species shared between donor and recipient; Coexistence of donor and recipient strains (shared species); Species showing resistance to donor strains; Species showing donor-recipient strain coexistence,%; %; %; %; %; %; %; %; %,69.3 ± 21.8 (day 2); 37.6 ± 16.6 (3 months); 11.9; not clearly separated from placebo/healthy fluctuation range in 4/5 cases; 20.8 ± 5.5; 17.7 ± 10.9; 64.5 ± 6.0; 50.7 ± 10.1; 39 ± 23; 44 ± 14,feces,2009/2010,Netherlands,Metabolic syndrome,Metabolic syndrome,Species composition change above range of temporal variation (Euclidean distance); Higher single-site allelic variation in allogenic FMT vs placebo/healthy,FMT1; FMT2; FMT3; FMT4; FMT5; SELF1; SELF2; SELF3; SELF4; SELF5,Homo sapiens,ERR1297851,SAMEA3882523,Illumina HiSeq 2000,allogenic FMT / placebo (autologous) FMT / healthy control,FAT_014-22-0-0,metabolic syndrome,Fecal microbiota transplantation,"Cohort of 10 subjects: 5 allogenic FMT (from one of three lean donors), 5 autologous (placebo) FMT; 55 fecal metagenomes sequenced from FMT study; 164 total metagenomes across three study groups; Comparison cohort: 109 metagenomes from 48 healthy FMT-naive individuals including Human Microbiome Project data; 1105 detected prokaryotic species; 11.8 million variant positions identified; 42 species across five phyla used for confident SNV tracking; Subjects had not used antibiotics or other medication for at least 3 months before or during treatment"
27126044,No,3,Month,Donor-specific SNV retention (determinant positions); SNV assignment error rate; Proportion of acquired donor-specific species (allogenic FMT); Proportion of newly detected species (placebo); Proportion of newly detected species (healthy); Species shared between donor and recipient; Coexistence of donor and recipient strains (shared species); Species showing resistance to donor strains; Species showing donor-recipient strain coexistence,%; %; %; %; %; %; %; %; %,69.3 ± 21.8 (day 2); 37.6 ± 16.6 (3 months); 11.9; not clearly separated from placebo/healthy fluctuation range in 4/5 cases; 20.8 ± 5.5; 17.7 ± 10.9; 64.5 ± 6.0; 50.7 ± 10.1; 39 ± 23; 44 ± 14,feces,2009/2010,Netherlands,Metabolic syndrome,Metabolic syndrome,Species composition change above range of temporal variation (Euclidean distance); Higher single-site allelic variation in allogenic FMT vs placebo/healthy,FMT1; FMT2; FMT3; FMT4; FMT5; SELF1; SELF2; SELF3; SELF4; SELF5,Homo sapiens,ERR1297423,SAMEA3882556,Illumina HiSeq 2000,allogenic FMT / placebo (autologous) FMT / healthy control,FAT_DON_19-22-0-0,metabolic syndrome,Fecal microbiota transplantation,"Cohort of 10 subjects: 5 allogenic FMT (from one of three lean donors), 5 autologous (placebo) FMT; 55 fecal metagenomes sequenced from FMT study; 164 total metagenomes across three study groups; Comparison cohort: 109 metagenomes from 48 healthy FMT-naive individuals including Human Microbiome Project data; 1105 detected prokaryotic species; 11.8 million variant positions identified; 42 species across five phyla used for confident SNV tracking; Subjects had not used antibiotics or other medication for at least 3 months before or during treatment"
27126044,No,3,Month,Donor-specific SNV retention (determinant positions); SNV assignment error rate; Proportion of acquired donor-specific species (allogenic FMT); Proportion of newly detected species (placebo); Proportion of newly detected species (healthy); Species shared between donor and recipient; Coexistence of donor and recipient strains (shared species); Species showing resistance to donor strains; Species showing donor-recipient strain coexistence,%; %; %; %; %; %; %; %; %,69.3 ± 21.8 (day 2); 37.6 ± 16.6 (3 months); 11.9; not clearly separated from placebo/healthy fluctuation range in 4/5 cases; 20.8 ± 5.5; 17.7 ± 10.9; 64.5 ± 6.0; 50.7 ± 10.1; 39 ± 23; 44 ± 14,feces,2009/2010,Netherlands,Metabolic syndrome,Metabolic syndrome,Species composition change above range of temporal variation (Euclidean distance); Higher single-site allelic variation in allogenic FMT vs placebo/healthy,FMT1; FMT2; FMT3; FMT4; FMT5; SELF1; SELF2; SELF3; SELF4; SELF5,Homo sapiens,ERR1297425,SAMEA3882539,Illumina HiSeq 2000,allogenic FMT / placebo (autologous) FMT / healthy control,FAT_020-22-14-0,metabolic syndrome,Fecal microbiota transplantation,"Cohort of 10 subjects: 5 allogenic FMT (from one of three lean donors), 5 autologous (placebo) FMT; 55 fecal metagenomes sequenced from FMT study; 164 total metagenomes across three study groups; Comparison cohort: 109 metagenomes from 48 healthy FMT-naive individuals including Human Microbiome Project data; 1105 detected prokaryotic species; 11.8 million variant positions identified; 42 species across five phyla used for confident SNV tracking; Subjects had not used antibiotics or other medication for at least 3 months before or during treatment"
27126044,No,3,Month,Donor-specific SNV retention (determinant positions); SNV assignment error rate; Proportion of acquired donor-specific species (allogenic FMT); Proportion of newly detected species (placebo); Proportion of newly detected species (healthy); Species shared between donor and recipient; Coexistence of donor and recipient strains (shared species); Species showing resistance to donor strains; Species showing donor-recipient strain coexistence,%; %; %; %; %; %; %; %; %,69.3 ± 21.8 (day 2); 37.6 ± 16.6 (3 months); 11.9; not clearly separated from placebo/healthy fluctuation range in 4/5 cases; 20.8 ± 5.5; 17.7 ± 10.9; 64.5 ± 6.0; 50.7 ± 10.1; 39 ± 23; 44 ± 14,feces,2009/2010,Netherlands,Metabolic syndrome,Metabolic syndrome,Species composition change above range of temporal variation (Euclidean distance); Higher single-site allelic variation in allogenic FMT vs placebo/healthy,FMT1; FMT2; FMT3; FMT4; FMT5; SELF1; SELF2; SELF3; SELF4; SELF5,Homo sapiens,ERR1297428,SAMEA3882557,Illumina HiSeq 2000,allogenic FMT / placebo (autologous) FMT / healthy control,FAT_DON_8-22-0-0,metabolic syndrome,Fecal microbiota transplantation,"Cohort of 10 subjects: 5 allogenic FMT (from one of three lean donors), 5 autologous (placebo) FMT; 55 fecal metagenomes sequenced from FMT study; 164 total metagenomes across three study groups; Comparison cohort: 109 metagenomes from 48 healthy FMT-naive individuals including Human Microbiome Project data; 1105 detected prokaryotic species; 11.8 million variant positions identified; 42 species across five phyla used for confident SNV tracking; Subjects had not used antibiotics or other medication for at least 3 months before or during treatment"
27126044,No,3,Month,Donor-specific SNV retention (determinant positions); SNV assignment error rate; Proportion of acquired donor-specific species (allogenic FMT); Proportion of newly detected species (placebo); Proportion of newly detected species (healthy); Species shared between donor and recipient; Coexistence of donor and recipient strains (shared species); Species showing resistance to donor strains; Species showing donor-recipient strain coexistence,%; %; %; %; %; %; %; %; %,69.3 ± 21.8 (day 2); 37.6 ± 16.6 (3 months); 11.9; not clearly separated from placebo/healthy fluctuation range in 4/5 cases; 20.8 ± 5.5; 17.7 ± 10.9; 64.5 ± 6.0; 50.7 ± 10.1; 39 ± 23; 44 ± 14,feces,2009/2010,Netherlands,Metabolic syndrome,Metabolic syndrome,Species composition change above range of temporal variation (Euclidean distance); Higher single-site allelic variation in allogenic FMT vs placebo/healthy,FMT1; FMT2; FMT3; FMT4; FMT5; SELF1; SELF2; SELF3; SELF4; SELF5,Homo sapiens,ERR1297429,SAMEA3882509,Illumina HiSeq 2000,allogenic FMT / placebo (autologous) FMT / healthy control,FAT_008-22-14-0,metabolic syndrome,Fecal microbiota transplantation,"Cohort of 10 subjects: 5 allogenic FMT (from one of three lean donors), 5 autologous (placebo) FMT; 55 fecal metagenomes sequenced from FMT study; 164 total metagenomes across three study groups; Comparison cohort: 109 metagenomes from 48 healthy FMT-naive individuals including Human Microbiome Project data; 1105 detected prokaryotic species; 11.8 million variant positions identified; 42 species across five phyla used for confident SNV tracking; Subjects had not used antibiotics or other medication for at least 3 months before or during treatment"
27126044,No,3,Month,Donor-specific SNV retention (determinant positions); SNV assignment error rate; Proportion of acquired donor-specific species (allogenic FMT); Proportion of newly detected species (placebo); Proportion of newly detected species (healthy); Species shared between donor and recipient; Coexistence of donor and recipient strains (shared species); Species showing resistance to donor strains; Species showing donor-recipient strain coexistence,%; %; %; %; %; %; %; %; %,69.3 ± 21.8 (day 2); 37.6 ± 16.6 (3 months); 11.9; not clearly separated from placebo/healthy fluctuation range in 4/5 cases; 20.8 ± 5.5; 17.7 ± 10.9; 64.5 ± 6.0; 50.7 ± 10.1; 39 ± 23; 44 ± 14,feces,2009/2010,Netherlands,Metabolic syndrome,Metabolic syndrome,Species composition change above range of temporal variation (Euclidean distance); Higher single-site allelic variation in allogenic FMT vs placebo/healthy,FMT1; FMT2; FMT3; FMT4; FMT5; SELF1; SELF2; SELF3; SELF4; SELF5,Homo sapiens,ERR1297434,SAMEA3882510,Illumina HiSeq 2000,allogenic FMT / placebo (autologous) FMT / healthy control,FAT_008-22-2-0,metabolic syndrome,Fecal microbiota transplantation,"Cohort of 10 subjects: 5 allogenic FMT (from one of three lean donors), 5 autologous (placebo) FMT; 55 fecal metagenomes sequenced from FMT study; 164 total metagenomes across three study groups; Comparison cohort: 109 metagenomes from 48 healthy FMT-naive individuals including Human Microbiome Project data; 1105 detected prokaryotic species; 11.8 million variant positions identified; 42 species across five phyla used for confident SNV tracking; Subjects had not used antibiotics or other medication for at least 3 months before or during treatment"
27126044,No,3,Month,Donor-specific SNV retention (determinant positions); SNV assignment error rate; Proportion of acquired donor-specific species (allogenic FMT); Proportion of newly detected species (placebo); Proportion of newly detected species (healthy); Species shared between donor and recipient; Coexistence of donor and recipient strains (shared species); Species showing resistance to donor strains; Species showing donor-recipient strain coexistence,%; %; %; %; %; %; %; %; %,69.3 ± 21.8 (day 2); 37.6 ± 16.6 (3 months); 11.9; not clearly separated from placebo/healthy fluctuation range in 4/5 cases; 20.8 ± 5.5; 17.7 ± 10.9; 64.5 ± 6.0; 50.7 ± 10.1; 39 ± 23; 44 ± 14,feces,2009/2010,Netherlands,Metabolic syndrome,Metabolic syndrome,Species composition change above range of temporal variation (Euclidean distance); Higher single-site allelic variation in allogenic FMT vs placebo/healthy,FMT1; FMT2; FMT3; FMT4; FMT5; SELF1; SELF2; SELF3; SELF4; SELF5,Homo sapiens,ERR1297436,SAMEA3882509,Illumina HiSeq 2000,allogenic FMT / placebo (autologous) FMT / healthy control,FAT_008-22-14-0,metabolic syndrome,Fecal microbiota transplantation,"Cohort of 10 subjects: 5 allogenic FMT (from one of three lean donors), 5 autologous (placebo) FMT; 55 fecal metagenomes sequenced from FMT study; 164 total metagenomes across three study groups; Comparison cohort: 109 metagenomes from 48 healthy FMT-naive individuals including Human Microbiome Project data; 1105 detected prokaryotic species; 11.8 million variant positions identified; 42 species across five phyla used for confident SNV tracking; Subjects had not used antibiotics or other medication for at least 3 months before or during treatment"
27126044,No,3,Month,Donor-specific SNV retention (determinant positions); SNV assignment error rate; Proportion of acquired donor-specific species (allogenic FMT); Proportion of newly detected species (placebo); Proportion of newly detected species (healthy); Species shared between donor and recipient; Coexistence of donor and recipient strains (shared species); Species showing resistance to donor strains; Species showing donor-recipient strain coexistence,%; %; %; %; %; %; %; %; %,69.3 ± 21.8 (day 2); 37.6 ± 16.6 (3 months); 11.9; not clearly separated from placebo/healthy fluctuation range in 4/5 cases; 20.8 ± 5.5; 17.7 ± 10.9; 64.5 ± 6.0; 50.7 ± 10.1; 39 ± 23; 44 ± 14,feces,2009/2010,Netherlands,Metabolic syndrome,Metabolic syndrome,Species composition change above range of temporal variation (Euclidean distance); Higher single-site allelic variation in allogenic FMT vs placebo/healthy,FMT1; FMT2; FMT3; FMT4; FMT5; SELF1; SELF2; SELF3; SELF4; SELF5,Homo sapiens,ERR1297437,SAMEA3882538,Illumina HiSeq 2000,allogenic FMT / placebo (autologous) FMT / healthy control,FAT_020-22-0-0,metabolic syndrome,Fecal microbiota transplantation,"Cohort of 10 subjects: 5 allogenic FMT (from one of three lean donors), 5 autologous (placebo) FMT; 55 fecal metagenomes sequenced from FMT study; 164 total metagenomes across three study groups; Comparison cohort: 109 metagenomes from 48 healthy FMT-naive individuals including Human Microbiome Project data; 1105 detected prokaryotic species; 11.8 million variant positions identified; 42 species across five phyla used for confident SNV tracking; Subjects had not used antibiotics or other medication for at least 3 months before or during treatment"
27126044,No,3,Month,Donor-specific SNV retention (determinant positions); SNV assignment error rate; Proportion of acquired donor-specific species (allogenic FMT); Proportion of newly detected species (placebo); Proportion of newly detected species (healthy); Species shared between donor and recipient; Coexistence of donor and recipient strains (shared species); Species showing resistance to donor strains; Species showing donor-recipient strain coexistence,%; %; %; %; %; %; %; %; %,69.3 ± 21.8 (day 2); 37.6 ± 16.6 (3 months); 11.9; not clearly separated from placebo/healthy fluctuation range in 4/5 cases; 20.8 ± 5.5; 17.7 ± 10.9; 64.5 ± 6.0; 50.7 ± 10.1; 39 ± 23; 44 ± 14,feces,2009/2010,Netherlands,Metabolic syndrome,Metabolic syndrome,Species composition change above range of temporal variation (Euclidean distance); Higher single-site allelic variation in allogenic FMT vs placebo/healthy,FMT1; FMT2; FMT3; FMT4; FMT5; SELF1; SELF2; SELF3; SELF4; SELF5,Homo sapiens,ERR1297438,SAMEA3882535,Illumina HiSeq 2000,allogenic FMT / placebo (autologous) FMT / healthy control,FAT_017-22-2-0,metabolic syndrome,Fecal microbiota transplantation,"Cohort of 10 subjects: 5 allogenic FMT (from one of three lean donors), 5 autologous (placebo) FMT; 55 fecal metagenomes sequenced from FMT study; 164 total metagenomes across three study groups; Comparison cohort: 109 metagenomes from 48 healthy FMT-naive individuals including Human Microbiome Project data; 1105 detected prokaryotic species; 11.8 million variant positions identified; 42 species across five phyla used for confident SNV tracking; Subjects had not used antibiotics or other medication for at least 3 months before or during treatment"
27126044,No,3,Month,Donor-specific SNV retention (determinant positions); SNV assignment error rate; Proportion of acquired donor-specific species (allogenic FMT); Proportion of newly detected species (placebo); Proportion of newly detected species (healthy); Species shared between donor and recipient; Coexistence of donor and recipient strains (shared species); Species showing resistance to donor strains; Species showing donor-recipient strain coexistence,%; %; %; %; %; %; %; %; %,69.3 ± 21.8 (day 2); 37.6 ± 16.6 (3 months); 11.9; not clearly separated from placebo/healthy fluctuation range in 4/5 cases; 20.8 ± 5.5; 17.7 ± 10.9; 64.5 ± 6.0; 50.7 ± 10.1; 39 ± 23; 44 ± 14,feces,2009/2010,Netherlands,Metabolic syndrome,Metabolic syndrome,Species composition change above range of temporal variation (Euclidean distance); Higher single-site allelic variation in allogenic FMT vs placebo/healthy,FMT1; FMT2; FMT3; FMT4; FMT5; SELF1; SELF2; SELF3; SELF4; SELF5,Homo sapiens,ERR1297443,SAMEA3882526,Illumina HiSeq 2000,allogenic FMT / placebo (autologous) FMT / healthy control,FAT_014-22-42-0,metabolic syndrome,Fecal microbiota transplantation,"Cohort of 10 subjects: 5 allogenic FMT (from one of three lean donors), 5 autologous (placebo) FMT; 55 fecal metagenomes sequenced from FMT study; 164 total metagenomes across three study groups; Comparison cohort: 109 metagenomes from 48 healthy FMT-naive individuals including Human Microbiome Project data; 1105 detected prokaryotic species; 11.8 million variant positions identified; 42 species across five phyla used for confident SNV tracking; Subjects had not used antibiotics or other medication for at least 3 months before or during treatment"
27126044,No,3,Month,Donor-specific SNV retention (determinant positions); SNV assignment error rate; Proportion of acquired donor-specific species (allogenic FMT); Proportion of newly detected species (placebo); Proportion of newly detected species (healthy); Species shared between donor and recipient; Coexistence of donor and recipient strains (shared species); Species showing resistance to donor strains; Species showing donor-recipient strain coexistence,%; %; %; %; %; %; %; %; %,69.3 ± 21.8 (day 2); 37.6 ± 16.6 (3 months); 11.9; not clearly separated from placebo/healthy fluctuation range in 4/5 cases; 20.8 ± 5.5; 17.7 ± 10.9; 64.5 ± 6.0; 50.7 ± 10.1; 39 ± 23; 44 ± 14,feces,2009/2010,Netherlands,Metabolic syndrome,Metabolic syndrome,Species composition change above range of temporal variation (Euclidean distance); Higher single-site allelic variation in allogenic FMT vs placebo/healthy,FMT1; FMT2; FMT3; FMT4; FMT5; SELF1; SELF2; SELF3; SELF4; SELF5,Homo sapiens,ERR1297444,SAMEA3882546,Illumina HiSeq 2000,allogenic FMT / placebo (autologous) FMT / healthy control,FAT_023-22-42-0,metabolic syndrome,Fecal microbiota transplantation,"Cohort of 10 subjects: 5 allogenic FMT (from one of three lean donors), 5 autologous (placebo) FMT; 55 fecal metagenomes sequenced from FMT study; 164 total metagenomes across three study groups; Comparison cohort: 109 metagenomes from 48 healthy FMT-naive individuals including Human Microbiome Project data; 1105 detected prokaryotic species; 11.8 million variant positions identified; 42 species across five phyla used for confident SNV tracking; Subjects had not used antibiotics or other medication for at least 3 months before or during treatment"
27126044,No,3,Month,Donor-specific SNV retention (determinant positions); SNV assignment error rate; Proportion of acquired donor-specific species (allogenic FMT); Proportion of newly detected species (placebo); Proportion of newly detected species (healthy); Species shared between donor and recipient; Coexistence of donor and recipient strains (shared species); Species showing resistance to donor strains; Species showing donor-recipient strain coexistence,%; %; %; %; %; %; %; %; %,69.3 ± 21.8 (day 2); 37.6 ± 16.6 (3 months); 11.9; not clearly separated from placebo/healthy fluctuation range in 4/5 cases; 20.8 ± 5.5; 17.7 ± 10.9; 64.5 ± 6.0; 50.7 ± 10.1; 39 ± 23; 44 ± 14,feces,2009/2010,Netherlands,Metabolic syndrome,Metabolic syndrome,Species composition change above range of temporal variation (Euclidean distance); Higher single-site allelic variation in allogenic FMT vs placebo/healthy,FMT1; FMT2; FMT3; FMT4; FMT5; SELF1; SELF2; SELF3; SELF4; SELF5,Homo sapiens,ERR1297446,SAMEA3882508,Illumina HiSeq 2000,allogenic FMT / placebo (autologous) FMT / healthy control,FAT_008-22-0-0,metabolic syndrome,Fecal microbiota transplantation,"Cohort of 10 subjects: 5 allogenic FMT (from one of three lean donors), 5 autologous (placebo) FMT; 55 fecal metagenomes sequenced from FMT study; 164 total metagenomes across three study groups; Comparison cohort: 109 metagenomes from 48 healthy FMT-naive individuals including Human Microbiome Project data; 1105 detected prokaryotic species; 11.8 million variant positions identified; 42 species across five phyla used for confident SNV tracking; Subjects had not used antibiotics or other medication for at least 3 months before or during treatment"
27126044,No,3,Month,Donor-specific SNV retention (determinant positions); SNV assignment error rate; Proportion of acquired donor-specific species (allogenic FMT); Proportion of newly detected species (placebo); Proportion of newly detected species (healthy); Species shared between donor and recipient; Coexistence of donor and recipient strains (shared species); Species showing resistance to donor strains; Species showing donor-recipient strain coexistence,%; %; %; %; %; %; %; %; %,69.3 ± 21.8 (day 2); 37.6 ± 16.6 (3 months); 11.9; not clearly separated from placebo/healthy fluctuation range in 4/5 cases; 20.8 ± 5.5; 17.7 ± 10.9; 64.5 ± 6.0; 50.7 ± 10.1; 39 ± 23; 44 ± 14,feces,2009/2010,Netherlands,Metabolic syndrome,Metabolic syndrome,Species composition change above range of temporal variation (Euclidean distance); Higher single-site allelic variation in allogenic FMT vs placebo/healthy,FMT1; FMT2; FMT3; FMT4; FMT5; SELF1; SELF2; SELF3; SELF4; SELF5,Homo sapiens,ERR1297453,SAMEA3882542,Illumina HiSeq 2000,allogenic FMT / placebo (autologous) FMT / healthy control,FAT_020-22-84-0,metabolic syndrome,Fecal microbiota transplantation,"Cohort of 10 subjects: 5 allogenic FMT (from one of three lean donors), 5 autologous (placebo) FMT; 55 fecal metagenomes sequenced from FMT study; 164 total metagenomes across three study groups; Comparison cohort: 109 metagenomes from 48 healthy FMT-naive individuals including Human Microbiome Project data; 1105 detected prokaryotic species; 11.8 million variant positions identified; 42 species across five phyla used for confident SNV tracking; Subjects had not used antibiotics or other medication for at least 3 months before or during treatment"
27126044,No,3,Month,Donor-specific SNV retention (determinant positions); SNV assignment error rate; Proportion of acquired donor-specific species (allogenic FMT); Proportion of newly detected species (placebo); Proportion of newly detected species (healthy); Species shared between donor and recipient; Coexistence of donor and recipient strains (shared species); Species showing resistance to donor strains; Species showing donor-recipient strain coexistence,%; %; %; %; %; %; %; %; %,69.3 ± 21.8 (day 2); 37.6 ± 16.6 (3 months); 11.9; not clearly separated from placebo/healthy fluctuation range in 4/5 cases; 20.8 ± 5.5; 17.7 ± 10.9; 64.5 ± 6.0; 50.7 ± 10.1; 39 ± 23; 44 ± 14,feces,2009/2010,Netherlands,Metabolic syndrome,Metabolic syndrome,Species composition change above range of temporal variation (Euclidean distance); Higher single-site allelic variation in allogenic FMT vs placebo/healthy,FMT1; FMT2; FMT3; FMT4; FMT5; SELF1; SELF2; SELF3; SELF4; SELF5,Homo sapiens,ERR1297454,SAMEA3882533,Illumina HiSeq 2000,allogenic FMT / placebo (autologous) FMT / healthy control,FAT_017-22-0-0,metabolic syndrome,Fecal microbiota transplantation,"Cohort of 10 subjects: 5 allogenic FMT (from one of three lean donors), 5 autologous (placebo) FMT; 55 fecal metagenomes sequenced from FMT study; 164 total metagenomes across three study groups; Comparison cohort: 109 metagenomes from 48 healthy FMT-naive individuals including Human Microbiome Project data; 1105 detected prokaryotic species; 11.8 million variant positions identified; 42 species across five phyla used for confident SNV tracking; Subjects had not used antibiotics or other medication for at least 3 months before or during treatment"
27126044,No,3,Month,Donor-specific SNV retention (determinant positions); SNV assignment error rate; Proportion of acquired donor-specific species (allogenic FMT); Proportion of newly detected species (placebo); Proportion of newly detected species (healthy); Species shared between donor and recipient; Coexistence of donor and recipient strains (shared species); Species showing resistance to donor strains; Species showing donor-recipient strain coexistence,%; %; %; %; %; %; %; %; %,69.3 ± 21.8 (day 2); 37.6 ± 16.6 (3 months); 11.9; not clearly separated from placebo/healthy fluctuation range in 4/5 cases; 20.8 ± 5.5; 17.7 ± 10.9; 64.5 ± 6.0; 50.7 ± 10.1; 39 ± 23; 44 ± 14,feces,2009/2010,Netherlands,Metabolic syndrome,Metabolic syndrome,Species composition change above range of temporal variation (Euclidean distance); Higher single-site allelic variation in allogenic FMT vs placebo/healthy,FMT1; FMT2; FMT3; FMT4; FMT5; SELF1; SELF2; SELF3; SELF4; SELF5,Homo sapiens,ERR1297455,SAMEA3882537,Illumina HiSeq 2000,allogenic FMT / placebo (autologous) FMT / healthy control,FAT_017-22-84-0,metabolic syndrome,Fecal microbiota transplantation,"Cohort of 10 subjects: 5 allogenic FMT (from one of three lean donors), 5 autologous (placebo) FMT; 55 fecal metagenomes sequenced from FMT study; 164 total metagenomes across three study groups; Comparison cohort: 109 metagenomes from 48 healthy FMT-naive individuals including Human Microbiome Project data; 1105 detected prokaryotic species; 11.8 million variant positions identified; 42 species across five phyla used for confident SNV tracking; Subjects had not used antibiotics or other medication for at least 3 months before or during treatment"
27126044,No,3,Month,Donor-specific SNV retention (determinant positions); SNV assignment error rate; Proportion of acquired donor-specific species (allogenic FMT); Proportion of newly detected species (placebo); Proportion of newly detected species (healthy); Species shared between donor and recipient; Coexistence of donor and recipient strains (shared species); Species showing resistance to donor strains; Species showing donor-recipient strain coexistence,%; %; %; %; %; %; %; %; %,69.3 ± 21.8 (day 2); 37.6 ± 16.6 (3 months); 11.9; not clearly separated from placebo/healthy fluctuation range in 4/5 cases; 20.8 ± 5.5; 17.7 ± 10.9; 64.5 ± 6.0; 50.7 ± 10.1; 39 ± 23; 44 ± 14,feces,2009/2010,Netherlands,Metabolic syndrome,Metabolic syndrome,Species composition change above range of temporal variation (Euclidean distance); Higher single-site allelic variation in allogenic FMT vs placebo/healthy,FMT1; FMT2; FMT3; FMT4; FMT5; SELF1; SELF2; SELF3; SELF4; SELF5,Homo sapiens,ERR1297460,SAMEA3882515,Illumina HiSeq 2000,allogenic FMT / placebo (autologous) FMT / healthy control,FAT_010-22-2-0,metabolic syndrome,Fecal microbiota transplantation,"Cohort of 10 subjects: 5 allogenic FMT (from one of three lean donors), 5 autologous (placebo) FMT; 55 fecal metagenomes sequenced from FMT study; 164 total metagenomes across three study groups; Comparison cohort: 109 metagenomes from 48 healthy FMT-naive individuals including Human Microbiome Project data; 1105 detected prokaryotic species; 11.8 million variant positions identified; 42 species across five phyla used for confident SNV tracking; Subjects had not used antibiotics or other medication for at least 3 months before or during treatment"
27126044,No,3,Month,Donor-specific SNV retention (determinant positions); SNV assignment error rate; Proportion of acquired donor-specific species (allogenic FMT); Proportion of newly detected species (placebo); Proportion of newly detected species (healthy); Species shared between donor and recipient; Coexistence of donor and recipient strains (shared species); Species showing resistance to donor strains; Species showing donor-recipient strain coexistence,%; %; %; %; %; %; %; %; %,69.3 ± 21.8 (day 2); 37.6 ± 16.6 (3 months); 11.9; not clearly separated from placebo/healthy fluctuation range in 4/5 cases; 20.8 ± 5.5; 17.7 ± 10.9; 64.5 ± 6.0; 50.7 ± 10.1; 39 ± 23; 44 ± 14,feces,2009/2010,Netherlands,Metabolic syndrome,Metabolic syndrome,Species composition change above range of temporal variation (Euclidean distance); Higher single-site allelic variation in allogenic FMT vs placebo/healthy,FMT1; FMT2; FMT3; FMT4; FMT5; SELF1; SELF2; SELF3; SELF4; SELF5,Homo sapiens,ERR1297462,SAMEA3882542,Illumina HiSeq 2000,allogenic FMT / placebo (autologous) FMT / healthy control,FAT_020-22-84-0,metabolic syndrome,Fecal microbiota transplantation,"Cohort of 10 subjects: 5 allogenic FMT (from one of three lean donors), 5 autologous (placebo) FMT; 55 fecal metagenomes sequenced from FMT study; 164 total metagenomes across three study groups; Comparison cohort: 109 metagenomes from 48 healthy FMT-naive individuals including Human Microbiome Project data; 1105 detected prokaryotic species; 11.8 million variant positions identified; 42 species across five phyla used for confident SNV tracking; Subjects had not used antibiotics or other medication for at least 3 months before or during treatment"
27126044,No,3,Month,Donor-specific SNV retention (determinant positions); SNV assignment error rate; Proportion of acquired donor-specific species (allogenic FMT); Proportion of newly detected species (placebo); Proportion of newly detected species (healthy); Species shared between donor and recipient; Coexistence of donor and recipient strains (shared species); Species showing resistance to donor strains; Species showing donor-recipient strain coexistence,%; %; %; %; %; %; %; %; %,69.3 ± 21.8 (day 2); 37.6 ± 16.6 (3 months); 11.9; not clearly separated from placebo/healthy fluctuation range in 4/5 cases; 20.8 ± 5.5; 17.7 ± 10.9; 64.5 ± 6.0; 50.7 ± 10.1; 39 ± 23; 44 ± 14,feces,2009/2010,Netherlands,Metabolic syndrome,Metabolic syndrome,Species composition change above range of temporal variation (Euclidean distance); Higher single-site allelic variation in allogenic FMT vs placebo/healthy,FMT1; FMT2; FMT3; FMT4; FMT5; SELF1; SELF2; SELF3; SELF4; SELF5,Homo sapiens,ERR1297468,SAMEA3882527,Illumina HiSeq 2000,allogenic FMT / placebo (autologous) FMT / healthy control,FAT_014-22-84-0,metabolic syndrome,Fecal microbiota transplantation,"Cohort of 10 subjects: 5 allogenic FMT (from one of three lean donors), 5 autologous (placebo) FMT; 55 fecal metagenomes sequenced from FMT study; 164 total metagenomes across three study groups; Comparison cohort: 109 metagenomes from 48 healthy FMT-naive individuals including Human Microbiome Project data; 1105 detected prokaryotic species; 11.8 million variant positions identified; 42 species across five phyla used for confident SNV tracking; Subjects had not used antibiotics or other medication for at least 3 months before or during treatment"
27126044,No,3,Month,Donor-specific SNV retention (determinant positions); SNV assignment error rate; Proportion of acquired donor-specific species (allogenic FMT); Proportion of newly detected species (placebo); Proportion of newly detected species (healthy); Species shared between donor and recipient; Coexistence of donor and recipient strains (shared species); Species showing resistance to donor strains; Species showing donor-recipient strain coexistence,%; %; %; %; %; %; %; %; %,69.3 ± 21.8 (day 2); 37.6 ± 16.6 (3 months); 11.9; not clearly separated from placebo/healthy fluctuation range in 4/5 cases; 20.8 ± 5.5; 17.7 ± 10.9; 64.5 ± 6.0; 50.7 ± 10.1; 39 ± 23; 44 ± 14,feces,2009/2010,Netherlands,Metabolic syndrome,Metabolic syndrome,Species composition change above range of temporal variation (Euclidean distance); Higher single-site allelic variation in allogenic FMT vs placebo/healthy,FMT1; FMT2; FMT3; FMT4; FMT5; SELF1; SELF2; SELF3; SELF4; SELF5,Homo sapiens,ERR1297469,SAMEA3882522,Illumina HiSeq 2000,allogenic FMT / placebo (autologous) FMT / healthy control,FAT_012-22-84-0,metabolic syndrome,Fecal microbiota transplantation,"Cohort of 10 subjects: 5 allogenic FMT (from one of three lean donors), 5 autologous (placebo) FMT; 55 fecal metagenomes sequenced from FMT study; 164 total metagenomes across three study groups; Comparison cohort: 109 metagenomes from 48 healthy FMT-naive individuals including Human Microbiome Project data; 1105 detected prokaryotic species; 11.8 million variant positions identified; 42 species across five phyla used for confident SNV tracking; Subjects had not used antibiotics or other medication for at least 3 months before or during treatment"
27126044,No,3,Month,Donor-specific SNV retention (determinant positions); SNV assignment error rate; Proportion of acquired donor-specific species (allogenic FMT); Proportion of newly detected species (placebo); Proportion of newly detected species (healthy); Species shared between donor and recipient; Coexistence of donor and recipient strains (shared species); Species showing resistance to donor strains; Species showing donor-recipient strain coexistence,%; %; %; %; %; %; %; %; %,69.3 ± 21.8 (day 2); 37.6 ± 16.6 (3 months); 11.9; not clearly separated from placebo/healthy fluctuation range in 4/5 cases; 20.8 ± 5.5; 17.7 ± 10.9; 64.5 ± 6.0; 50.7 ± 10.1; 39 ± 23; 44 ± 14,feces,2009/2010,Netherlands,Metabolic syndrome,Metabolic syndrome,Species composition change above range of temporal variation (Euclidean distance); Higher single-site allelic variation in allogenic FMT vs placebo/healthy,FMT1; FMT2; FMT3; FMT4; FMT5; SELF1; SELF2; SELF3; SELF4; SELF5,Homo sapiens,ERR1297470,SAMEA3882528,Illumina HiSeq 2000,allogenic FMT / placebo (autologous) FMT / healthy control,FAT_015-22-0-0,metabolic syndrome,Fecal microbiota transplantation,"Cohort of 10 subjects: 5 allogenic FMT (from one of three lean donors), 5 autologous (placebo) FMT; 55 fecal metagenomes sequenced from FMT study; 164 total metagenomes across three study groups; Comparison cohort: 109 metagenomes from 48 healthy FMT-naive individuals including Human Microbiome Project data; 1105 detected prokaryotic species; 11.8 million variant positions identified; 42 species across five phyla used for confident SNV tracking; Subjects had not used antibiotics or other medication for at least 3 months before or during treatment"
27126044,No,3,Month,Donor-specific SNV retention (determinant positions); SNV assignment error rate; Proportion of acquired donor-specific species (allogenic FMT); Proportion of newly detected species (placebo); Proportion of newly detected species (healthy); Species shared between donor and recipient; Coexistence of donor and recipient strains (shared species); Species showing resistance to donor strains; Species showing donor-recipient strain coexistence,%; %; %; %; %; %; %; %; %,69.3 ± 21.8 (day 2); 37.6 ± 16.6 (3 months); 11.9; not clearly separated from placebo/healthy fluctuation range in 4/5 cases; 20.8 ± 5.5; 17.7 ± 10.9; 64.5 ± 6.0; 50.7 ± 10.1; 39 ± 23; 44 ± 14,feces,2009/2010,Netherlands,Metabolic syndrome,Metabolic syndrome,Species composition change above range of temporal variation (Euclidean distance); Higher single-site allelic variation in allogenic FMT vs placebo/healthy,FMT1; FMT2; FMT3; FMT4; FMT5; SELF1; SELF2; SELF3; SELF4; SELF5,Homo sapiens,ERR1297473,SAMEA3882541,Illumina HiSeq 2000,allogenic FMT / placebo (autologous) FMT / healthy control,FAT_020-22-42-0,metabolic syndrome,Fecal microbiota transplantation,"Cohort of 10 subjects: 5 allogenic FMT (from one of three lean donors), 5 autologous (placebo) FMT; 55 fecal metagenomes sequenced from FMT study; 164 total metagenomes across three study groups; Comparison cohort: 109 metagenomes from 48 healthy FMT-naive individuals including Human Microbiome Project data; 1105 detected prokaryotic species; 11.8 million variant positions identified; 42 species across five phyla used for confident SNV tracking; Subjects had not used antibiotics or other medication for at least 3 months before or during treatment"
27126044,No,3,Month,Donor-specific SNV retention (determinant positions); SNV assignment error rate; Proportion of acquired donor-specific species (allogenic FMT); Proportion of newly detected species (placebo); Proportion of newly detected species (healthy); Species shared between donor and recipient; Coexistence of donor and recipient strains (shared species); Species showing resistance to donor strains; Species showing donor-recipient strain coexistence,%; %; %; %; %; %; %; %; %,69.3 ± 21.8 (day 2); 37.6 ± 16.6 (3 months); 11.9; not clearly separated from placebo/healthy fluctuation range in 4/5 cases; 20.8 ± 5.5; 17.7 ± 10.9; 64.5 ± 6.0; 50.7 ± 10.1; 39 ± 23; 44 ± 14,feces,2009/2010,Netherlands,Metabolic syndrome,Metabolic syndrome,Species composition change above range of temporal variation (Euclidean distance); Higher single-site allelic variation in allogenic FMT vs placebo/healthy,FMT1; FMT2; FMT3; FMT4; FMT5; SELF1; SELF2; SELF3; SELF4; SELF5,Homo sapiens,ERR1297475,SAMEA3882548,Illumina HiSeq 2000,allogenic FMT / placebo (autologous) FMT / healthy control,FAT_024-22-0-0,metabolic syndrome,Fecal microbiota transplantation,"Cohort of 10 subjects: 5 allogenic FMT (from one of three lean donors), 5 autologous (placebo) FMT; 55 fecal metagenomes sequenced from FMT study; 164 total metagenomes across three study groups; Comparison cohort: 109 metagenomes from 48 healthy FMT-naive individuals including Human Microbiome Project data; 1105 detected prokaryotic species; 11.8 million variant positions identified; 42 species across five phyla used for confident SNV tracking; Subjects had not used antibiotics or other medication for at least 3 months before or during treatment"
27126044,No,3,Month,Donor-specific SNV retention (determinant positions); SNV assignment error rate; Proportion of acquired donor-specific species (allogenic FMT); Proportion of newly detected species (placebo); Proportion of newly detected species (healthy); Species shared between donor and recipient; Coexistence of donor and recipient strains (shared species); Species showing resistance to donor strains; Species showing donor-recipient strain coexistence,%; %; %; %; %; %; %; %; %,69.3 ± 21.8 (day 2); 37.6 ± 16.6 (3 months); 11.9; not clearly separated from placebo/healthy fluctuation range in 4/5 cases; 20.8 ± 5.5; 17.7 ± 10.9; 64.5 ± 6.0; 50.7 ± 10.1; 39 ± 23; 44 ± 14,feces,2009/2010,Netherlands,Metabolic syndrome,Metabolic syndrome,Species composition change above range of temporal variation (Euclidean distance); Higher single-site allelic variation in allogenic FMT vs placebo/healthy,FMT1; FMT2; FMT3; FMT4; FMT5; SELF1; SELF2; SELF3; SELF4; SELF5,Homo sapiens,ERR1297480,SAMEA3882503,Illumina HiSeq 2000,allogenic FMT / placebo (autologous) FMT / healthy control,FAT_006-22-0-0,metabolic syndrome,Fecal microbiota transplantation,"Cohort of 10 subjects: 5 allogenic FMT (from one of three lean donors), 5 autologous (placebo) FMT; 55 fecal metagenomes sequenced from FMT study; 164 total metagenomes across three study groups; Comparison cohort: 109 metagenomes from 48 healthy FMT-naive individuals including Human Microbiome Project data; 1105 detected prokaryotic species; 11.8 million variant positions identified; 42 species across five phyla used for confident SNV tracking; Subjects had not used antibiotics or other medication for at least 3 months before or during treatment"
27126044,No,3,Month,Donor-specific SNV retention (determinant positions); SNV assignment error rate; Proportion of acquired donor-specific species (allogenic FMT); Proportion of newly detected species (placebo); Proportion of newly detected species (healthy); Species shared between donor and recipient; Coexistence of donor and recipient strains (shared species); Species showing resistance to donor strains; Species showing donor-recipient strain coexistence,%; %; %; %; %; %; %; %; %,69.3 ± 21.8 (day 2); 37.6 ± 16.6 (3 months); 11.9; not clearly separated from placebo/healthy fluctuation range in 4/5 cases; 20.8 ± 5.5; 17.7 ± 10.9; 64.5 ± 6.0; 50.7 ± 10.1; 39 ± 23; 44 ± 14,feces,2009/2010,Netherlands,Metabolic syndrome,Metabolic syndrome,Species composition change above range of temporal variation (Euclidean distance); Higher single-site allelic variation in allogenic FMT vs placebo/healthy,FMT1; FMT2; FMT3; FMT4; FMT5; SELF1; SELF2; SELF3; SELF4; SELF5,Homo sapiens,ERR1297490,SAMEA3882549,Illumina HiSeq 2000,allogenic FMT / placebo (autologous) FMT / healthy control,FAT_024-22-14-0,metabolic syndrome,Fecal microbiota transplantation,"Cohort of 10 subjects: 5 allogenic FMT (from one of three lean donors), 5 autologous (placebo) FMT; 55 fecal metagenomes sequenced from FMT study; 164 total metagenomes across three study groups; Comparison cohort: 109 metagenomes from 48 healthy FMT-naive individuals including Human Microbiome Project data; 1105 detected prokaryotic species; 11.8 million variant positions identified; 42 species across five phyla used for confident SNV tracking; Subjects had not used antibiotics or other medication for at least 3 months before or during treatment"
27126044,No,3,Month,Donor-specific SNV retention (determinant positions); SNV assignment error rate; Proportion of acquired donor-specific species (allogenic FMT); Proportion of newly detected species (placebo); Proportion of newly detected species (healthy); Species shared between donor and recipient; Coexistence of donor and recipient strains (shared species); Species showing resistance to donor strains; Species showing donor-recipient strain coexistence,%; %; %; %; %; %; %; %; %,69.3 ± 21.8 (day 2); 37.6 ± 16.6 (3 months); 11.9; not clearly separated from placebo/healthy fluctuation range in 4/5 cases; 20.8 ± 5.5; 17.7 ± 10.9; 64.5 ± 6.0; 50.7 ± 10.1; 39 ± 23; 44 ± 14,feces,2009/2010,Netherlands,Metabolic syndrome,Metabolic syndrome,Species composition change above range of temporal variation (Euclidean distance); Higher single-site allelic variation in allogenic FMT vs placebo/healthy,FMT1; FMT2; FMT3; FMT4; FMT5; SELF1; SELF2; SELF3; SELF4; SELF5,Homo sapiens,ERR1297496,SAMEA3882514,Illumina HiSeq 2000,allogenic FMT / placebo (autologous) FMT / healthy control,FAT_010-22-14-0,metabolic syndrome,Fecal microbiota transplantation,"Cohort of 10 subjects: 5 allogenic FMT (from one of three lean donors), 5 autologous (placebo) FMT; 55 fecal metagenomes sequenced from FMT study; 164 total metagenomes across three study groups; Comparison cohort: 109 metagenomes from 48 healthy FMT-naive individuals including Human Microbiome Project data; 1105 detected prokaryotic species; 11.8 million variant positions identified; 42 species across five phyla used for confident SNV tracking; Subjects had not used antibiotics or other medication for at least 3 months before or during treatment"
27126044,No,3,Month,Donor-specific SNV retention (determinant positions); SNV assignment error rate; Proportion of acquired donor-specific species (allogenic FMT); Proportion of newly detected species (placebo); Proportion of newly detected species (healthy); Species shared between donor and recipient; Coexistence of donor and recipient strains (shared species); Species showing resistance to donor strains; Species showing donor-recipient strain coexistence,%; %; %; %; %; %; %; %; %,69.3 ± 21.8 (day 2); 37.6 ± 16.6 (3 months); 11.9; not clearly separated from placebo/healthy fluctuation range in 4/5 cases; 20.8 ± 5.5; 17.7 ± 10.9; 64.5 ± 6.0; 50.7 ± 10.1; 39 ± 23; 44 ± 14,feces,2009/2010,Netherlands,Metabolic syndrome,Metabolic syndrome,Species composition change above range of temporal variation (Euclidean distance); Higher single-site allelic variation in allogenic FMT vs placebo/healthy,FMT1; FMT2; FMT3; FMT4; FMT5; SELF1; SELF2; SELF3; SELF4; SELF5,Homo sapiens,ERR1297499,SAMEA3882544,Illumina HiSeq 2000,allogenic FMT / placebo (autologous) FMT / healthy control,FAT_023-22-14-0,metabolic syndrome,Fecal microbiota transplantation,"Cohort of 10 subjects: 5 allogenic FMT (from one of three lean donors), 5 autologous (placebo) FMT; 55 fecal metagenomes sequenced from FMT study; 164 total metagenomes across three study groups; Comparison cohort: 109 metagenomes from 48 healthy FMT-naive individuals including Human Microbiome Project data; 1105 detected prokaryotic species; 11.8 million variant positions identified; 42 species across five phyla used for confident SNV tracking; Subjects had not used antibiotics or other medication for at least 3 months before or during treatment"
27126044,No,3,Month,Donor-specific SNV retention (determinant positions); SNV assignment error rate; Proportion of acquired donor-specific species (allogenic FMT); Proportion of newly detected species (placebo); Proportion of newly detected species (healthy); Species shared between donor and recipient; Coexistence of donor and recipient strains (shared species); Species showing resistance to donor strains; Species showing donor-recipient strain coexistence,%; %; %; %; %; %; %; %; %,69.3 ± 21.8 (day 2); 37.6 ± 16.6 (3 months); 11.9; not clearly separated from placebo/healthy fluctuation range in 4/5 cases; 20.8 ± 5.5; 17.7 ± 10.9; 64.5 ± 6.0; 50.7 ± 10.1; 39 ± 23; 44 ± 14,feces,2009/2010,Netherlands,Metabolic syndrome,Metabolic syndrome,Species composition change above range of temporal variation (Euclidean distance); Higher single-site allelic variation in allogenic FMT vs placebo/healthy,FMT1; FMT2; FMT3; FMT4; FMT5; SELF1; SELF2; SELF3; SELF4; SELF5,Homo sapiens,ERR1297503,SAMEA3882511,Illumina HiSeq 2000,allogenic FMT / placebo (autologous) FMT / healthy control,FAT_008-22-42-0,metabolic syndrome,Fecal microbiota transplantation,"Cohort of 10 subjects: 5 allogenic FMT (from one of three lean donors), 5 autologous (placebo) FMT; 55 fecal metagenomes sequenced from FMT study; 164 total metagenomes across three study groups; Comparison cohort: 109 metagenomes from 48 healthy FMT-naive individuals including Human Microbiome Project data; 1105 detected prokaryotic species; 11.8 million variant positions identified; 42 species across five phyla used for confident SNV tracking; Subjects had not used antibiotics or other medication for at least 3 months before or during treatment"
27126044,No,3,Month,Donor-specific SNV retention (determinant positions); SNV assignment error rate; Proportion of acquired donor-specific species (allogenic FMT); Proportion of newly detected species (placebo); Proportion of newly detected species (healthy); Species shared between donor and recipient; Coexistence of donor and recipient strains (shared species); Species showing resistance to donor strains; Species showing donor-recipient strain coexistence,%; %; %; %; %; %; %; %; %,69.3 ± 21.8 (day 2); 37.6 ± 16.6 (3 months); 11.9; not clearly separated from placebo/healthy fluctuation range in 4/5 cases; 20.8 ± 5.5; 17.7 ± 10.9; 64.5 ± 6.0; 50.7 ± 10.1; 39 ± 23; 44 ± 14,feces,2009/2010,Netherlands,Metabolic syndrome,Metabolic syndrome,Species composition change above range of temporal variation (Euclidean distance); Higher single-site allelic variation in allogenic FMT vs placebo/healthy,FMT1; FMT2; FMT3; FMT4; FMT5; SELF1; SELF2; SELF3; SELF4; SELF5,Homo sapiens,ERR1297505,SAMEA3882530,Illumina HiSeq 2000,allogenic FMT / placebo (autologous) FMT / healthy control,FAT_015-22-2-0,metabolic syndrome,Fecal microbiota transplantation,"Cohort of 10 subjects: 5 allogenic FMT (from one of three lean donors), 5 autologous (placebo) FMT; 55 fecal metagenomes sequenced from FMT study; 164 total metagenomes across three study groups; Comparison cohort: 109 metagenomes from 48 healthy FMT-naive individuals including Human Microbiome Project data; 1105 detected prokaryotic species; 11.8 million variant positions identified; 42 species across five phyla used for confident SNV tracking; Subjects had not used antibiotics or other medication for at least 3 months before or during treatment"
27126044,No,3,Month,Donor-specific SNV retention (determinant positions); SNV assignment error rate; Proportion of acquired donor-specific species (allogenic FMT); Proportion of newly detected species (placebo); Proportion of newly detected species (healthy); Species shared between donor and recipient; Coexistence of donor and recipient strains (shared species); Species showing resistance to donor strains; Species showing donor-recipient strain coexistence,%; %; %; %; %; %; %; %; %,69.3 ± 21.8 (day 2); 37.6 ± 16.6 (3 months); 11.9; not clearly separated from placebo/healthy fluctuation range in 4/5 cases; 20.8 ± 5.5; 17.7 ± 10.9; 64.5 ± 6.0; 50.7 ± 10.1; 39 ± 23; 44 ± 14,feces,2009/2010,Netherlands,Metabolic syndrome,Metabolic syndrome,Species composition change above range of temporal variation (Euclidean distance); Higher single-site allelic variation in allogenic FMT vs placebo/healthy,FMT1; FMT2; FMT3; FMT4; FMT5; SELF1; SELF2; SELF3; SELF4; SELF5,Homo sapiens,ERR1297508,SAMEA3882553,Illumina HiSeq 2000,allogenic FMT / placebo (autologous) FMT / healthy control,FAT_DON_11-22-0-4,metabolic syndrome,Fecal microbiota transplantation,"Cohort of 10 subjects: 5 allogenic FMT (from one of three lean donors), 5 autologous (placebo) FMT; 55 fecal metagenomes sequenced from FMT study; 164 total metagenomes across three study groups; Comparison cohort: 109 metagenomes from 48 healthy FMT-naive individuals including Human Microbiome Project data; 1105 detected prokaryotic species; 11.8 million variant positions identified; 42 species across five phyla used for confident SNV tracking; Subjects had not used antibiotics or other medication for at least 3 months before or during treatment"
27126044,No,3,Month,Donor-specific SNV retention (determinant positions); SNV assignment error rate; Proportion of acquired donor-specific species (allogenic FMT); Proportion of newly detected species (placebo); Proportion of newly detected species (healthy); Species shared between donor and recipient; Coexistence of donor and recipient strains (shared species); Species showing resistance to donor strains; Species showing donor-recipient strain coexistence,%; %; %; %; %; %; %; %; %,69.3 ± 21.8 (day 2); 37.6 ± 16.6 (3 months); 11.9; not clearly separated from placebo/healthy fluctuation range in 4/5 cases; 20.8 ± 5.5; 17.7 ± 10.9; 64.5 ± 6.0; 50.7 ± 10.1; 39 ± 23; 44 ± 14,feces,2009/2010,Netherlands,Metabolic syndrome,Metabolic syndrome,Species composition change above range of temporal variation (Euclidean distance); Higher single-site allelic variation in allogenic FMT vs placebo/healthy,FMT1; FMT2; FMT3; FMT4; FMT5; SELF1; SELF2; SELF3; SELF4; SELF5,Homo sapiens,ERR1297510,SAMEA3882539,Illumina HiSeq 2000,allogenic FMT / placebo (autologous) FMT / healthy control,FAT_020-22-14-0,metabolic syndrome,Fecal microbiota transplantation,"Cohort of 10 subjects: 5 allogenic FMT (from one of three lean donors), 5 autologous (placebo) FMT; 55 fecal metagenomes sequenced from FMT study; 164 total metagenomes across three study groups; Comparison cohort: 109 metagenomes from 48 healthy FMT-naive individuals including Human Microbiome Project data; 1105 detected prokaryotic species; 11.8 million variant positions identified; 42 species across five phyla used for confident SNV tracking; Subjects had not used antibiotics or other medication for at least 3 months before or during treatment"
27126044,No,3,Month,Donor-specific SNV retention (determinant positions); SNV assignment error rate; Proportion of acquired donor-specific species (allogenic FMT); Proportion of newly detected species (placebo); Proportion of newly detected species (healthy); Species shared between donor and recipient; Coexistence of donor and recipient strains (shared species); Species showing resistance to donor strains; Species showing donor-recipient strain coexistence,%; %; %; %; %; %; %; %; %,69.3 ± 21.8 (day 2); 37.6 ± 16.6 (3 months); 11.9; not clearly separated from placebo/healthy fluctuation range in 4/5 cases; 20.8 ± 5.5; 17.7 ± 10.9; 64.5 ± 6.0; 50.7 ± 10.1; 39 ± 23; 44 ± 14,feces,2009/2010,Netherlands,Metabolic syndrome,Metabolic syndrome,Species composition change above range of temporal variation (Euclidean distance); Higher single-site allelic variation in allogenic FMT vs placebo/healthy,FMT1; FMT2; FMT3; FMT4; FMT5; SELF1; SELF2; SELF3; SELF4; SELF5,Homo sapiens,ERR1297511,SAMEA3882550,Illumina HiSeq 2000,allogenic FMT / placebo (autologous) FMT / healthy control,FAT_024-22-2-0,metabolic syndrome,Fecal microbiota transplantation,"Cohort of 10 subjects: 5 allogenic FMT (from one of three lean donors), 5 autologous (placebo) FMT; 55 fecal metagenomes sequenced from FMT study; 164 total metagenomes across three study groups; Comparison cohort: 109 metagenomes from 48 healthy FMT-naive individuals including Human Microbiome Project data; 1105 detected prokaryotic species; 11.8 million variant positions identified; 42 species across five phyla used for confident SNV tracking; Subjects had not used antibiotics or other medication for at least 3 months before or during treatment"
27126044,No,3,Month,Donor-specific SNV retention (determinant positions); SNV assignment error rate; Proportion of acquired donor-specific species (allogenic FMT); Proportion of newly detected species (placebo); Proportion of newly detected species (healthy); Species shared between donor and recipient; Coexistence of donor and recipient strains (shared species); Species showing resistance to donor strains; Species showing donor-recipient strain coexistence,%; %; %; %; %; %; %; %; %,69.3 ± 21.8 (day 2); 37.6 ± 16.6 (3 months); 11.9; not clearly separated from placebo/healthy fluctuation range in 4/5 cases; 20.8 ± 5.5; 17.7 ± 10.9; 64.5 ± 6.0; 50.7 ± 10.1; 39 ± 23; 44 ± 14,feces,2009/2010,Netherlands,Metabolic syndrome,Metabolic syndrome,Species composition change above range of temporal variation (Euclidean distance); Higher single-site allelic variation in allogenic FMT vs placebo/healthy,FMT1; FMT2; FMT3; FMT4; FMT5; SELF1; SELF2; SELF3; SELF4; SELF5,Homo sapiens,ERR1297512,SAMEA3882541,Illumina HiSeq 2000,allogenic FMT / placebo (autologous) FMT / healthy control,FAT_020-22-42-0,metabolic syndrome,Fecal microbiota transplantation,"Cohort of 10 subjects: 5 allogenic FMT (from one of three lean donors), 5 autologous (placebo) FMT; 55 fecal metagenomes sequenced from FMT study; 164 total metagenomes across three study groups; Comparison cohort: 109 metagenomes from 48 healthy FMT-naive individuals including Human Microbiome Project data; 1105 detected prokaryotic species; 11.8 million variant positions identified; 42 species across five phyla used for confident SNV tracking; Subjects had not used antibiotics or other medication for at least 3 months before or during treatment"
27126044,No,3,Month,Donor-specific SNV retention (determinant positions); SNV assignment error rate; Proportion of acquired donor-specific species (allogenic FMT); Proportion of newly detected species (placebo); Proportion of newly detected species (healthy); Species shared between donor and recipient; Coexistence of donor and recipient strains (shared species); Species showing resistance to donor strains; Species showing donor-recipient strain coexistence,%; %; %; %; %; %; %; %; %,69.3 ± 21.8 (day 2); 37.6 ± 16.6 (3 months); 11.9; not clearly separated from placebo/healthy fluctuation range in 4/5 cases; 20.8 ± 5.5; 17.7 ± 10.9; 64.5 ± 6.0; 50.7 ± 10.1; 39 ± 23; 44 ± 14,feces,2009/2010,Netherlands,Metabolic syndrome,Metabolic syndrome,Species composition change above range of temporal variation (Euclidean distance); Higher single-site allelic variation in allogenic FMT vs placebo/healthy,FMT1; FMT2; FMT3; FMT4; FMT5; SELF1; SELF2; SELF3; SELF4; SELF5,Homo sapiens,ERR1297516,SAMEA3882511,Illumina HiSeq 2000,allogenic FMT / placebo (autologous) FMT / healthy control,FAT_008-22-42-0,metabolic syndrome,Fecal microbiota transplantation,"Cohort of 10 subjects: 5 allogenic FMT (from one of three lean donors), 5 autologous (placebo) FMT; 55 fecal metagenomes sequenced from FMT study; 164 total metagenomes across three study groups; Comparison cohort: 109 metagenomes from 48 healthy FMT-naive individuals including Human Microbiome Project data; 1105 detected prokaryotic species; 11.8 million variant positions identified; 42 species across five phyla used for confident SNV tracking; Subjects had not used antibiotics or other medication for at least 3 months before or during treatment"
27126044,No,3,Month,Donor-specific SNV retention (determinant positions); SNV assignment error rate; Proportion of acquired donor-specific species (allogenic FMT); Proportion of newly detected species (placebo); Proportion of newly detected species (healthy); Species shared between donor and recipient; Coexistence of donor and recipient strains (shared species); Species showing resistance to donor strains; Species showing donor-recipient strain coexistence,%; %; %; %; %; %; %; %; %,69.3 ± 21.8 (day 2); 37.6 ± 16.6 (3 months); 11.9; not clearly separated from placebo/healthy fluctuation range in 4/5 cases; 20.8 ± 5.5; 17.7 ± 10.9; 64.5 ± 6.0; 50.7 ± 10.1; 39 ± 23; 44 ± 14,feces,2009/2010,Netherlands,Metabolic syndrome,Metabolic syndrome,Species composition change above range of temporal variation (Euclidean distance); Higher single-site allelic variation in allogenic FMT vs placebo/healthy,FMT1; FMT2; FMT3; FMT4; FMT5; SELF1; SELF2; SELF3; SELF4; SELF5,Homo sapiens,ERR1297521,SAMEA3882506,Illumina HiSeq 2000,allogenic FMT / placebo (autologous) FMT / healthy control,FAT_006-22-42-0,metabolic syndrome,Fecal microbiota transplantation,"Cohort of 10 subjects: 5 allogenic FMT (from one of three lean donors), 5 autologous (placebo) FMT; 55 fecal metagenomes sequenced from FMT study; 164 total metagenomes across three study groups; Comparison cohort: 109 metagenomes from 48 healthy FMT-naive individuals including Human Microbiome Project data; 1105 detected prokaryotic species; 11.8 million variant positions identified; 42 species across five phyla used for confident SNV tracking; Subjects had not used antibiotics or other medication for at least 3 months before or during treatment"
27126044,No,3,Month,Donor-specific SNV retention (determinant positions); SNV assignment error rate; Proportion of acquired donor-specific species (allogenic FMT); Proportion of newly detected species (placebo); Proportion of newly detected species (healthy); Species shared between donor and recipient; Coexistence of donor and recipient strains (shared species); Species showing resistance to donor strains; Species showing donor-recipient strain coexistence,%; %; %; %; %; %; %; %; %,69.3 ± 21.8 (day 2); 37.6 ± 16.6 (3 months); 11.9; not clearly separated from placebo/healthy fluctuation range in 4/5 cases; 20.8 ± 5.5; 17.7 ± 10.9; 64.5 ± 6.0; 50.7 ± 10.1; 39 ± 23; 44 ± 14,feces,2009/2010,Netherlands,Metabolic syndrome,Metabolic syndrome,Species composition change above range of temporal variation (Euclidean distance); Higher single-site allelic variation in allogenic FMT vs placebo/healthy,FMT1; FMT2; FMT3; FMT4; FMT5; SELF1; SELF2; SELF3; SELF4; SELF5,Homo sapiens,ERR1297524,SAMEA3882504,Illumina HiSeq 2000,allogenic FMT / placebo (autologous) FMT / healthy control,FAT_006-22-14-0,metabolic syndrome,Fecal microbiota transplantation,"Cohort of 10 subjects: 5 allogenic FMT (from one of three lean donors), 5 autologous (placebo) FMT; 55 fecal metagenomes sequenced from FMT study; 164 total metagenomes across three study groups; Comparison cohort: 109 metagenomes from 48 healthy FMT-naive individuals including Human Microbiome Project data; 1105 detected prokaryotic species; 11.8 million variant positions identified; 42 species across five phyla used for confident SNV tracking; Subjects had not used antibiotics or other medication for at least 3 months before or during treatment"
27126044,No,3,Month,Donor-specific SNV retention (determinant positions); SNV assignment error rate; Proportion of acquired donor-specific species (allogenic FMT); Proportion of newly detected species (placebo); Proportion of newly detected species (healthy); Species shared between donor and recipient; Coexistence of donor and recipient strains (shared species); Species showing resistance to donor strains; Species showing donor-recipient strain coexistence,%; %; %; %; %; %; %; %; %,69.3 ± 21.8 (day 2); 37.6 ± 16.6 (3 months); 11.9; not clearly separated from placebo/healthy fluctuation range in 4/5 cases; 20.8 ± 5.5; 17.7 ± 10.9; 64.5 ± 6.0; 50.7 ± 10.1; 39 ± 23; 44 ± 14,feces,2009/2010,Netherlands,Metabolic syndrome,Metabolic syndrome,Species composition change above range of temporal variation (Euclidean distance); Higher single-site allelic variation in allogenic FMT vs placebo/healthy,FMT1; FMT2; FMT3; FMT4; FMT5; SELF1; SELF2; SELF3; SELF4; SELF5,Homo sapiens,ERR1297525,SAMEA3882523,Illumina HiSeq 2000,allogenic FMT / placebo (autologous) FMT / healthy control,FAT_014-22-0-0,metabolic syndrome,Fecal microbiota transplantation,"Cohort of 10 subjects: 5 allogenic FMT (from one of three lean donors), 5 autologous (placebo) FMT; 55 fecal metagenomes sequenced from FMT study; 164 total metagenomes across three study groups; Comparison cohort: 109 metagenomes from 48 healthy FMT-naive individuals including Human Microbiome Project data; 1105 detected prokaryotic species; 11.8 million variant positions identified; 42 species across five phyla used for confident SNV tracking; Subjects had not used antibiotics or other medication for at least 3 months before or during treatment"
27126044,No,3,Month,Donor-specific SNV retention (determinant positions); SNV assignment error rate; Proportion of acquired donor-specific species (allogenic FMT); Proportion of newly detected species (placebo); Proportion of newly detected species (healthy); Species shared between donor and recipient; Coexistence of donor and recipient strains (shared species); Species showing resistance to donor strains; Species showing donor-recipient strain coexistence,%; %; %; %; %; %; %; %; %,69.3 ± 21.8 (day 2); 37.6 ± 16.6 (3 months); 11.9; not clearly separated from placebo/healthy fluctuation range in 4/5 cases; 20.8 ± 5.5; 17.7 ± 10.9; 64.5 ± 6.0; 50.7 ± 10.1; 39 ± 23; 44 ± 14,feces,2009/2010,Netherlands,Metabolic syndrome,Metabolic syndrome,Species composition change above range of temporal variation (Euclidean distance); Higher single-site allelic variation in allogenic FMT vs placebo/healthy,FMT1; FMT2; FMT3; FMT4; FMT5; SELF1; SELF2; SELF3; SELF4; SELF5,Homo sapiens,ERR1297533,SAMEA3882516,Illumina HiSeq 2000,allogenic FMT / placebo (autologous) FMT / healthy control,FAT_010-22-42-0,metabolic syndrome,Fecal microbiota transplantation,"Cohort of 10 subjects: 5 allogenic FMT (from one of three lean donors), 5 autologous (placebo) FMT; 55 fecal metagenomes sequenced from FMT study; 164 total metagenomes across three study groups; Comparison cohort: 109 metagenomes from 48 healthy FMT-naive individuals including Human Microbiome Project data; 1105 detected prokaryotic species; 11.8 million variant positions identified; 42 species across five phyla used for confident SNV tracking; Subjects had not used antibiotics or other medication for at least 3 months before or during treatment"
27126044,No,3,Month,Donor-specific SNV retention (determinant positions); SNV assignment error rate; Proportion of acquired donor-specific species (allogenic FMT); Proportion of newly detected species (placebo); Proportion of newly detected species (healthy); Species shared between donor and recipient; Coexistence of donor and recipient strains (shared species); Species showing resistance to donor strains; Species showing donor-recipient strain coexistence,%; %; %; %; %; %; %; %; %,69.3 ± 21.8 (day 2); 37.6 ± 16.6 (3 months); 11.9; not clearly separated from placebo/healthy fluctuation range in 4/5 cases; 20.8 ± 5.5; 17.7 ± 10.9; 64.5 ± 6.0; 50.7 ± 10.1; 39 ± 23; 44 ± 14,feces,2009/2010,Netherlands,Metabolic syndrome,Metabolic syndrome,Species composition change above range of temporal variation (Euclidean distance); Higher single-site allelic variation in allogenic FMT vs placebo/healthy,FMT1; FMT2; FMT3; FMT4; FMT5; SELF1; SELF2; SELF3; SELF4; SELF5,Homo sapiens,ERR1297534,SAMEA3882546,Illumina HiSeq 2000,allogenic FMT / placebo (autologous) FMT / healthy control,FAT_023-22-42-0,metabolic syndrome,Fecal microbiota transplantation,"Cohort of 10 subjects: 5 allogenic FMT (from one of three lean donors), 5 autologous (placebo) FMT; 55 fecal metagenomes sequenced from FMT study; 164 total metagenomes across three study groups; Comparison cohort: 109 metagenomes from 48 healthy FMT-naive individuals including Human Microbiome Project data; 1105 detected prokaryotic species; 11.8 million variant positions identified; 42 species across five phyla used for confident SNV tracking; Subjects had not used antibiotics or other medication for at least 3 months before or during treatment"
27126044,No,3,Month,Donor-specific SNV retention (determinant positions); SNV assignment error rate; Proportion of acquired donor-specific species (allogenic FMT); Proportion of newly detected species (placebo); Proportion of newly detected species (healthy); Species shared between donor and recipient; Coexistence of donor and recipient strains (shared species); Species showing resistance to donor strains; Species showing donor-recipient strain coexistence,%; %; %; %; %; %; %; %; %,69.3 ± 21.8 (day 2); 37.6 ± 16.6 (3 months); 11.9; not clearly separated from placebo/healthy fluctuation range in 4/5 cases; 20.8 ± 5.5; 17.7 ± 10.9; 64.5 ± 6.0; 50.7 ± 10.1; 39 ± 23; 44 ± 14,feces,2009/2010,Netherlands,Metabolic syndrome,Metabolic syndrome,Species composition change above range of temporal variation (Euclidean distance); Higher single-site allelic variation in allogenic FMT vs placebo/healthy,FMT1; FMT2; FMT3; FMT4; FMT5; SELF1; SELF2; SELF3; SELF4; SELF5,Homo sapiens,ERR1297542,SAMEA3882503,Illumina HiSeq 2000,allogenic FMT / placebo (autologous) FMT / healthy control,FAT_006-22-0-0,metabolic syndrome,Fecal microbiota transplantation,"Cohort of 10 subjects: 5 allogenic FMT (from one of three lean donors), 5 autologous (placebo) FMT; 55 fecal metagenomes sequenced from FMT study; 164 total metagenomes across three study groups; Comparison cohort: 109 metagenomes from 48 healthy FMT-naive individuals including Human Microbiome Project data; 1105 detected prokaryotic species; 11.8 million variant positions identified; 42 species across five phyla used for confident SNV tracking; Subjects had not used antibiotics or other medication for at least 3 months before or during treatment"
27126044,No,3,Month,Donor-specific SNV retention (determinant positions); SNV assignment error rate; Proportion of acquired donor-specific species (allogenic FMT); Proportion of newly detected species (placebo); Proportion of newly detected species (healthy); Species shared between donor and recipient; Coexistence of donor and recipient strains (shared species); Species showing resistance to donor strains; Species showing donor-recipient strain coexistence,%; %; %; %; %; %; %; %; %,69.3 ± 21.8 (day 2); 37.6 ± 16.6 (3 months); 11.9; not clearly separated from placebo/healthy fluctuation range in 4/5 cases; 20.8 ± 5.5; 17.7 ± 10.9; 64.5 ± 6.0; 50.7 ± 10.1; 39 ± 23; 44 ± 14,feces,2009/2010,Netherlands,Metabolic syndrome,Metabolic syndrome,Species composition change above range of temporal variation (Euclidean distance); Higher single-site allelic variation in allogenic FMT vs placebo/healthy,FMT1; FMT2; FMT3; FMT4; FMT5; SELF1; SELF2; SELF3; SELF4; SELF5,Homo sapiens,ERR1297547,SAMEA3882526,Illumina HiSeq 2000,allogenic FMT / placebo (autologous) FMT / healthy control,FAT_014-22-42-0,metabolic syndrome,Fecal microbiota transplantation,"Cohort of 10 subjects: 5 allogenic FMT (from one of three lean donors), 5 autologous (placebo) FMT; 55 fecal metagenomes sequenced from FMT study; 164 total metagenomes across three study groups; Comparison cohort: 109 metagenomes from 48 healthy FMT-naive individuals including Human Microbiome Project data; 1105 detected prokaryotic species; 11.8 million variant positions identified; 42 species across five phyla used for confident SNV tracking; Subjects had not used antibiotics or other medication for at least 3 months before or during treatment"
27126044,No,3,Month,Donor-specific SNV retention (determinant positions); SNV assignment error rate; Proportion of acquired donor-specific species (allogenic FMT); Proportion of newly detected species (placebo); Proportion of newly detected species (healthy); Species shared between donor and recipient; Coexistence of donor and recipient strains (shared species); Species showing resistance to donor strains; Species showing donor-recipient strain coexistence,%; %; %; %; %; %; %; %; %,69.3 ± 21.8 (day 2); 37.6 ± 16.6 (3 months); 11.9; not clearly separated from placebo/healthy fluctuation range in 4/5 cases; 20.8 ± 5.5; 17.7 ± 10.9; 64.5 ± 6.0; 50.7 ± 10.1; 39 ± 23; 44 ± 14,feces,2009/2010,Netherlands,Metabolic syndrome,Metabolic syndrome,Species composition change above range of temporal variation (Euclidean distance); Higher single-site allelic variation in allogenic FMT vs placebo/healthy,FMT1; FMT2; FMT3; FMT4; FMT5; SELF1; SELF2; SELF3; SELF4; SELF5,Homo sapiens,ERR1297549,SAMEA3882551,Illumina HiSeq 2000,allogenic FMT / placebo (autologous) FMT / healthy control,FAT_024-22-42-0,metabolic syndrome,Fecal microbiota transplantation,"Cohort of 10 subjects: 5 allogenic FMT (from one of three lean donors), 5 autologous (placebo) FMT; 55 fecal metagenomes sequenced from FMT study; 164 total metagenomes across three study groups; Comparison cohort: 109 metagenomes from 48 healthy FMT-naive individuals including Human Microbiome Project data; 1105 detected prokaryotic species; 11.8 million variant positions identified; 42 species across five phyla used for confident SNV tracking; Subjects had not used antibiotics or other medication for at least 3 months before or during treatment"
27126044,No,3,Month,Donor-specific SNV retention (determinant positions); SNV assignment error rate; Proportion of acquired donor-specific species (allogenic FMT); Proportion of newly detected species (placebo); Proportion of newly detected species (healthy); Species shared between donor and recipient; Coexistence of donor and recipient strains (shared species); Species showing resistance to donor strains; Species showing donor-recipient strain coexistence,%; %; %; %; %; %; %; %; %,69.3 ± 21.8 (day 2); 37.6 ± 16.6 (3 months); 11.9; not clearly separated from placebo/healthy fluctuation range in 4/5 cases; 20.8 ± 5.5; 17.7 ± 10.9; 64.5 ± 6.0; 50.7 ± 10.1; 39 ± 23; 44 ± 14,feces,2009/2010,Netherlands,Metabolic syndrome,Metabolic syndrome,Species composition change above range of temporal variation (Euclidean distance); Higher single-site allelic variation in allogenic FMT vs placebo/healthy,FMT1; FMT2; FMT3; FMT4; FMT5; SELF1; SELF2; SELF3; SELF4; SELF5,Homo sapiens,ERR1297550,SAMEA3882505,Illumina HiSeq 2000,allogenic FMT / placebo (autologous) FMT / healthy control,FAT_006-22-2-0,metabolic syndrome,Fecal microbiota transplantation,"Cohort of 10 subjects: 5 allogenic FMT (from one of three lean donors), 5 autologous (placebo) FMT; 55 fecal metagenomes sequenced from FMT study; 164 total metagenomes across three study groups; Comparison cohort: 109 metagenomes from 48 healthy FMT-naive individuals including Human Microbiome Project data; 1105 detected prokaryotic species; 11.8 million variant positions identified; 42 species across five phyla used for confident SNV tracking; Subjects had not used antibiotics or other medication for at least 3 months before or during treatment"
27126044,No,3,Month,Donor-specific SNV retention (determinant positions); SNV assignment error rate; Proportion of acquired donor-specific species (allogenic FMT); Proportion of newly detected species (placebo); Proportion of newly detected species (healthy); Species shared between donor and recipient; Coexistence of donor and recipient strains (shared species); Species showing resistance to donor strains; Species showing donor-recipient strain coexistence,%; %; %; %; %; %; %; %; %,69.3 ± 21.8 (day 2); 37.6 ± 16.6 (3 months); 11.9; not clearly separated from placebo/healthy fluctuation range in 4/5 cases; 20.8 ± 5.5; 17.7 ± 10.9; 64.5 ± 6.0; 50.7 ± 10.1; 39 ± 23; 44 ± 14,feces,2009/2010,Netherlands,Metabolic syndrome,Metabolic syndrome,Species composition change above range of temporal variation (Euclidean distance); Higher single-site allelic variation in allogenic FMT vs placebo/healthy,FMT1; FMT2; FMT3; FMT4; FMT5; SELF1; SELF2; SELF3; SELF4; SELF5,Homo sapiens,ERR1297551,SAMEA3882540,Illumina HiSeq 2000,allogenic FMT / placebo (autologous) FMT / healthy control,FAT_020-22-2-0,metabolic syndrome,Fecal microbiota transplantation,"Cohort of 10 subjects: 5 allogenic FMT (from one of three lean donors), 5 autologous (placebo) FMT; 55 fecal metagenomes sequenced from FMT study; 164 total metagenomes across three study groups; Comparison cohort: 109 metagenomes from 48 healthy FMT-naive individuals including Human Microbiome Project data; 1105 detected prokaryotic species; 11.8 million variant positions identified; 42 species across five phyla used for confident SNV tracking; Subjects had not used antibiotics or other medication for at least 3 months before or during treatment"
27126044,No,3,Month,Donor-specific SNV retention (determinant positions); SNV assignment error rate; Proportion of acquired donor-specific species (allogenic FMT); Proportion of newly detected species (placebo); Proportion of newly detected species (healthy); Species shared between donor and recipient; Coexistence of donor and recipient strains (shared species); Species showing resistance to donor strains; Species showing donor-recipient strain coexistence,%; %; %; %; %; %; %; %; %,69.3 ± 21.8 (day 2); 37.6 ± 16.6 (3 months); 11.9; not clearly separated from placebo/healthy fluctuation range in 4/5 cases; 20.8 ± 5.5; 17.7 ± 10.9; 64.5 ± 6.0; 50.7 ± 10.1; 39 ± 23; 44 ± 14,feces,2009/2010,Netherlands,Metabolic syndrome,Metabolic syndrome,Species composition change above range of temporal variation (Euclidean distance); Higher single-site allelic variation in allogenic FMT vs placebo/healthy,FMT1; FMT2; FMT3; FMT4; FMT5; SELF1; SELF2; SELF3; SELF4; SELF5,Homo sapiens,ERR1297553,SAMEA3882529,Illumina HiSeq 2000,allogenic FMT / placebo (autologous) FMT / healthy control,FAT_015-22-14-0,metabolic syndrome,Fecal microbiota transplantation,"Cohort of 10 subjects: 5 allogenic FMT (from one of three lean donors), 5 autologous (placebo) FMT; 55 fecal metagenomes sequenced from FMT study; 164 total metagenomes across three study groups; Comparison cohort: 109 metagenomes from 48 healthy FMT-naive individuals including Human Microbiome Project data; 1105 detected prokaryotic species; 11.8 million variant positions identified; 42 species across five phyla used for confident SNV tracking; Subjects had not used antibiotics or other medication for at least 3 months before or during treatment"
27126044,No,3,Month,Donor-specific SNV retention (determinant positions); SNV assignment error rate; Proportion of acquired donor-specific species (allogenic FMT); Proportion of newly detected species (placebo); Proportion of newly detected species (healthy); Species shared between donor and recipient; Coexistence of donor and recipient strains (shared species); Species showing resistance to donor strains; Species showing donor-recipient strain coexistence,%; %; %; %; %; %; %; %; %,69.3 ± 21.8 (day 2); 37.6 ± 16.6 (3 months); 11.9; not clearly separated from placebo/healthy fluctuation range in 4/5 cases; 20.8 ± 5.5; 17.7 ± 10.9; 64.5 ± 6.0; 50.7 ± 10.1; 39 ± 23; 44 ± 14,feces,2009/2010,Netherlands,Metabolic syndrome,Metabolic syndrome,Species composition change above range of temporal variation (Euclidean distance); Higher single-site allelic variation in allogenic FMT vs placebo/healthy,FMT1; FMT2; FMT3; FMT4; FMT5; SELF1; SELF2; SELF3; SELF4; SELF5,Homo sapiens,ERR1297554,SAMEA3882556,Illumina HiSeq 2000,allogenic FMT / placebo (autologous) FMT / healthy control,FAT_DON_19-22-0-0,metabolic syndrome,Fecal microbiota transplantation,"Cohort of 10 subjects: 5 allogenic FMT (from one of three lean donors), 5 autologous (placebo) FMT; 55 fecal metagenomes sequenced from FMT study; 164 total metagenomes across three study groups; Comparison cohort: 109 metagenomes from 48 healthy FMT-naive individuals including Human Microbiome Project data; 1105 detected prokaryotic species; 11.8 million variant positions identified; 42 species across five phyla used for confident SNV tracking; Subjects had not used antibiotics or other medication for at least 3 months before or during treatment"
27126044,No,3,Month,Donor-specific SNV retention (determinant positions); SNV assignment error rate; Proportion of acquired donor-specific species (allogenic FMT); Proportion of newly detected species (placebo); Proportion of newly detected species (healthy); Species shared between donor and recipient; Coexistence of donor and recipient strains (shared species); Species showing resistance to donor strains; Species showing donor-recipient strain coexistence,%; %; %; %; %; %; %; %; %,69.3 ± 21.8 (day 2); 37.6 ± 16.6 (3 months); 11.9; not clearly separated from placebo/healthy fluctuation range in 4/5 cases; 20.8 ± 5.5; 17.7 ± 10.9; 64.5 ± 6.0; 50.7 ± 10.1; 39 ± 23; 44 ± 14,feces,2009/2010,Netherlands,Metabolic syndrome,Metabolic syndrome,Species composition change above range of temporal variation (Euclidean distance); Higher single-site allelic variation in allogenic FMT vs placebo/healthy,FMT1; FMT2; FMT3; FMT4; FMT5; SELF1; SELF2; SELF3; SELF4; SELF5,Homo sapiens,ERR1297555,SAMEA3882527,Illumina HiSeq 2000,allogenic FMT / placebo (autologous) FMT / healthy control,FAT_014-22-84-0,metabolic syndrome,Fecal microbiota transplantation,"Cohort of 10 subjects: 5 allogenic FMT (from one of three lean donors), 5 autologous (placebo) FMT; 55 fecal metagenomes sequenced from FMT study; 164 total metagenomes across three study groups; Comparison cohort: 109 metagenomes from 48 healthy FMT-naive individuals including Human Microbiome Project data; 1105 detected prokaryotic species; 11.8 million variant positions identified; 42 species across five phyla used for confident SNV tracking; Subjects had not used antibiotics or other medication for at least 3 months before or during treatment"
27126044,No,3,Month,Donor-specific SNV retention (determinant positions); SNV assignment error rate; Proportion of acquired donor-specific species (allogenic FMT); Proportion of newly detected species (placebo); Proportion of newly detected species (healthy); Species shared between donor and recipient; Coexistence of donor and recipient strains (shared species); Species showing resistance to donor strains; Species showing donor-recipient strain coexistence,%; %; %; %; %; %; %; %; %,69.3 ± 21.8 (day 2); 37.6 ± 16.6 (3 months); 11.9; not clearly separated from placebo/healthy fluctuation range in 4/5 cases; 20.8 ± 5.5; 17.7 ± 10.9; 64.5 ± 6.0; 50.7 ± 10.1; 39 ± 23; 44 ± 14,feces,2009/2010,Netherlands,Metabolic syndrome,Metabolic syndrome,Species composition change above range of temporal variation (Euclidean distance); Higher single-site allelic variation in allogenic FMT vs placebo/healthy,FMT1; FMT2; FMT3; FMT4; FMT5; SELF1; SELF2; SELF3; SELF4; SELF5,Homo sapiens,ERR1297557,SAMEA3882516,Illumina HiSeq 2000,allogenic FMT / placebo (autologous) FMT / healthy control,FAT_010-22-42-0,metabolic syndrome,Fecal microbiota transplantation,"Cohort of 10 subjects: 5 allogenic FMT (from one of three lean donors), 5 autologous (placebo) FMT; 55 fecal metagenomes sequenced from FMT study; 164 total metagenomes across three study groups; Comparison cohort: 109 metagenomes from 48 healthy FMT-naive individuals including Human Microbiome Project data; 1105 detected prokaryotic species; 11.8 million variant positions identified; 42 species across five phyla used for confident SNV tracking; Subjects had not used antibiotics or other medication for at least 3 months before or during treatment"
27126044,No,3,Month,Donor-specific SNV retention (determinant positions); SNV assignment error rate; Proportion of acquired donor-specific species (allogenic FMT); Proportion of newly detected species (placebo); Proportion of newly detected species (healthy); Species shared between donor and recipient; Coexistence of donor and recipient strains (shared species); Species showing resistance to donor strains; Species showing donor-recipient strain coexistence,%; %; %; %; %; %; %; %; %,69.3 ± 21.8 (day 2); 37.6 ± 16.6 (3 months); 11.9; not clearly separated from placebo/healthy fluctuation range in 4/5 cases; 20.8 ± 5.5; 17.7 ± 10.9; 64.5 ± 6.0; 50.7 ± 10.1; 39 ± 23; 44 ± 14,feces,2009/2010,Netherlands,Metabolic syndrome,Metabolic syndrome,Species composition change above range of temporal variation (Euclidean distance); Higher single-site allelic variation in allogenic FMT vs placebo/healthy,FMT1; FMT2; FMT3; FMT4; FMT5; SELF1; SELF2; SELF3; SELF4; SELF5,Homo sapiens,ERR1297559,SAMEA3882534,Illumina HiSeq 2000,allogenic FMT / placebo (autologous) FMT / healthy control,FAT_017-22-14-0,metabolic syndrome,Fecal microbiota transplantation,"Cohort of 10 subjects: 5 allogenic FMT (from one of three lean donors), 5 autologous (placebo) FMT; 55 fecal metagenomes sequenced from FMT study; 164 total metagenomes across three study groups; Comparison cohort: 109 metagenomes from 48 healthy FMT-naive individuals including Human Microbiome Project data; 1105 detected prokaryotic species; 11.8 million variant positions identified; 42 species across five phyla used for confident SNV tracking; Subjects had not used antibiotics or other medication for at least 3 months before or during treatment"
27126044,No,3,Month,Donor-specific SNV retention (determinant positions); SNV assignment error rate; Proportion of acquired donor-specific species (allogenic FMT); Proportion of newly detected species (placebo); Proportion of newly detected species (healthy); Species shared between donor and recipient; Coexistence of donor and recipient strains (shared species); Species showing resistance to donor strains; Species showing donor-recipient strain coexistence,%; %; %; %; %; %; %; %; %,69.3 ± 21.8 (day 2); 37.6 ± 16.6 (3 months); 11.9; not clearly separated from placebo/healthy fluctuation range in 4/5 cases; 20.8 ± 5.5; 17.7 ± 10.9; 64.5 ± 6.0; 50.7 ± 10.1; 39 ± 23; 44 ± 14,feces,2009/2010,Netherlands,Metabolic syndrome,Metabolic syndrome,Species composition change above range of temporal variation (Euclidean distance); Higher single-site allelic variation in allogenic FMT vs placebo/healthy,FMT1; FMT2; FMT3; FMT4; FMT5; SELF1; SELF2; SELF3; SELF4; SELF5,Homo sapiens,ERR1297563,SAMEA3882546,Illumina HiSeq 2000,allogenic FMT / placebo (autologous) FMT / healthy control,FAT_023-22-42-0,metabolic syndrome,Fecal microbiota transplantation,"Cohort of 10 subjects: 5 allogenic FMT (from one of three lean donors), 5 autologous (placebo) FMT; 55 fecal metagenomes sequenced from FMT study; 164 total metagenomes across three study groups; Comparison cohort: 109 metagenomes from 48 healthy FMT-naive individuals including Human Microbiome Project data; 1105 detected prokaryotic species; 11.8 million variant positions identified; 42 species across five phyla used for confident SNV tracking; Subjects had not used antibiotics or other medication for at least 3 months before or during treatment"
27126044,No,3,Month,Donor-specific SNV retention (determinant positions); SNV assignment error rate; Proportion of acquired donor-specific species (allogenic FMT); Proportion of newly detected species (placebo); Proportion of newly detected species (healthy); Species shared between donor and recipient; Coexistence of donor and recipient strains (shared species); Species showing resistance to donor strains; Species showing donor-recipient strain coexistence,%; %; %; %; %; %; %; %; %,69.3 ± 21.8 (day 2); 37.6 ± 16.6 (3 months); 11.9; not clearly separated from placebo/healthy fluctuation range in 4/5 cases; 20.8 ± 5.5; 17.7 ± 10.9; 64.5 ± 6.0; 50.7 ± 10.1; 39 ± 23; 44 ± 14,feces,2009/2010,Netherlands,Metabolic syndrome,Metabolic syndrome,Species composition change above range of temporal variation (Euclidean distance); Higher single-site allelic variation in allogenic FMT vs placebo/healthy,FMT1; FMT2; FMT3; FMT4; FMT5; SELF1; SELF2; SELF3; SELF4; SELF5,Homo sapiens,ERR1297568,SAMEA3882504,Illumina HiSeq 2000,allogenic FMT / placebo (autologous) FMT / healthy control,FAT_006-22-14-0,metabolic syndrome,Fecal microbiota transplantation,"Cohort of 10 subjects: 5 allogenic FMT (from one of three lean donors), 5 autologous (placebo) FMT; 55 fecal metagenomes sequenced from FMT study; 164 total metagenomes across three study groups; Comparison cohort: 109 metagenomes from 48 healthy FMT-naive individuals including Human Microbiome Project data; 1105 detected prokaryotic species; 11.8 million variant positions identified; 42 species across five phyla used for confident SNV tracking; Subjects had not used antibiotics or other medication for at least 3 months before or during treatment"
27126044,No,3,Month,Donor-specific SNV retention (determinant positions); SNV assignment error rate; Proportion of acquired donor-specific species (allogenic FMT); Proportion of newly detected species (placebo); Proportion of newly detected species (healthy); Species shared between donor and recipient; Coexistence of donor and recipient strains (shared species); Species showing resistance to donor strains; Species showing donor-recipient strain coexistence,%; %; %; %; %; %; %; %; %,69.3 ± 21.8 (day 2); 37.6 ± 16.6 (3 months); 11.9; not clearly separated from placebo/healthy fluctuation range in 4/5 cases; 20.8 ± 5.5; 17.7 ± 10.9; 64.5 ± 6.0; 50.7 ± 10.1; 39 ± 23; 44 ± 14,feces,2009/2010,Netherlands,Metabolic syndrome,Metabolic syndrome,Species composition change above range of temporal variation (Euclidean distance); Higher single-site allelic variation in allogenic FMT vs placebo/healthy,FMT1; FMT2; FMT3; FMT4; FMT5; SELF1; SELF2; SELF3; SELF4; SELF5,Homo sapiens,ERR1297569,SAMEA3882539,Illumina HiSeq 2000,allogenic FMT / placebo (autologous) FMT / healthy control,FAT_020-22-14-0,metabolic syndrome,Fecal microbiota transplantation,"Cohort of 10 subjects: 5 allogenic FMT (from one of three lean donors), 5 autologous (placebo) FMT; 55 fecal metagenomes sequenced from FMT study; 164 total metagenomes across three study groups; Comparison cohort: 109 metagenomes from 48 healthy FMT-naive individuals including Human Microbiome Project data; 1105 detected prokaryotic species; 11.8 million variant positions identified; 42 species across five phyla used for confident SNV tracking; Subjects had not used antibiotics or other medication for at least 3 months before or during treatment"
27126044,No,3,Month,Donor-specific SNV retention (determinant positions); SNV assignment error rate; Proportion of acquired donor-specific species (allogenic FMT); Proportion of newly detected species (placebo); Proportion of newly detected species (healthy); Species shared between donor and recipient; Coexistence of donor and recipient strains (shared species); Species showing resistance to donor strains; Species showing donor-recipient strain coexistence,%; %; %; %; %; %; %; %; %,69.3 ± 21.8 (day 2); 37.6 ± 16.6 (3 months); 11.9; not clearly separated from placebo/healthy fluctuation range in 4/5 cases; 20.8 ± 5.5; 17.7 ± 10.9; 64.5 ± 6.0; 50.7 ± 10.1; 39 ± 23; 44 ± 14,feces,2009/2010,Netherlands,Metabolic syndrome,Metabolic syndrome,Species composition change above range of temporal variation (Euclidean distance); Higher single-site allelic variation in allogenic FMT vs placebo/healthy,FMT1; FMT2; FMT3; FMT4; FMT5; SELF1; SELF2; SELF3; SELF4; SELF5,Homo sapiens,ERR1297571,SAMEA3882517,Illumina HiSeq 2000,allogenic FMT / placebo (autologous) FMT / healthy control,FAT_010-22-84-0,metabolic syndrome,Fecal microbiota transplantation,"Cohort of 10 subjects: 5 allogenic FMT (from one of three lean donors), 5 autologous (placebo) FMT; 55 fecal metagenomes sequenced from FMT study; 164 total metagenomes across three study groups; Comparison cohort: 109 metagenomes from 48 healthy FMT-naive individuals including Human Microbiome Project data; 1105 detected prokaryotic species; 11.8 million variant positions identified; 42 species across five phyla used for confident SNV tracking; Subjects had not used antibiotics or other medication for at least 3 months before or during treatment"
27126044,No,3,Month,Donor-specific SNV retention (determinant positions); SNV assignment error rate; Proportion of acquired donor-specific species (allogenic FMT); Proportion of newly detected species (placebo); Proportion of newly detected species (healthy); Species shared between donor and recipient; Coexistence of donor and recipient strains (shared species); Species showing resistance to donor strains; Species showing donor-recipient strain coexistence,%; %; %; %; %; %; %; %; %,69.3 ± 21.8 (day 2); 37.6 ± 16.6 (3 months); 11.9; not clearly separated from placebo/healthy fluctuation range in 4/5 cases; 20.8 ± 5.5; 17.7 ± 10.9; 64.5 ± 6.0; 50.7 ± 10.1; 39 ± 23; 44 ± 14,feces,2009/2010,Netherlands,Metabolic syndrome,Metabolic syndrome,Species composition change above range of temporal variation (Euclidean distance); Higher single-site allelic variation in allogenic FMT vs placebo/healthy,FMT1; FMT2; FMT3; FMT4; FMT5; SELF1; SELF2; SELF3; SELF4; SELF5,Homo sapiens,ERR1297573,SAMEA3882553,Illumina HiSeq 2000,allogenic FMT / placebo (autologous) FMT / healthy control,FAT_DON_11-22-0-4,metabolic syndrome,Fecal microbiota transplantation,"Cohort of 10 subjects: 5 allogenic FMT (from one of three lean donors), 5 autologous (placebo) FMT; 55 fecal metagenomes sequenced from FMT study; 164 total metagenomes across three study groups; Comparison cohort: 109 metagenomes from 48 healthy FMT-naive individuals including Human Microbiome Project data; 1105 detected prokaryotic species; 11.8 million variant positions identified; 42 species across five phyla used for confident SNV tracking; Subjects had not used antibiotics or other medication for at least 3 months before or during treatment"
27126044,No,3,Month,Donor-specific SNV retention (determinant positions); SNV assignment error rate; Proportion of acquired donor-specific species (allogenic FMT); Proportion of newly detected species (placebo); Proportion of newly detected species (healthy); Species shared between donor and recipient; Coexistence of donor and recipient strains (shared species); Species showing resistance to donor strains; Species showing donor-recipient strain coexistence,%; %; %; %; %; %; %; %; %,69.3 ± 21.8 (day 2); 37.6 ± 16.6 (3 months); 11.9; not clearly separated from placebo/healthy fluctuation range in 4/5 cases; 20.8 ± 5.5; 17.7 ± 10.9; 64.5 ± 6.0; 50.7 ± 10.1; 39 ± 23; 44 ± 14,feces,2009/2010,Netherlands,Metabolic syndrome,Metabolic syndrome,Species composition change above range of temporal variation (Euclidean distance); Higher single-site allelic variation in allogenic FMT vs placebo/healthy,FMT1; FMT2; FMT3; FMT4; FMT5; SELF1; SELF2; SELF3; SELF4; SELF5,Homo sapiens,ERR1297574,SAMEA3882528,Illumina HiSeq 2000,allogenic FMT / placebo (autologous) FMT / healthy control,FAT_015-22-0-0,metabolic syndrome,Fecal microbiota transplantation,"Cohort of 10 subjects: 5 allogenic FMT (from one of three lean donors), 5 autologous (placebo) FMT; 55 fecal metagenomes sequenced from FMT study; 164 total metagenomes across three study groups; Comparison cohort: 109 metagenomes from 48 healthy FMT-naive individuals including Human Microbiome Project data; 1105 detected prokaryotic species; 11.8 million variant positions identified; 42 species across five phyla used for confident SNV tracking; Subjects had not used antibiotics or other medication for at least 3 months before or during treatment"
27126044,No,3,Month,Donor-specific SNV retention (determinant positions); SNV assignment error rate; Proportion of acquired donor-specific species (allogenic FMT); Proportion of newly detected species (placebo); Proportion of newly detected species (healthy); Species shared between donor and recipient; Coexistence of donor and recipient strains (shared species); Species showing resistance to donor strains; Species showing donor-recipient strain coexistence,%; %; %; %; %; %; %; %; %,69.3 ± 21.8 (day 2); 37.6 ± 16.6 (3 months); 11.9; not clearly separated from placebo/healthy fluctuation range in 4/5 cases; 20.8 ± 5.5; 17.7 ± 10.9; 64.5 ± 6.0; 50.7 ± 10.1; 39 ± 23; 44 ± 14,feces,2009/2010,Netherlands,Metabolic syndrome,Metabolic syndrome,Species composition change above range of temporal variation (Euclidean distance); Higher single-site allelic variation in allogenic FMT vs placebo/healthy,FMT1; FMT2; FMT3; FMT4; FMT5; SELF1; SELF2; SELF3; SELF4; SELF5,Homo sapiens,ERR1297576,SAMEA3882523,Illumina HiSeq 2000,allogenic FMT / placebo (autologous) FMT / healthy control,FAT_014-22-0-0,metabolic syndrome,Fecal microbiota transplantation,"Cohort of 10 subjects: 5 allogenic FMT (from one of three lean donors), 5 autologous (placebo) FMT; 55 fecal metagenomes sequenced from FMT study; 164 total metagenomes across three study groups; Comparison cohort: 109 metagenomes from 48 healthy FMT-naive individuals including Human Microbiome Project data; 1105 detected prokaryotic species; 11.8 million variant positions identified; 42 species across five phyla used for confident SNV tracking; Subjects had not used antibiotics or other medication for at least 3 months before or during treatment"
27126044,No,3,Month,Donor-specific SNV retention (determinant positions); SNV assignment error rate; Proportion of acquired donor-specific species (allogenic FMT); Proportion of newly detected species (placebo); Proportion of newly detected species (healthy); Species shared between donor and recipient; Coexistence of donor and recipient strains (shared species); Species showing resistance to donor strains; Species showing donor-recipient strain coexistence,%; %; %; %; %; %; %; %; %,69.3 ± 21.8 (day 2); 37.6 ± 16.6 (3 months); 11.9; not clearly separated from placebo/healthy fluctuation range in 4/5 cases; 20.8 ± 5.5; 17.7 ± 10.9; 64.5 ± 6.0; 50.7 ± 10.1; 39 ± 23; 44 ± 14,feces,2009/2010,Netherlands,Metabolic syndrome,Metabolic syndrome,Species composition change above range of temporal variation (Euclidean distance); Higher single-site allelic variation in allogenic FMT vs placebo/healthy,FMT1; FMT2; FMT3; FMT4; FMT5; SELF1; SELF2; SELF3; SELF4; SELF5,Homo sapiens,ERR1297577,SAMEA3882532,Illumina HiSeq 2000,allogenic FMT / placebo (autologous) FMT / healthy control,FAT_015-22-84-0,metabolic syndrome,Fecal microbiota transplantation,"Cohort of 10 subjects: 5 allogenic FMT (from one of three lean donors), 5 autologous (placebo) FMT; 55 fecal metagenomes sequenced from FMT study; 164 total metagenomes across three study groups; Comparison cohort: 109 metagenomes from 48 healthy FMT-naive individuals including Human Microbiome Project data; 1105 detected prokaryotic species; 11.8 million variant positions identified; 42 species across five phyla used for confident SNV tracking; Subjects had not used antibiotics or other medication for at least 3 months before or during treatment"
27126044,No,3,Month,Donor-specific SNV retention (determinant positions); SNV assignment error rate; Proportion of acquired donor-specific species (allogenic FMT); Proportion of newly detected species (placebo); Proportion of newly detected species (healthy); Species shared between donor and recipient; Coexistence of donor and recipient strains (shared species); Species showing resistance to donor strains; Species showing donor-recipient strain coexistence,%; %; %; %; %; %; %; %; %,69.3 ± 21.8 (day 2); 37.6 ± 16.6 (3 months); 11.9; not clearly separated from placebo/healthy fluctuation range in 4/5 cases; 20.8 ± 5.5; 17.7 ± 10.9; 64.5 ± 6.0; 50.7 ± 10.1; 39 ± 23; 44 ± 14,feces,2009/2010,Netherlands,Metabolic syndrome,Metabolic syndrome,Species composition change above range of temporal variation (Euclidean distance); Higher single-site allelic variation in allogenic FMT vs placebo/healthy,FMT1; FMT2; FMT3; FMT4; FMT5; SELF1; SELF2; SELF3; SELF4; SELF5,Homo sapiens,ERR1297581,SAMEA3882550,Illumina HiSeq 2000,allogenic FMT / placebo (autologous) FMT / healthy control,FAT_024-22-2-0,metabolic syndrome,Fecal microbiota transplantation,"Cohort of 10 subjects: 5 allogenic FMT (from one of three lean donors), 5 autologous (placebo) FMT; 55 fecal metagenomes sequenced from FMT study; 164 total metagenomes across three study groups; Comparison cohort: 109 metagenomes from 48 healthy FMT-naive individuals including Human Microbiome Project data; 1105 detected prokaryotic species; 11.8 million variant positions identified; 42 species across five phyla used for confident SNV tracking; Subjects had not used antibiotics or other medication for at least 3 months before or during treatment"
27126044,No,3,Month,Donor-specific SNV retention (determinant positions); SNV assignment error rate; Proportion of acquired donor-specific species (allogenic FMT); Proportion of newly detected species (placebo); Proportion of newly detected species (healthy); Species shared between donor and recipient; Coexistence of donor and recipient strains (shared species); Species showing resistance to donor strains; Species showing donor-recipient strain coexistence,%; %; %; %; %; %; %; %; %,69.3 ± 21.8 (day 2); 37.6 ± 16.6 (3 months); 11.9; not clearly separated from placebo/healthy fluctuation range in 4/5 cases; 20.8 ± 5.5; 17.7 ± 10.9; 64.5 ± 6.0; 50.7 ± 10.1; 39 ± 23; 44 ± 14,feces,2009/2010,Netherlands,Metabolic syndrome,Metabolic syndrome,Species composition change above range of temporal variation (Euclidean distance); Higher single-site allelic variation in allogenic FMT vs placebo/healthy,FMT1; FMT2; FMT3; FMT4; FMT5; SELF1; SELF2; SELF3; SELF4; SELF5,Homo sapiens,ERR1297583,SAMEA3882527,Illumina HiSeq 2000,allogenic FMT / placebo (autologous) FMT / healthy control,FAT_014-22-84-0,metabolic syndrome,Fecal microbiota transplantation,"Cohort of 10 subjects: 5 allogenic FMT (from one of three lean donors), 5 autologous (placebo) FMT; 55 fecal metagenomes sequenced from FMT study; 164 total metagenomes across three study groups; Comparison cohort: 109 metagenomes from 48 healthy FMT-naive individuals including Human Microbiome Project data; 1105 detected prokaryotic species; 11.8 million variant positions identified; 42 species across five phyla used for confident SNV tracking; Subjects had not used antibiotics or other medication for at least 3 months before or during treatment"
27126044,No,3,Month,Donor-specific SNV retention (determinant positions); SNV assignment error rate; Proportion of acquired donor-specific species (allogenic FMT); Proportion of newly detected species (placebo); Proportion of newly detected species (healthy); Species shared between donor and recipient; Coexistence of donor and recipient strains (shared species); Species showing resistance to donor strains; Species showing donor-recipient strain coexistence,%; %; %; %; %; %; %; %; %,69.3 ± 21.8 (day 2); 37.6 ± 16.6 (3 months); 11.9; not clearly separated from placebo/healthy fluctuation range in 4/5 cases; 20.8 ± 5.5; 17.7 ± 10.9; 64.5 ± 6.0; 50.7 ± 10.1; 39 ± 23; 44 ± 14,feces,2009/2010,Netherlands,Metabolic syndrome,Metabolic syndrome,Species composition change above range of temporal variation (Euclidean distance); Higher single-site allelic variation in allogenic FMT vs placebo/healthy,FMT1; FMT2; FMT3; FMT4; FMT5; SELF1; SELF2; SELF3; SELF4; SELF5,Homo sapiens,ERR1297584,SAMEA3882540,Illumina HiSeq 2000,allogenic FMT / placebo (autologous) FMT / healthy control,FAT_020-22-2-0,metabolic syndrome,Fecal microbiota transplantation,"Cohort of 10 subjects: 5 allogenic FMT (from one of three lean donors), 5 autologous (placebo) FMT; 55 fecal metagenomes sequenced from FMT study; 164 total metagenomes across three study groups; Comparison cohort: 109 metagenomes from 48 healthy FMT-naive individuals including Human Microbiome Project data; 1105 detected prokaryotic species; 11.8 million variant positions identified; 42 species across five phyla used for confident SNV tracking; Subjects had not used antibiotics or other medication for at least 3 months before or during treatment"
27126044,No,3,Month,Donor-specific SNV retention (determinant positions); SNV assignment error rate; Proportion of acquired donor-specific species (allogenic FMT); Proportion of newly detected species (placebo); Proportion of newly detected species (healthy); Species shared between donor and recipient; Coexistence of donor and recipient strains (shared species); Species showing resistance to donor strains; Species showing donor-recipient strain coexistence,%; %; %; %; %; %; %; %; %,69.3 ± 21.8 (day 2); 37.6 ± 16.6 (3 months); 11.9; not clearly separated from placebo/healthy fluctuation range in 4/5 cases; 20.8 ± 5.5; 17.7 ± 10.9; 64.5 ± 6.0; 50.7 ± 10.1; 39 ± 23; 44 ± 14,feces,2009/2010,Netherlands,Metabolic syndrome,Metabolic syndrome,Species composition change above range of temporal variation (Euclidean distance); Higher single-site allelic variation in allogenic FMT vs placebo/healthy,FMT1; FMT2; FMT3; FMT4; FMT5; SELF1; SELF2; SELF3; SELF4; SELF5,Homo sapiens,ERR1297585,SAMEA3882538,Illumina HiSeq 2000,allogenic FMT / placebo (autologous) FMT / healthy control,FAT_020-22-0-0,metabolic syndrome,Fecal microbiota transplantation,"Cohort of 10 subjects: 5 allogenic FMT (from one of three lean donors), 5 autologous (placebo) FMT; 55 fecal metagenomes sequenced from FMT study; 164 total metagenomes across three study groups; Comparison cohort: 109 metagenomes from 48 healthy FMT-naive individuals including Human Microbiome Project data; 1105 detected prokaryotic species; 11.8 million variant positions identified; 42 species across five phyla used for confident SNV tracking; Subjects had not used antibiotics or other medication for at least 3 months before or during treatment"
27126044,No,3,Month,Donor-specific SNV retention (determinant positions); SNV assignment error rate; Proportion of acquired donor-specific species (allogenic FMT); Proportion of newly detected species (placebo); Proportion of newly detected species (healthy); Species shared between donor and recipient; Coexistence of donor and recipient strains (shared species); Species showing resistance to donor strains; Species showing donor-recipient strain coexistence,%; %; %; %; %; %; %; %; %,69.3 ± 21.8 (day 2); 37.6 ± 16.6 (3 months); 11.9; not clearly separated from placebo/healthy fluctuation range in 4/5 cases; 20.8 ± 5.5; 17.7 ± 10.9; 64.5 ± 6.0; 50.7 ± 10.1; 39 ± 23; 44 ± 14,feces,2009/2010,Netherlands,Metabolic syndrome,Metabolic syndrome,Species composition change above range of temporal variation (Euclidean distance); Higher single-site allelic variation in allogenic FMT vs placebo/healthy,FMT1; FMT2; FMT3; FMT4; FMT5; SELF1; SELF2; SELF3; SELF4; SELF5,Homo sapiens,ERR1297586,SAMEA3882548,Illumina HiSeq 2000,allogenic FMT / placebo (autologous) FMT / healthy control,FAT_024-22-0-0,metabolic syndrome,Fecal microbiota transplantation,"Cohort of 10 subjects: 5 allogenic FMT (from one of three lean donors), 5 autologous (placebo) FMT; 55 fecal metagenomes sequenced from FMT study; 164 total metagenomes across three study groups; Comparison cohort: 109 metagenomes from 48 healthy FMT-naive individuals including Human Microbiome Project data; 1105 detected prokaryotic species; 11.8 million variant positions identified; 42 species across five phyla used for confident SNV tracking; Subjects had not used antibiotics or other medication for at least 3 months before or during treatment"
27126044,No,3,Month,Donor-specific SNV retention (determinant positions); SNV assignment error rate; Proportion of acquired donor-specific species (allogenic FMT); Proportion of newly detected species (placebo); Proportion of newly detected species (healthy); Species shared between donor and recipient; Coexistence of donor and recipient strains (shared species); Species showing resistance to donor strains; Species showing donor-recipient strain coexistence,%; %; %; %; %; %; %; %; %,69.3 ± 21.8 (day 2); 37.6 ± 16.6 (3 months); 11.9; not clearly separated from placebo/healthy fluctuation range in 4/5 cases; 20.8 ± 5.5; 17.7 ± 10.9; 64.5 ± 6.0; 50.7 ± 10.1; 39 ± 23; 44 ± 14,feces,2009/2010,Netherlands,Metabolic syndrome,Metabolic syndrome,Species composition change above range of temporal variation (Euclidean distance); Higher single-site allelic variation in allogenic FMT vs placebo/healthy,FMT1; FMT2; FMT3; FMT4; FMT5; SELF1; SELF2; SELF3; SELF4; SELF5,Homo sapiens,ERR1297590,SAMEA3882542,Illumina HiSeq 2000,allogenic FMT / placebo (autologous) FMT / healthy control,FAT_020-22-84-0,metabolic syndrome,Fecal microbiota transplantation,"Cohort of 10 subjects: 5 allogenic FMT (from one of three lean donors), 5 autologous (placebo) FMT; 55 fecal metagenomes sequenced from FMT study; 164 total metagenomes across three study groups; Comparison cohort: 109 metagenomes from 48 healthy FMT-naive individuals including Human Microbiome Project data; 1105 detected prokaryotic species; 11.8 million variant positions identified; 42 species across five phyla used for confident SNV tracking; Subjects had not used antibiotics or other medication for at least 3 months before or during treatment"
27126044,No,3,Month,Donor-specific SNV retention (determinant positions); SNV assignment error rate; Proportion of acquired donor-specific species (allogenic FMT); Proportion of newly detected species (placebo); Proportion of newly detected species (healthy); Species shared between donor and recipient; Coexistence of donor and recipient strains (shared species); Species showing resistance to donor strains; Species showing donor-recipient strain coexistence,%; %; %; %; %; %; %; %; %,69.3 ± 21.8 (day 2); 37.6 ± 16.6 (3 months); 11.9; not clearly separated from placebo/healthy fluctuation range in 4/5 cases; 20.8 ± 5.5; 17.7 ± 10.9; 64.5 ± 6.0; 50.7 ± 10.1; 39 ± 23; 44 ± 14,feces,2009/2010,Netherlands,Metabolic syndrome,Metabolic syndrome,Species composition change above range of temporal variation (Euclidean distance); Higher single-site allelic variation in allogenic FMT vs placebo/healthy,FMT1; FMT2; FMT3; FMT4; FMT5; SELF1; SELF2; SELF3; SELF4; SELF5,Homo sapiens,ERR1297591,SAMEA3882518,Illumina HiSeq 2000,allogenic FMT / placebo (autologous) FMT / healthy control,FAT_012-22-0-0,metabolic syndrome,Fecal microbiota transplantation,"Cohort of 10 subjects: 5 allogenic FMT (from one of three lean donors), 5 autologous (placebo) FMT; 55 fecal metagenomes sequenced from FMT study; 164 total metagenomes across three study groups; Comparison cohort: 109 metagenomes from 48 healthy FMT-naive individuals including Human Microbiome Project data; 1105 detected prokaryotic species; 11.8 million variant positions identified; 42 species across five phyla used for confident SNV tracking; Subjects had not used antibiotics or other medication for at least 3 months before or during treatment"
27126044,No,3,Month,Donor-specific SNV retention (determinant positions); SNV assignment error rate; Proportion of acquired donor-specific species (allogenic FMT); Proportion of newly detected species (placebo); Proportion of newly detected species (healthy); Species shared between donor and recipient; Coexistence of donor and recipient strains (shared species); Species showing resistance to donor strains; Species showing donor-recipient strain coexistence,%; %; %; %; %; %; %; %; %,69.3 ± 21.8 (day 2); 37.6 ± 16.6 (3 months); 11.9; not clearly separated from placebo/healthy fluctuation range in 4/5 cases; 20.8 ± 5.5; 17.7 ± 10.9; 64.5 ± 6.0; 50.7 ± 10.1; 39 ± 23; 44 ± 14,feces,2009/2010,Netherlands,Metabolic syndrome,Metabolic syndrome,Species composition change above range of temporal variation (Euclidean distance); Higher single-site allelic variation in allogenic FMT vs placebo/healthy,FMT1; FMT2; FMT3; FMT4; FMT5; SELF1; SELF2; SELF3; SELF4; SELF5,Homo sapiens,ERR1297592,SAMEA3882513,Illumina HiSeq 2000,allogenic FMT / placebo (autologous) FMT / healthy control,FAT_010-22-0-0,metabolic syndrome,Fecal microbiota transplantation,"Cohort of 10 subjects: 5 allogenic FMT (from one of three lean donors), 5 autologous (placebo) FMT; 55 fecal metagenomes sequenced from FMT study; 164 total metagenomes across three study groups; Comparison cohort: 109 metagenomes from 48 healthy FMT-naive individuals including Human Microbiome Project data; 1105 detected prokaryotic species; 11.8 million variant positions identified; 42 species across five phyla used for confident SNV tracking; Subjects had not used antibiotics or other medication for at least 3 months before or during treatment"
27126044,No,3,Month,Donor-specific SNV retention (determinant positions); SNV assignment error rate; Proportion of acquired donor-specific species (allogenic FMT); Proportion of newly detected species (placebo); Proportion of newly detected species (healthy); Species shared between donor and recipient; Coexistence of donor and recipient strains (shared species); Species showing resistance to donor strains; Species showing donor-recipient strain coexistence,%; %; %; %; %; %; %; %; %,69.3 ± 21.8 (day 2); 37.6 ± 16.6 (3 months); 11.9; not clearly separated from placebo/healthy fluctuation range in 4/5 cases; 20.8 ± 5.5; 17.7 ± 10.9; 64.5 ± 6.0; 50.7 ± 10.1; 39 ± 23; 44 ± 14,feces,2009/2010,Netherlands,Metabolic syndrome,Metabolic syndrome,Species composition change above range of temporal variation (Euclidean distance); Higher single-site allelic variation in allogenic FMT vs placebo/healthy,FMT1; FMT2; FMT3; FMT4; FMT5; SELF1; SELF2; SELF3; SELF4; SELF5,Homo sapiens,ERR1297593,SAMEA3882546,Illumina HiSeq 2000,allogenic FMT / placebo (autologous) FMT / healthy control,FAT_023-22-42-0,metabolic syndrome,Fecal microbiota transplantation,"Cohort of 10 subjects: 5 allogenic FMT (from one of three lean donors), 5 autologous (placebo) FMT; 55 fecal metagenomes sequenced from FMT study; 164 total metagenomes across three study groups; Comparison cohort: 109 metagenomes from 48 healthy FMT-naive individuals including Human Microbiome Project data; 1105 detected prokaryotic species; 11.8 million variant positions identified; 42 species across five phyla used for confident SNV tracking; Subjects had not used antibiotics or other medication for at least 3 months before or during treatment"
27126044,No,3,Month,Donor-specific SNV retention (determinant positions); SNV assignment error rate; Proportion of acquired donor-specific species (allogenic FMT); Proportion of newly detected species (placebo); Proportion of newly detected species (healthy); Species shared between donor and recipient; Coexistence of donor and recipient strains (shared species); Species showing resistance to donor strains; Species showing donor-recipient strain coexistence,%; %; %; %; %; %; %; %; %,69.3 ± 21.8 (day 2); 37.6 ± 16.6 (3 months); 11.9; not clearly separated from placebo/healthy fluctuation range in 4/5 cases; 20.8 ± 5.5; 17.7 ± 10.9; 64.5 ± 6.0; 50.7 ± 10.1; 39 ± 23; 44 ± 14,feces,2009/2010,Netherlands,Metabolic syndrome,Metabolic syndrome,Species composition change above range of temporal variation (Euclidean distance); Higher single-site allelic variation in allogenic FMT vs placebo/healthy,FMT1; FMT2; FMT3; FMT4; FMT5; SELF1; SELF2; SELF3; SELF4; SELF5,Homo sapiens,ERR1297594,SAMEA3882534,Illumina HiSeq 2000,allogenic FMT / placebo (autologous) FMT / healthy control,FAT_017-22-14-0,metabolic syndrome,Fecal microbiota transplantation,"Cohort of 10 subjects: 5 allogenic FMT (from one of three lean donors), 5 autologous (placebo) FMT; 55 fecal metagenomes sequenced from FMT study; 164 total metagenomes across three study groups; Comparison cohort: 109 metagenomes from 48 healthy FMT-naive individuals including Human Microbiome Project data; 1105 detected prokaryotic species; 11.8 million variant positions identified; 42 species across five phyla used for confident SNV tracking; Subjects had not used antibiotics or other medication for at least 3 months before or during treatment"
27126044,No,3,Month,Donor-specific SNV retention (determinant positions); SNV assignment error rate; Proportion of acquired donor-specific species (allogenic FMT); Proportion of newly detected species (placebo); Proportion of newly detected species (healthy); Species shared between donor and recipient; Coexistence of donor and recipient strains (shared species); Species showing resistance to donor strains; Species showing donor-recipient strain coexistence,%; %; %; %; %; %; %; %; %,69.3 ± 21.8 (day 2); 37.6 ± 16.6 (3 months); 11.9; not clearly separated from placebo/healthy fluctuation range in 4/5 cases; 20.8 ± 5.5; 17.7 ± 10.9; 64.5 ± 6.0; 50.7 ± 10.1; 39 ± 23; 44 ± 14,feces,2009/2010,Netherlands,Metabolic syndrome,Metabolic syndrome,Species composition change above range of temporal variation (Euclidean distance); Higher single-site allelic variation in allogenic FMT vs placebo/healthy,FMT1; FMT2; FMT3; FMT4; FMT5; SELF1; SELF2; SELF3; SELF4; SELF5,Homo sapiens,ERR1297595,SAMEA3882507,Illumina HiSeq 2000,allogenic FMT / placebo (autologous) FMT / healthy control,FAT_006-22-84-0,metabolic syndrome,Fecal microbiota transplantation,"Cohort of 10 subjects: 5 allogenic FMT (from one of three lean donors), 5 autologous (placebo) FMT; 55 fecal metagenomes sequenced from FMT study; 164 total metagenomes across three study groups; Comparison cohort: 109 metagenomes from 48 healthy FMT-naive individuals including Human Microbiome Project data; 1105 detected prokaryotic species; 11.8 million variant positions identified; 42 species across five phyla used for confident SNV tracking; Subjects had not used antibiotics or other medication for at least 3 months before or during treatment"
27126044,No,3,Month,Donor-specific SNV retention (determinant positions); SNV assignment error rate; Proportion of acquired donor-specific species (allogenic FMT); Proportion of newly detected species (placebo); Proportion of newly detected species (healthy); Species shared between donor and recipient; Coexistence of donor and recipient strains (shared species); Species showing resistance to donor strains; Species showing donor-recipient strain coexistence,%; %; %; %; %; %; %; %; %,69.3 ± 21.8 (day 2); 37.6 ± 16.6 (3 months); 11.9; not clearly separated from placebo/healthy fluctuation range in 4/5 cases; 20.8 ± 5.5; 17.7 ± 10.9; 64.5 ± 6.0; 50.7 ± 10.1; 39 ± 23; 44 ± 14,feces,2009/2010,Netherlands,Metabolic syndrome,Metabolic syndrome,Species composition change above range of temporal variation (Euclidean distance); Higher single-site allelic variation in allogenic FMT vs placebo/healthy,FMT1; FMT2; FMT3; FMT4; FMT5; SELF1; SELF2; SELF3; SELF4; SELF5,Homo sapiens,ERR1297598,SAMEA3882524,Illumina HiSeq 2000,allogenic FMT / placebo (autologous) FMT / healthy control,FAT_014-22-14-0,metabolic syndrome,Fecal microbiota transplantation,"Cohort of 10 subjects: 5 allogenic FMT (from one of three lean donors), 5 autologous (placebo) FMT; 55 fecal metagenomes sequenced from FMT study; 164 total metagenomes across three study groups; Comparison cohort: 109 metagenomes from 48 healthy FMT-naive individuals including Human Microbiome Project data; 1105 detected prokaryotic species; 11.8 million variant positions identified; 42 species across five phyla used for confident SNV tracking; Subjects had not used antibiotics or other medication for at least 3 months before or during treatment"
27126044,No,3,Month,Donor-specific SNV retention (determinant positions); SNV assignment error rate; Proportion of acquired donor-specific species (allogenic FMT); Proportion of newly detected species (placebo); Proportion of newly detected species (healthy); Species shared between donor and recipient; Coexistence of donor and recipient strains (shared species); Species showing resistance to donor strains; Species showing donor-recipient strain coexistence,%; %; %; %; %; %; %; %; %,69.3 ± 21.8 (day 2); 37.6 ± 16.6 (3 months); 11.9; not clearly separated from placebo/healthy fluctuation range in 4/5 cases; 20.8 ± 5.5; 17.7 ± 10.9; 64.5 ± 6.0; 50.7 ± 10.1; 39 ± 23; 44 ± 14,feces,2009/2010,Netherlands,Metabolic syndrome,Metabolic syndrome,Species composition change above range of temporal variation (Euclidean distance); Higher single-site allelic variation in allogenic FMT vs placebo/healthy,FMT1; FMT2; FMT3; FMT4; FMT5; SELF1; SELF2; SELF3; SELF4; SELF5,Homo sapiens,ERR1297599,SAMEA3882505,Illumina HiSeq 2000,allogenic FMT / placebo (autologous) FMT / healthy control,FAT_006-22-2-0,metabolic syndrome,Fecal microbiota transplantation,"Cohort of 10 subjects: 5 allogenic FMT (from one of three lean donors), 5 autologous (placebo) FMT; 55 fecal metagenomes sequenced from FMT study; 164 total metagenomes across three study groups; Comparison cohort: 109 metagenomes from 48 healthy FMT-naive individuals including Human Microbiome Project data; 1105 detected prokaryotic species; 11.8 million variant positions identified; 42 species across five phyla used for confident SNV tracking; Subjects had not used antibiotics or other medication for at least 3 months before or during treatment"
27126044,No,3,Month,Donor-specific SNV retention (determinant positions); SNV assignment error rate; Proportion of acquired donor-specific species (allogenic FMT); Proportion of newly detected species (placebo); Proportion of newly detected species (healthy); Species shared between donor and recipient; Coexistence of donor and recipient strains (shared species); Species showing resistance to donor strains; Species showing donor-recipient strain coexistence,%; %; %; %; %; %; %; %; %,69.3 ± 21.8 (day 2); 37.6 ± 16.6 (3 months); 11.9; not clearly separated from placebo/healthy fluctuation range in 4/5 cases; 20.8 ± 5.5; 17.7 ± 10.9; 64.5 ± 6.0; 50.7 ± 10.1; 39 ± 23; 44 ± 14,feces,2009/2010,Netherlands,Metabolic syndrome,Metabolic syndrome,Species composition change above range of temporal variation (Euclidean distance); Higher single-site allelic variation in allogenic FMT vs placebo/healthy,FMT1; FMT2; FMT3; FMT4; FMT5; SELF1; SELF2; SELF3; SELF4; SELF5,Homo sapiens,ERR1297601,SAMEA3882513,Illumina HiSeq 2000,allogenic FMT / placebo (autologous) FMT / healthy control,FAT_010-22-0-0,metabolic syndrome,Fecal microbiota transplantation,"Cohort of 10 subjects: 5 allogenic FMT (from one of three lean donors), 5 autologous (placebo) FMT; 55 fecal metagenomes sequenced from FMT study; 164 total metagenomes across three study groups; Comparison cohort: 109 metagenomes from 48 healthy FMT-naive individuals including Human Microbiome Project data; 1105 detected prokaryotic species; 11.8 million variant positions identified; 42 species across five phyla used for confident SNV tracking; Subjects had not used antibiotics or other medication for at least 3 months before or during treatment"
27126044,No,3,Month,Donor-specific SNV retention (determinant positions); SNV assignment error rate; Proportion of acquired donor-specific species (allogenic FMT); Proportion of newly detected species (placebo); Proportion of newly detected species (healthy); Species shared between donor and recipient; Coexistence of donor and recipient strains (shared species); Species showing resistance to donor strains; Species showing donor-recipient strain coexistence,%; %; %; %; %; %; %; %; %,69.3 ± 21.8 (day 2); 37.6 ± 16.6 (3 months); 11.9; not clearly separated from placebo/healthy fluctuation range in 4/5 cases; 20.8 ± 5.5; 17.7 ± 10.9; 64.5 ± 6.0; 50.7 ± 10.1; 39 ± 23; 44 ± 14,feces,2009/2010,Netherlands,Metabolic syndrome,Metabolic syndrome,Species composition change above range of temporal variation (Euclidean distance); Higher single-site allelic variation in allogenic FMT vs placebo/healthy,FMT1; FMT2; FMT3; FMT4; FMT5; SELF1; SELF2; SELF3; SELF4; SELF5,Homo sapiens,ERR1297603,SAMEA3882507,Illumina HiSeq 2000,allogenic FMT / placebo (autologous) FMT / healthy control,FAT_006-22-84-0,metabolic syndrome,Fecal microbiota transplantation,"Cohort of 10 subjects: 5 allogenic FMT (from one of three lean donors), 5 autologous (placebo) FMT; 55 fecal metagenomes sequenced from FMT study; 164 total metagenomes across three study groups; Comparison cohort: 109 metagenomes from 48 healthy FMT-naive individuals including Human Microbiome Project data; 1105 detected prokaryotic species; 11.8 million variant positions identified; 42 species across five phyla used for confident SNV tracking; Subjects had not used antibiotics or other medication for at least 3 months before or during treatment"
27126044,No,3,Month,Donor-specific SNV retention (determinant positions); SNV assignment error rate; Proportion of acquired donor-specific species (allogenic FMT); Proportion of newly detected species (placebo); Proportion of newly detected species (healthy); Species shared between donor and recipient; Coexistence of donor and recipient strains (shared species); Species showing resistance to donor strains; Species showing donor-recipient strain coexistence,%; %; %; %; %; %; %; %; %,69.3 ± 21.8 (day 2); 37.6 ± 16.6 (3 months); 11.9; not clearly separated from placebo/healthy fluctuation range in 4/5 cases; 20.8 ± 5.5; 17.7 ± 10.9; 64.5 ± 6.0; 50.7 ± 10.1; 39 ± 23; 44 ± 14,feces,2009/2010,Netherlands,Metabolic syndrome,Metabolic syndrome,Species composition change above range of temporal variation (Euclidean distance); Higher single-site allelic variation in allogenic FMT vs placebo/healthy,FMT1; FMT2; FMT3; FMT4; FMT5; SELF1; SELF2; SELF3; SELF4; SELF5,Homo sapiens,ERR1297605,SAMEA3882529,Illumina HiSeq 2000,allogenic FMT / placebo (autologous) FMT / healthy control,FAT_015-22-14-0,metabolic syndrome,Fecal microbiota transplantation,"Cohort of 10 subjects: 5 allogenic FMT (from one of three lean donors), 5 autologous (placebo) FMT; 55 fecal metagenomes sequenced from FMT study; 164 total metagenomes across three study groups; Comparison cohort: 109 metagenomes from 48 healthy FMT-naive individuals including Human Microbiome Project data; 1105 detected prokaryotic species; 11.8 million variant positions identified; 42 species across five phyla used for confident SNV tracking; Subjects had not used antibiotics or other medication for at least 3 months before or during treatment"
27126044,No,3,Month,Donor-specific SNV retention (determinant positions); SNV assignment error rate; Proportion of acquired donor-specific species (allogenic FMT); Proportion of newly detected species (placebo); Proportion of newly detected species (healthy); Species shared between donor and recipient; Coexistence of donor and recipient strains (shared species); Species showing resistance to donor strains; Species showing donor-recipient strain coexistence,%; %; %; %; %; %; %; %; %,69.3 ± 21.8 (day 2); 37.6 ± 16.6 (3 months); 11.9; not clearly separated from placebo/healthy fluctuation range in 4/5 cases; 20.8 ± 5.5; 17.7 ± 10.9; 64.5 ± 6.0; 50.7 ± 10.1; 39 ± 23; 44 ± 14,feces,2009/2010,Netherlands,Metabolic syndrome,Metabolic syndrome,Species composition change above range of temporal variation (Euclidean distance); Higher single-site allelic variation in allogenic FMT vs placebo/healthy,FMT1; FMT2; FMT3; FMT4; FMT5; SELF1; SELF2; SELF3; SELF4; SELF5,Homo sapiens,ERR1297607,SAMEA3882510,Illumina HiSeq 2000,allogenic FMT / placebo (autologous) FMT / healthy control,FAT_008-22-2-0,metabolic syndrome,Fecal microbiota transplantation,"Cohort of 10 subjects: 5 allogenic FMT (from one of three lean donors), 5 autologous (placebo) FMT; 55 fecal metagenomes sequenced from FMT study; 164 total metagenomes across three study groups; Comparison cohort: 109 metagenomes from 48 healthy FMT-naive individuals including Human Microbiome Project data; 1105 detected prokaryotic species; 11.8 million variant positions identified; 42 species across five phyla used for confident SNV tracking; Subjects had not used antibiotics or other medication for at least 3 months before or during treatment"
27126044,No,3,Month,Donor-specific SNV retention (determinant positions); SNV assignment error rate; Proportion of acquired donor-specific species (allogenic FMT); Proportion of newly detected species (placebo); Proportion of newly detected species (healthy); Species shared between donor and recipient; Coexistence of donor and recipient strains (shared species); Species showing resistance to donor strains; Species showing donor-recipient strain coexistence,%; %; %; %; %; %; %; %; %,69.3 ± 21.8 (day 2); 37.6 ± 16.6 (3 months); 11.9; not clearly separated from placebo/healthy fluctuation range in 4/5 cases; 20.8 ± 5.5; 17.7 ± 10.9; 64.5 ± 6.0; 50.7 ± 10.1; 39 ± 23; 44 ± 14,feces,2009/2010,Netherlands,Metabolic syndrome,Metabolic syndrome,Species composition change above range of temporal variation (Euclidean distance); Higher single-site allelic variation in allogenic FMT vs placebo/healthy,FMT1; FMT2; FMT3; FMT4; FMT5; SELF1; SELF2; SELF3; SELF4; SELF5,Homo sapiens,ERR1297608,SAMEA3882522,Illumina HiSeq 2000,allogenic FMT / placebo (autologous) FMT / healthy control,FAT_012-22-84-0,metabolic syndrome,Fecal microbiota transplantation,"Cohort of 10 subjects: 5 allogenic FMT (from one of three lean donors), 5 autologous (placebo) FMT; 55 fecal metagenomes sequenced from FMT study; 164 total metagenomes across three study groups; Comparison cohort: 109 metagenomes from 48 healthy FMT-naive individuals including Human Microbiome Project data; 1105 detected prokaryotic species; 11.8 million variant positions identified; 42 species across five phyla used for confident SNV tracking; Subjects had not used antibiotics or other medication for at least 3 months before or during treatment"
27126044,No,3,Month,Donor-specific SNV retention (determinant positions); SNV assignment error rate; Proportion of acquired donor-specific species (allogenic FMT); Proportion of newly detected species (placebo); Proportion of newly detected species (healthy); Species shared between donor and recipient; Coexistence of donor and recipient strains (shared species); Species showing resistance to donor strains; Species showing donor-recipient strain coexistence,%; %; %; %; %; %; %; %; %,69.3 ± 21.8 (day 2); 37.6 ± 16.6 (3 months); 11.9; not clearly separated from placebo/healthy fluctuation range in 4/5 cases; 20.8 ± 5.5; 17.7 ± 10.9; 64.5 ± 6.0; 50.7 ± 10.1; 39 ± 23; 44 ± 14,feces,2009/2010,Netherlands,Metabolic syndrome,Metabolic syndrome,Species composition change above range of temporal variation (Euclidean distance); Higher single-site allelic variation in allogenic FMT vs placebo/healthy,FMT1; FMT2; FMT3; FMT4; FMT5; SELF1; SELF2; SELF3; SELF4; SELF5,Homo sapiens,ERR1297612,SAMEA3882508,Illumina HiSeq 2000,allogenic FMT / placebo (autologous) FMT / healthy control,FAT_008-22-0-0,metabolic syndrome,Fecal microbiota transplantation,"Cohort of 10 subjects: 5 allogenic FMT (from one of three lean donors), 5 autologous (placebo) FMT; 55 fecal metagenomes sequenced from FMT study; 164 total metagenomes across three study groups; Comparison cohort: 109 metagenomes from 48 healthy FMT-naive individuals including Human Microbiome Project data; 1105 detected prokaryotic species; 11.8 million variant positions identified; 42 species across five phyla used for confident SNV tracking; Subjects had not used antibiotics or other medication for at least 3 months before or during treatment"
27126044,No,3,Month,Donor-specific SNV retention (determinant positions); SNV assignment error rate; Proportion of acquired donor-specific species (allogenic FMT); Proportion of newly detected species (placebo); Proportion of newly detected species (healthy); Species shared between donor and recipient; Coexistence of donor and recipient strains (shared species); Species showing resistance to donor strains; Species showing donor-recipient strain coexistence,%; %; %; %; %; %; %; %; %,69.3 ± 21.8 (day 2); 37.6 ± 16.6 (3 months); 11.9; not clearly separated from placebo/healthy fluctuation range in 4/5 cases; 20.8 ± 5.5; 17.7 ± 10.9; 64.5 ± 6.0; 50.7 ± 10.1; 39 ± 23; 44 ± 14,feces,2009/2010,Netherlands,Metabolic syndrome,Metabolic syndrome,Species composition change above range of temporal variation (Euclidean distance); Higher single-site allelic variation in allogenic FMT vs placebo/healthy,FMT1; FMT2; FMT3; FMT4; FMT5; SELF1; SELF2; SELF3; SELF4; SELF5,Homo sapiens,ERR1297613,SAMEA3882528,Illumina HiSeq 2000,allogenic FMT / placebo (autologous) FMT / healthy control,FAT_015-22-0-0,metabolic syndrome,Fecal microbiota transplantation,"Cohort of 10 subjects: 5 allogenic FMT (from one of three lean donors), 5 autologous (placebo) FMT; 55 fecal metagenomes sequenced from FMT study; 164 total metagenomes across three study groups; Comparison cohort: 109 metagenomes from 48 healthy FMT-naive individuals including Human Microbiome Project data; 1105 detected prokaryotic species; 11.8 million variant positions identified; 42 species across five phyla used for confident SNV tracking; Subjects had not used antibiotics or other medication for at least 3 months before or during treatment"
27126044,No,3,Month,Donor-specific SNV retention (determinant positions); SNV assignment error rate; Proportion of acquired donor-specific species (allogenic FMT); Proportion of newly detected species (placebo); Proportion of newly detected species (healthy); Species shared between donor and recipient; Coexistence of donor and recipient strains (shared species); Species showing resistance to donor strains; Species showing donor-recipient strain coexistence,%; %; %; %; %; %; %; %; %,69.3 ± 21.8 (day 2); 37.6 ± 16.6 (3 months); 11.9; not clearly separated from placebo/healthy fluctuation range in 4/5 cases; 20.8 ± 5.5; 17.7 ± 10.9; 64.5 ± 6.0; 50.7 ± 10.1; 39 ± 23; 44 ± 14,feces,2009/2010,Netherlands,Metabolic syndrome,Metabolic syndrome,Species composition change above range of temporal variation (Euclidean distance); Higher single-site allelic variation in allogenic FMT vs placebo/healthy,FMT1; FMT2; FMT3; FMT4; FMT5; SELF1; SELF2; SELF3; SELF4; SELF5,Homo sapiens,ERR1297614,SAMEA3882549,Illumina HiSeq 2000,allogenic FMT / placebo (autologous) FMT / healthy control,FAT_024-22-14-0,metabolic syndrome,Fecal microbiota transplantation,"Cohort of 10 subjects: 5 allogenic FMT (from one of three lean donors), 5 autologous (placebo) FMT; 55 fecal metagenomes sequenced from FMT study; 164 total metagenomes across three study groups; Comparison cohort: 109 metagenomes from 48 healthy FMT-naive individuals including Human Microbiome Project data; 1105 detected prokaryotic species; 11.8 million variant positions identified; 42 species across five phyla used for confident SNV tracking; Subjects had not used antibiotics or other medication for at least 3 months before or during treatment"
27126044,No,3,Month,Donor-specific SNV retention (determinant positions); SNV assignment error rate; Proportion of acquired donor-specific species (allogenic FMT); Proportion of newly detected species (placebo); Proportion of newly detected species (healthy); Species shared between donor and recipient; Coexistence of donor and recipient strains (shared species); Species showing resistance to donor strains; Species showing donor-recipient strain coexistence,%; %; %; %; %; %; %; %; %,69.3 ± 21.8 (day 2); 37.6 ± 16.6 (3 months); 11.9; not clearly separated from placebo/healthy fluctuation range in 4/5 cases; 20.8 ± 5.5; 17.7 ± 10.9; 64.5 ± 6.0; 50.7 ± 10.1; 39 ± 23; 44 ± 14,feces,2009/2010,Netherlands,Metabolic syndrome,Metabolic syndrome,Species composition change above range of temporal variation (Euclidean distance); Higher single-site allelic variation in allogenic FMT vs placebo/healthy,FMT1; FMT2; FMT3; FMT4; FMT5; SELF1; SELF2; SELF3; SELF4; SELF5,Homo sapiens,ERR1297617,SAMEA3882536,Illumina HiSeq 2000,allogenic FMT / placebo (autologous) FMT / healthy control,FAT_017-22-42-0,metabolic syndrome,Fecal microbiota transplantation,"Cohort of 10 subjects: 5 allogenic FMT (from one of three lean donors), 5 autologous (placebo) FMT; 55 fecal metagenomes sequenced from FMT study; 164 total metagenomes across three study groups; Comparison cohort: 109 metagenomes from 48 healthy FMT-naive individuals including Human Microbiome Project data; 1105 detected prokaryotic species; 11.8 million variant positions identified; 42 species across five phyla used for confident SNV tracking; Subjects had not used antibiotics or other medication for at least 3 months before or during treatment"
27126044,No,3,Month,Donor-specific SNV retention (determinant positions); SNV assignment error rate; Proportion of acquired donor-specific species (allogenic FMT); Proportion of newly detected species (placebo); Proportion of newly detected species (healthy); Species shared between donor and recipient; Coexistence of donor and recipient strains (shared species); Species showing resistance to donor strains; Species showing donor-recipient strain coexistence,%; %; %; %; %; %; %; %; %,69.3 ± 21.8 (day 2); 37.6 ± 16.6 (3 months); 11.9; not clearly separated from placebo/healthy fluctuation range in 4/5 cases; 20.8 ± 5.5; 17.7 ± 10.9; 64.5 ± 6.0; 50.7 ± 10.1; 39 ± 23; 44 ± 14,feces,2009/2010,Netherlands,Metabolic syndrome,Metabolic syndrome,Species composition change above range of temporal variation (Euclidean distance); Higher single-site allelic variation in allogenic FMT vs placebo/healthy,FMT1; FMT2; FMT3; FMT4; FMT5; SELF1; SELF2; SELF3; SELF4; SELF5,Homo sapiens,ERR1297618,SAMEA3882533,Illumina HiSeq 2000,allogenic FMT / placebo (autologous) FMT / healthy control,FAT_017-22-0-0,metabolic syndrome,Fecal microbiota transplantation,"Cohort of 10 subjects: 5 allogenic FMT (from one of three lean donors), 5 autologous (placebo) FMT; 55 fecal metagenomes sequenced from FMT study; 164 total metagenomes across three study groups; Comparison cohort: 109 metagenomes from 48 healthy FMT-naive individuals including Human Microbiome Project data; 1105 detected prokaryotic species; 11.8 million variant positions identified; 42 species across five phyla used for confident SNV tracking; Subjects had not used antibiotics or other medication for at least 3 months before or during treatment"
27126044,No,3,Month,Donor-specific SNV retention (determinant positions); SNV assignment error rate; Proportion of acquired donor-specific species (allogenic FMT); Proportion of newly detected species (placebo); Proportion of newly detected species (healthy); Species shared between donor and recipient; Coexistence of donor and recipient strains (shared species); Species showing resistance to donor strains; Species showing donor-recipient strain coexistence,%; %; %; %; %; %; %; %; %,69.3 ± 21.8 (day 2); 37.6 ± 16.6 (3 months); 11.9; not clearly separated from placebo/healthy fluctuation range in 4/5 cases; 20.8 ± 5.5; 17.7 ± 10.9; 64.5 ± 6.0; 50.7 ± 10.1; 39 ± 23; 44 ± 14,feces,2009/2010,Netherlands,Metabolic syndrome,Metabolic syndrome,Species composition change above range of temporal variation (Euclidean distance); Higher single-site allelic variation in allogenic FMT vs placebo/healthy,FMT1; FMT2; FMT3; FMT4; FMT5; SELF1; SELF2; SELF3; SELF4; SELF5,Homo sapiens,ERR1297621,SAMEA3882521,Illumina HiSeq 2000,allogenic FMT / placebo (autologous) FMT / healthy control,FAT_012-22-42-0,metabolic syndrome,Fecal microbiota transplantation,"Cohort of 10 subjects: 5 allogenic FMT (from one of three lean donors), 5 autologous (placebo) FMT; 55 fecal metagenomes sequenced from FMT study; 164 total metagenomes across three study groups; Comparison cohort: 109 metagenomes from 48 healthy FMT-naive individuals including Human Microbiome Project data; 1105 detected prokaryotic species; 11.8 million variant positions identified; 42 species across five phyla used for confident SNV tracking; Subjects had not used antibiotics or other medication for at least 3 months before or during treatment"
27126044,No,3,Month,Donor-specific SNV retention (determinant positions); SNV assignment error rate; Proportion of acquired donor-specific species (allogenic FMT); Proportion of newly detected species (placebo); Proportion of newly detected species (healthy); Species shared between donor and recipient; Coexistence of donor and recipient strains (shared species); Species showing resistance to donor strains; Species showing donor-recipient strain coexistence,%; %; %; %; %; %; %; %; %,69.3 ± 21.8 (day 2); 37.6 ± 16.6 (3 months); 11.9; not clearly separated from placebo/healthy fluctuation range in 4/5 cases; 20.8 ± 5.5; 17.7 ± 10.9; 64.5 ± 6.0; 50.7 ± 10.1; 39 ± 23; 44 ± 14,feces,2009/2010,Netherlands,Metabolic syndrome,Metabolic syndrome,Species composition change above range of temporal variation (Euclidean distance); Higher single-site allelic variation in allogenic FMT vs placebo/healthy,FMT1; FMT2; FMT3; FMT4; FMT5; SELF1; SELF2; SELF3; SELF4; SELF5,Homo sapiens,ERR1297622,SAMEA3882537,Illumina HiSeq 2000,allogenic FMT / placebo (autologous) FMT / healthy control,FAT_017-22-84-0,metabolic syndrome,Fecal microbiota transplantation,"Cohort of 10 subjects: 5 allogenic FMT (from one of three lean donors), 5 autologous (placebo) FMT; 55 fecal metagenomes sequenced from FMT study; 164 total metagenomes across three study groups; Comparison cohort: 109 metagenomes from 48 healthy FMT-naive individuals including Human Microbiome Project data; 1105 detected prokaryotic species; 11.8 million variant positions identified; 42 species across five phyla used for confident SNV tracking; Subjects had not used antibiotics or other medication for at least 3 months before or during treatment"
27126044,No,3,Month,Donor-specific SNV retention (determinant positions); SNV assignment error rate; Proportion of acquired donor-specific species (allogenic FMT); Proportion of newly detected species (placebo); Proportion of newly detected species (healthy); Species shared between donor and recipient; Coexistence of donor and recipient strains (shared species); Species showing resistance to donor strains; Species showing donor-recipient strain coexistence,%; %; %; %; %; %; %; %; %,69.3 ± 21.8 (day 2); 37.6 ± 16.6 (3 months); 11.9; not clearly separated from placebo/healthy fluctuation range in 4/5 cases; 20.8 ± 5.5; 17.7 ± 10.9; 64.5 ± 6.0; 50.7 ± 10.1; 39 ± 23; 44 ± 14,feces,2009/2010,Netherlands,Metabolic syndrome,Metabolic syndrome,Species composition change above range of temporal variation (Euclidean distance); Higher single-site allelic variation in allogenic FMT vs placebo/healthy,FMT1; FMT2; FMT3; FMT4; FMT5; SELF1; SELF2; SELF3; SELF4; SELF5,Homo sapiens,ERR1297624,SAMEA3882511,Illumina HiSeq 2000,allogenic FMT / placebo (autologous) FMT / healthy control,FAT_008-22-42-0,metabolic syndrome,Fecal microbiota transplantation,"Cohort of 10 subjects: 5 allogenic FMT (from one of three lean donors), 5 autologous (placebo) FMT; 55 fecal metagenomes sequenced from FMT study; 164 total metagenomes across three study groups; Comparison cohort: 109 metagenomes from 48 healthy FMT-naive individuals including Human Microbiome Project data; 1105 detected prokaryotic species; 11.8 million variant positions identified; 42 species across five phyla used for confident SNV tracking; Subjects had not used antibiotics or other medication for at least 3 months before or during treatment"
27126044,No,3,Month,Donor-specific SNV retention (determinant positions); SNV assignment error rate; Proportion of acquired donor-specific species (allogenic FMT); Proportion of newly detected species (placebo); Proportion of newly detected species (healthy); Species shared between donor and recipient; Coexistence of donor and recipient strains (shared species); Species showing resistance to donor strains; Species showing donor-recipient strain coexistence,%; %; %; %; %; %; %; %; %,69.3 ± 21.8 (day 2); 37.6 ± 16.6 (3 months); 11.9; not clearly separated from placebo/healthy fluctuation range in 4/5 cases; 20.8 ± 5.5; 17.7 ± 10.9; 64.5 ± 6.0; 50.7 ± 10.1; 39 ± 23; 44 ± 14,feces,2009/2010,Netherlands,Metabolic syndrome,Metabolic syndrome,Species composition change above range of temporal variation (Euclidean distance); Higher single-site allelic variation in allogenic FMT vs placebo/healthy,FMT1; FMT2; FMT3; FMT4; FMT5; SELF1; SELF2; SELF3; SELF4; SELF5,Homo sapiens,ERR1297625,SAMEA3882543,Illumina HiSeq 2000,allogenic FMT / placebo (autologous) FMT / healthy control,FAT_023-22-0-0,metabolic syndrome,Fecal microbiota transplantation,"Cohort of 10 subjects: 5 allogenic FMT (from one of three lean donors), 5 autologous (placebo) FMT; 55 fecal metagenomes sequenced from FMT study; 164 total metagenomes across three study groups; Comparison cohort: 109 metagenomes from 48 healthy FMT-naive individuals including Human Microbiome Project data; 1105 detected prokaryotic species; 11.8 million variant positions identified; 42 species across five phyla used for confident SNV tracking; Subjects had not used antibiotics or other medication for at least 3 months before or during treatment"
27126044,No,3,Month,Donor-specific SNV retention (determinant positions); SNV assignment error rate; Proportion of acquired donor-specific species (allogenic FMT); Proportion of newly detected species (placebo); Proportion of newly detected species (healthy); Species shared between donor and recipient; Coexistence of donor and recipient strains (shared species); Species showing resistance to donor strains; Species showing donor-recipient strain coexistence,%; %; %; %; %; %; %; %; %,69.3 ± 21.8 (day 2); 37.6 ± 16.6 (3 months); 11.9; not clearly separated from placebo/healthy fluctuation range in 4/5 cases; 20.8 ± 5.5; 17.7 ± 10.9; 64.5 ± 6.0; 50.7 ± 10.1; 39 ± 23; 44 ± 14,feces,2009/2010,Netherlands,Metabolic syndrome,Metabolic syndrome,Species composition change above range of temporal variation (Euclidean distance); Higher single-site allelic variation in allogenic FMT vs placebo/healthy,FMT1; FMT2; FMT3; FMT4; FMT5; SELF1; SELF2; SELF3; SELF4; SELF5,Homo sapiens,ERR1297628,SAMEA3882557,Illumina HiSeq 2000,allogenic FMT / placebo (autologous) FMT / healthy control,FAT_DON_8-22-0-0,metabolic syndrome,Fecal microbiota transplantation,"Cohort of 10 subjects: 5 allogenic FMT (from one of three lean donors), 5 autologous (placebo) FMT; 55 fecal metagenomes sequenced from FMT study; 164 total metagenomes across three study groups; Comparison cohort: 109 metagenomes from 48 healthy FMT-naive individuals including Human Microbiome Project data; 1105 detected prokaryotic species; 11.8 million variant positions identified; 42 species across five phyla used for confident SNV tracking; Subjects had not used antibiotics or other medication for at least 3 months before or during treatment"
27126044,No,3,Month,Donor-specific SNV retention (determinant positions); SNV assignment error rate; Proportion of acquired donor-specific species (allogenic FMT); Proportion of newly detected species (placebo); Proportion of newly detected species (healthy); Species shared between donor and recipient; Coexistence of donor and recipient strains (shared species); Species showing resistance to donor strains; Species showing donor-recipient strain coexistence,%; %; %; %; %; %; %; %; %,69.3 ± 21.8 (day 2); 37.6 ± 16.6 (3 months); 11.9; not clearly separated from placebo/healthy fluctuation range in 4/5 cases; 20.8 ± 5.5; 17.7 ± 10.9; 64.5 ± 6.0; 50.7 ± 10.1; 39 ± 23; 44 ± 14,feces,2009/2010,Netherlands,Metabolic syndrome,Metabolic syndrome,Species composition change above range of temporal variation (Euclidean distance); Higher single-site allelic variation in allogenic FMT vs placebo/healthy,FMT1; FMT2; FMT3; FMT4; FMT5; SELF1; SELF2; SELF3; SELF4; SELF5,Homo sapiens,ERR1297629,SAMEA3882513,Illumina HiSeq 2000,allogenic FMT / placebo (autologous) FMT / healthy control,FAT_010-22-0-0,metabolic syndrome,Fecal microbiota transplantation,"Cohort of 10 subjects: 5 allogenic FMT (from one of three lean donors), 5 autologous (placebo) FMT; 55 fecal metagenomes sequenced from FMT study; 164 total metagenomes across three study groups; Comparison cohort: 109 metagenomes from 48 healthy FMT-naive individuals including Human Microbiome Project data; 1105 detected prokaryotic species; 11.8 million variant positions identified; 42 species across five phyla used for confident SNV tracking; Subjects had not used antibiotics or other medication for at least 3 months before or during treatment"
27126044,No,3,Month,Donor-specific SNV retention (determinant positions); SNV assignment error rate; Proportion of acquired donor-specific species (allogenic FMT); Proportion of newly detected species (placebo); Proportion of newly detected species (healthy); Species shared between donor and recipient; Coexistence of donor and recipient strains (shared species); Species showing resistance to donor strains; Species showing donor-recipient strain coexistence,%; %; %; %; %; %; %; %; %,69.3 ± 21.8 (day 2); 37.6 ± 16.6 (3 months); 11.9; not clearly separated from placebo/healthy fluctuation range in 4/5 cases; 20.8 ± 5.5; 17.7 ± 10.9; 64.5 ± 6.0; 50.7 ± 10.1; 39 ± 23; 44 ± 14,feces,2009/2010,Netherlands,Metabolic syndrome,Metabolic syndrome,Species composition change above range of temporal variation (Euclidean distance); Higher single-site allelic variation in allogenic FMT vs placebo/healthy,FMT1; FMT2; FMT3; FMT4; FMT5; SELF1; SELF2; SELF3; SELF4; SELF5,Homo sapiens,ERR1297630,SAMEA3882554,Illumina HiSeq 2000,allogenic FMT / placebo (autologous) FMT / healthy control,FAT_DON_11-22-0-5,metabolic syndrome,Fecal microbiota transplantation,"Cohort of 10 subjects: 5 allogenic FMT (from one of three lean donors), 5 autologous (placebo) FMT; 55 fecal metagenomes sequenced from FMT study; 164 total metagenomes across three study groups; Comparison cohort: 109 metagenomes from 48 healthy FMT-naive individuals including Human Microbiome Project data; 1105 detected prokaryotic species; 11.8 million variant positions identified; 42 species across five phyla used for confident SNV tracking; Subjects had not used antibiotics or other medication for at least 3 months before or during treatment"
27126044,No,3,Month,Donor-specific SNV retention (determinant positions); SNV assignment error rate; Proportion of acquired donor-specific species (allogenic FMT); Proportion of newly detected species (placebo); Proportion of newly detected species (healthy); Species shared between donor and recipient; Coexistence of donor and recipient strains (shared species); Species showing resistance to donor strains; Species showing donor-recipient strain coexistence,%; %; %; %; %; %; %; %; %,69.3 ± 21.8 (day 2); 37.6 ± 16.6 (3 months); 11.9; not clearly separated from placebo/healthy fluctuation range in 4/5 cases; 20.8 ± 5.5; 17.7 ± 10.9; 64.5 ± 6.0; 50.7 ± 10.1; 39 ± 23; 44 ± 14,feces,2009/2010,Netherlands,Metabolic syndrome,Metabolic syndrome,Species composition change above range of temporal variation (Euclidean distance); Higher single-site allelic variation in allogenic FMT vs placebo/healthy,FMT1; FMT2; FMT3; FMT4; FMT5; SELF1; SELF2; SELF3; SELF4; SELF5,Homo sapiens,ERR1297634,SAMEA3882544,Illumina HiSeq 2000,allogenic FMT / placebo (autologous) FMT / healthy control,FAT_023-22-14-0,metabolic syndrome,Fecal microbiota transplantation,"Cohort of 10 subjects: 5 allogenic FMT (from one of three lean donors), 5 autologous (placebo) FMT; 55 fecal metagenomes sequenced from FMT study; 164 total metagenomes across three study groups; Comparison cohort: 109 metagenomes from 48 healthy FMT-naive individuals including Human Microbiome Project data; 1105 detected prokaryotic species; 11.8 million variant positions identified; 42 species across five phyla used for confident SNV tracking; Subjects had not used antibiotics or other medication for at least 3 months before or during treatment"
27126044,No,3,Month,Donor-specific SNV retention (determinant positions); SNV assignment error rate; Proportion of acquired donor-specific species (allogenic FMT); Proportion of newly detected species (placebo); Proportion of newly detected species (healthy); Species shared between donor and recipient; Coexistence of donor and recipient strains (shared species); Species showing resistance to donor strains; Species showing donor-recipient strain coexistence,%; %; %; %; %; %; %; %; %,69.3 ± 21.8 (day 2); 37.6 ± 16.6 (3 months); 11.9; not clearly separated from placebo/healthy fluctuation range in 4/5 cases; 20.8 ± 5.5; 17.7 ± 10.9; 64.5 ± 6.0; 50.7 ± 10.1; 39 ± 23; 44 ± 14,feces,2009/2010,Netherlands,Metabolic syndrome,Metabolic syndrome,Species composition change above range of temporal variation (Euclidean distance); Higher single-site allelic variation in allogenic FMT vs placebo/healthy,FMT1; FMT2; FMT3; FMT4; FMT5; SELF1; SELF2; SELF3; SELF4; SELF5,Homo sapiens,ERR1297639,SAMEA3882548,Illumina HiSeq 2000,allogenic FMT / placebo (autologous) FMT / healthy control,FAT_024-22-0-0,metabolic syndrome,Fecal microbiota transplantation,"Cohort of 10 subjects: 5 allogenic FMT (from one of three lean donors), 5 autologous (placebo) FMT; 55 fecal metagenomes sequenced from FMT study; 164 total metagenomes across three study groups; Comparison cohort: 109 metagenomes from 48 healthy FMT-naive individuals including Human Microbiome Project data; 1105 detected prokaryotic species; 11.8 million variant positions identified; 42 species across five phyla used for confident SNV tracking; Subjects had not used antibiotics or other medication for at least 3 months before or during treatment"
27126044,No,3,Month,Donor-specific SNV retention (determinant positions); SNV assignment error rate; Proportion of acquired donor-specific species (allogenic FMT); Proportion of newly detected species (placebo); Proportion of newly detected species (healthy); Species shared between donor and recipient; Coexistence of donor and recipient strains (shared species); Species showing resistance to donor strains; Species showing donor-recipient strain coexistence,%; %; %; %; %; %; %; %; %,69.3 ± 21.8 (day 2); 37.6 ± 16.6 (3 months); 11.9; not clearly separated from placebo/healthy fluctuation range in 4/5 cases; 20.8 ± 5.5; 17.7 ± 10.9; 64.5 ± 6.0; 50.7 ± 10.1; 39 ± 23; 44 ± 14,feces,2009/2010,Netherlands,Metabolic syndrome,Metabolic syndrome,Species composition change above range of temporal variation (Euclidean distance); Higher single-site allelic variation in allogenic FMT vs placebo/healthy,FMT1; FMT2; FMT3; FMT4; FMT5; SELF1; SELF2; SELF3; SELF4; SELF5,Homo sapiens,ERR1297641,SAMEA3882535,Illumina HiSeq 2000,allogenic FMT / placebo (autologous) FMT / healthy control,FAT_017-22-2-0,metabolic syndrome,Fecal microbiota transplantation,"Cohort of 10 subjects: 5 allogenic FMT (from one of three lean donors), 5 autologous (placebo) FMT; 55 fecal metagenomes sequenced from FMT study; 164 total metagenomes across three study groups; Comparison cohort: 109 metagenomes from 48 healthy FMT-naive individuals including Human Microbiome Project data; 1105 detected prokaryotic species; 11.8 million variant positions identified; 42 species across five phyla used for confident SNV tracking; Subjects had not used antibiotics or other medication for at least 3 months before or during treatment"
27126044,No,3,Month,Donor-specific SNV retention (determinant positions); SNV assignment error rate; Proportion of acquired donor-specific species (allogenic FMT); Proportion of newly detected species (placebo); Proportion of newly detected species (healthy); Species shared between donor and recipient; Coexistence of donor and recipient strains (shared species); Species showing resistance to donor strains; Species showing donor-recipient strain coexistence,%; %; %; %; %; %; %; %; %,69.3 ± 21.8 (day 2); 37.6 ± 16.6 (3 months); 11.9; not clearly separated from placebo/healthy fluctuation range in 4/5 cases; 20.8 ± 5.5; 17.7 ± 10.9; 64.5 ± 6.0; 50.7 ± 10.1; 39 ± 23; 44 ± 14,feces,2009/2010,Netherlands,Metabolic syndrome,Metabolic syndrome,Species composition change above range of temporal variation (Euclidean distance); Higher single-site allelic variation in allogenic FMT vs placebo/healthy,FMT1; FMT2; FMT3; FMT4; FMT5; SELF1; SELF2; SELF3; SELF4; SELF5,Homo sapiens,ERR1297642,SAMEA3882551,Illumina HiSeq 2000,allogenic FMT / placebo (autologous) FMT / healthy control,FAT_024-22-42-0,metabolic syndrome,Fecal microbiota transplantation,"Cohort of 10 subjects: 5 allogenic FMT (from one of three lean donors), 5 autologous (placebo) FMT; 55 fecal metagenomes sequenced from FMT study; 164 total metagenomes across three study groups; Comparison cohort: 109 metagenomes from 48 healthy FMT-naive individuals including Human Microbiome Project data; 1105 detected prokaryotic species; 11.8 million variant positions identified; 42 species across five phyla used for confident SNV tracking; Subjects had not used antibiotics or other medication for at least 3 months before or during treatment"
27126044,No,3,Month,Donor-specific SNV retention (determinant positions); SNV assignment error rate; Proportion of acquired donor-specific species (allogenic FMT); Proportion of newly detected species (placebo); Proportion of newly detected species (healthy); Species shared between donor and recipient; Coexistence of donor and recipient strains (shared species); Species showing resistance to donor strains; Species showing donor-recipient strain coexistence,%; %; %; %; %; %; %; %; %,69.3 ± 21.8 (day 2); 37.6 ± 16.6 (3 months); 11.9; not clearly separated from placebo/healthy fluctuation range in 4/5 cases; 20.8 ± 5.5; 17.7 ± 10.9; 64.5 ± 6.0; 50.7 ± 10.1; 39 ± 23; 44 ± 14,feces,2009/2010,Netherlands,Metabolic syndrome,Metabolic syndrome,Species composition change above range of temporal variation (Euclidean distance); Higher single-site allelic variation in allogenic FMT vs placebo/healthy,FMT1; FMT2; FMT3; FMT4; FMT5; SELF1; SELF2; SELF3; SELF4; SELF5,Homo sapiens,ERR1297643,SAMEA3882552,Illumina HiSeq 2000,allogenic FMT / placebo (autologous) FMT / healthy control,FAT_024-22-84-0,metabolic syndrome,Fecal microbiota transplantation,"Cohort of 10 subjects: 5 allogenic FMT (from one of three lean donors), 5 autologous (placebo) FMT; 55 fecal metagenomes sequenced from FMT study; 164 total metagenomes across three study groups; Comparison cohort: 109 metagenomes from 48 healthy FMT-naive individuals including Human Microbiome Project data; 1105 detected prokaryotic species; 11.8 million variant positions identified; 42 species across five phyla used for confident SNV tracking; Subjects had not used antibiotics or other medication for at least 3 months before or during treatment"
27126044,No,3,Month,Donor-specific SNV retention (determinant positions); SNV assignment error rate; Proportion of acquired donor-specific species (allogenic FMT); Proportion of newly detected species (placebo); Proportion of newly detected species (healthy); Species shared between donor and recipient; Coexistence of donor and recipient strains (shared species); Species showing resistance to donor strains; Species showing donor-recipient strain coexistence,%; %; %; %; %; %; %; %; %,69.3 ± 21.8 (day 2); 37.6 ± 16.6 (3 months); 11.9; not clearly separated from placebo/healthy fluctuation range in 4/5 cases; 20.8 ± 5.5; 17.7 ± 10.9; 64.5 ± 6.0; 50.7 ± 10.1; 39 ± 23; 44 ± 14,feces,2009/2010,Netherlands,Metabolic syndrome,Metabolic syndrome,Species composition change above range of temporal variation (Euclidean distance); Higher single-site allelic variation in allogenic FMT vs placebo/healthy,FMT1; FMT2; FMT3; FMT4; FMT5; SELF1; SELF2; SELF3; SELF4; SELF5,Homo sapiens,ERR1297644,SAMEA3882504,Illumina HiSeq 2000,allogenic FMT / placebo (autologous) FMT / healthy control,FAT_006-22-14-0,metabolic syndrome,Fecal microbiota transplantation,"Cohort of 10 subjects: 5 allogenic FMT (from one of three lean donors), 5 autologous (placebo) FMT; 55 fecal metagenomes sequenced from FMT study; 164 total metagenomes across three study groups; Comparison cohort: 109 metagenomes from 48 healthy FMT-naive individuals including Human Microbiome Project data; 1105 detected prokaryotic species; 11.8 million variant positions identified; 42 species across five phyla used for confident SNV tracking; Subjects had not used antibiotics or other medication for at least 3 months before or during treatment"
27126044,No,3,Month,Donor-specific SNV retention (determinant positions); SNV assignment error rate; Proportion of acquired donor-specific species (allogenic FMT); Proportion of newly detected species (placebo); Proportion of newly detected species (healthy); Species shared between donor and recipient; Coexistence of donor and recipient strains (shared species); Species showing resistance to donor strains; Species showing donor-recipient strain coexistence,%; %; %; %; %; %; %; %; %,69.3 ± 21.8 (day 2); 37.6 ± 16.6 (3 months); 11.9; not clearly separated from placebo/healthy fluctuation range in 4/5 cases; 20.8 ± 5.5; 17.7 ± 10.9; 64.5 ± 6.0; 50.7 ± 10.1; 39 ± 23; 44 ± 14,feces,2009/2010,Netherlands,Metabolic syndrome,Metabolic syndrome,Species composition change above range of temporal variation (Euclidean distance); Higher single-site allelic variation in allogenic FMT vs placebo/healthy,FMT1; FMT2; FMT3; FMT4; FMT5; SELF1; SELF2; SELF3; SELF4; SELF5,Homo sapiens,ERR1297646,SAMEA3882533,Illumina HiSeq 2000,allogenic FMT / placebo (autologous) FMT / healthy control,FAT_017-22-0-0,metabolic syndrome,Fecal microbiota transplantation,"Cohort of 10 subjects: 5 allogenic FMT (from one of three lean donors), 5 autologous (placebo) FMT; 55 fecal metagenomes sequenced from FMT study; 164 total metagenomes across three study groups; Comparison cohort: 109 metagenomes from 48 healthy FMT-naive individuals including Human Microbiome Project data; 1105 detected prokaryotic species; 11.8 million variant positions identified; 42 species across five phyla used for confident SNV tracking; Subjects had not used antibiotics or other medication for at least 3 months before or during treatment"
27126044,No,3,Month,Donor-specific SNV retention (determinant positions); SNV assignment error rate; Proportion of acquired donor-specific species (allogenic FMT); Proportion of newly detected species (placebo); Proportion of newly detected species (healthy); Species shared between donor and recipient; Coexistence of donor and recipient strains (shared species); Species showing resistance to donor strains; Species showing donor-recipient strain coexistence,%; %; %; %; %; %; %; %; %,69.3 ± 21.8 (day 2); 37.6 ± 16.6 (3 months); 11.9; not clearly separated from placebo/healthy fluctuation range in 4/5 cases; 20.8 ± 5.5; 17.7 ± 10.9; 64.5 ± 6.0; 50.7 ± 10.1; 39 ± 23; 44 ± 14,feces,2009/2010,Netherlands,Metabolic syndrome,Metabolic syndrome,Species composition change above range of temporal variation (Euclidean distance); Higher single-site allelic variation in allogenic FMT vs placebo/healthy,FMT1; FMT2; FMT3; FMT4; FMT5; SELF1; SELF2; SELF3; SELF4; SELF5,Homo sapiens,ERR1297647,SAMEA3882556,Illumina HiSeq 2000,allogenic FMT / placebo (autologous) FMT / healthy control,FAT_DON_19-22-0-0,metabolic syndrome,Fecal microbiota transplantation,"Cohort of 10 subjects: 5 allogenic FMT (from one of three lean donors), 5 autologous (placebo) FMT; 55 fecal metagenomes sequenced from FMT study; 164 total metagenomes across three study groups; Comparison cohort: 109 metagenomes from 48 healthy FMT-naive individuals including Human Microbiome Project data; 1105 detected prokaryotic species; 11.8 million variant positions identified; 42 species across five phyla used for confident SNV tracking; Subjects had not used antibiotics or other medication for at least 3 months before or during treatment"
27126044,No,3,Month,Donor-specific SNV retention (determinant positions); SNV assignment error rate; Proportion of acquired donor-specific species (allogenic FMT); Proportion of newly detected species (placebo); Proportion of newly detected species (healthy); Species shared between donor and recipient; Coexistence of donor and recipient strains (shared species); Species showing resistance to donor strains; Species showing donor-recipient strain coexistence,%; %; %; %; %; %; %; %; %,69.3 ± 21.8 (day 2); 37.6 ± 16.6 (3 months); 11.9; not clearly separated from placebo/healthy fluctuation range in 4/5 cases; 20.8 ± 5.5; 17.7 ± 10.9; 64.5 ± 6.0; 50.7 ± 10.1; 39 ± 23; 44 ± 14,feces,2009/2010,Netherlands,Metabolic syndrome,Metabolic syndrome,Species composition change above range of temporal variation (Euclidean distance); Higher single-site allelic variation in allogenic FMT vs placebo/healthy,FMT1; FMT2; FMT3; FMT4; FMT5; SELF1; SELF2; SELF3; SELF4; SELF5,Homo sapiens,ERR1297652,SAMEA3882517,Illumina HiSeq 2000,allogenic FMT / placebo (autologous) FMT / healthy control,FAT_010-22-84-0,metabolic syndrome,Fecal microbiota transplantation,"Cohort of 10 subjects: 5 allogenic FMT (from one of three lean donors), 5 autologous (placebo) FMT; 55 fecal metagenomes sequenced from FMT study; 164 total metagenomes across three study groups; Comparison cohort: 109 metagenomes from 48 healthy FMT-naive individuals including Human Microbiome Project data; 1105 detected prokaryotic species; 11.8 million variant positions identified; 42 species across five phyla used for confident SNV tracking; Subjects had not used antibiotics or other medication for at least 3 months before or during treatment"
27126044,No,3,Month,Donor-specific SNV retention (determinant positions); SNV assignment error rate; Proportion of acquired donor-specific species (allogenic FMT); Proportion of newly detected species (placebo); Proportion of newly detected species (healthy); Species shared between donor and recipient; Coexistence of donor and recipient strains (shared species); Species showing resistance to donor strains; Species showing donor-recipient strain coexistence,%; %; %; %; %; %; %; %; %,69.3 ± 21.8 (day 2); 37.6 ± 16.6 (3 months); 11.9; not clearly separated from placebo/healthy fluctuation range in 4/5 cases; 20.8 ± 5.5; 17.7 ± 10.9; 64.5 ± 6.0; 50.7 ± 10.1; 39 ± 23; 44 ± 14,feces,2009/2010,Netherlands,Metabolic syndrome,Metabolic syndrome,Species composition change above range of temporal variation (Euclidean distance); Higher single-site allelic variation in allogenic FMT vs placebo/healthy,FMT1; FMT2; FMT3; FMT4; FMT5; SELF1; SELF2; SELF3; SELF4; SELF5,Homo sapiens,ERR1297653,SAMEA3882512,Illumina HiSeq 2000,allogenic FMT / placebo (autologous) FMT / healthy control,FAT_008-22-84-0,metabolic syndrome,Fecal microbiota transplantation,"Cohort of 10 subjects: 5 allogenic FMT (from one of three lean donors), 5 autologous (placebo) FMT; 55 fecal metagenomes sequenced from FMT study; 164 total metagenomes across three study groups; Comparison cohort: 109 metagenomes from 48 healthy FMT-naive individuals including Human Microbiome Project data; 1105 detected prokaryotic species; 11.8 million variant positions identified; 42 species across five phyla used for confident SNV tracking; Subjects had not used antibiotics or other medication for at least 3 months before or during treatment"
27126044,No,3,Month,Donor-specific SNV retention (determinant positions); SNV assignment error rate; Proportion of acquired donor-specific species (allogenic FMT); Proportion of newly detected species (placebo); Proportion of newly detected species (healthy); Species shared between donor and recipient; Coexistence of donor and recipient strains (shared species); Species showing resistance to donor strains; Species showing donor-recipient strain coexistence,%; %; %; %; %; %; %; %; %,69.3 ± 21.8 (day 2); 37.6 ± 16.6 (3 months); 11.9; not clearly separated from placebo/healthy fluctuation range in 4/5 cases; 20.8 ± 5.5; 17.7 ± 10.9; 64.5 ± 6.0; 50.7 ± 10.1; 39 ± 23; 44 ± 14,feces,2009/2010,Netherlands,Metabolic syndrome,Metabolic syndrome,Species composition change above range of temporal variation (Euclidean distance); Higher single-site allelic variation in allogenic FMT vs placebo/healthy,FMT1; FMT2; FMT3; FMT4; FMT5; SELF1; SELF2; SELF3; SELF4; SELF5,Homo sapiens,ERR1297657,SAMEA3882542,Illumina HiSeq 2000,allogenic FMT / placebo (autologous) FMT / healthy control,FAT_020-22-84-0,metabolic syndrome,Fecal microbiota transplantation,"Cohort of 10 subjects: 5 allogenic FMT (from one of three lean donors), 5 autologous (placebo) FMT; 55 fecal metagenomes sequenced from FMT study; 164 total metagenomes across three study groups; Comparison cohort: 109 metagenomes from 48 healthy FMT-naive individuals including Human Microbiome Project data; 1105 detected prokaryotic species; 11.8 million variant positions identified; 42 species across five phyla used for confident SNV tracking; Subjects had not used antibiotics or other medication for at least 3 months before or during treatment"
27126044,No,3,Month,Donor-specific SNV retention (determinant positions); SNV assignment error rate; Proportion of acquired donor-specific species (allogenic FMT); Proportion of newly detected species (placebo); Proportion of newly detected species (healthy); Species shared between donor and recipient; Coexistence of donor and recipient strains (shared species); Species showing resistance to donor strains; Species showing donor-recipient strain coexistence,%; %; %; %; %; %; %; %; %,69.3 ± 21.8 (day 2); 37.6 ± 16.6 (3 months); 11.9; not clearly separated from placebo/healthy fluctuation range in 4/5 cases; 20.8 ± 5.5; 17.7 ± 10.9; 64.5 ± 6.0; 50.7 ± 10.1; 39 ± 23; 44 ± 14,feces,2009/2010,Netherlands,Metabolic syndrome,Metabolic syndrome,Species composition change above range of temporal variation (Euclidean distance); Higher single-site allelic variation in allogenic FMT vs placebo/healthy,FMT1; FMT2; FMT3; FMT4; FMT5; SELF1; SELF2; SELF3; SELF4; SELF5,Homo sapiens,ERR1297658,SAMEA3882530,Illumina HiSeq 2000,allogenic FMT / placebo (autologous) FMT / healthy control,FAT_015-22-2-0,metabolic syndrome,Fecal microbiota transplantation,"Cohort of 10 subjects: 5 allogenic FMT (from one of three lean donors), 5 autologous (placebo) FMT; 55 fecal metagenomes sequenced from FMT study; 164 total metagenomes across three study groups; Comparison cohort: 109 metagenomes from 48 healthy FMT-naive individuals including Human Microbiome Project data; 1105 detected prokaryotic species; 11.8 million variant positions identified; 42 species across five phyla used for confident SNV tracking; Subjects had not used antibiotics or other medication for at least 3 months before or during treatment"
27126044,No,3,Month,Donor-specific SNV retention (determinant positions); SNV assignment error rate; Proportion of acquired donor-specific species (allogenic FMT); Proportion of newly detected species (placebo); Proportion of newly detected species (healthy); Species shared between donor and recipient; Coexistence of donor and recipient strains (shared species); Species showing resistance to donor strains; Species showing donor-recipient strain coexistence,%; %; %; %; %; %; %; %; %,69.3 ± 21.8 (day 2); 37.6 ± 16.6 (3 months); 11.9; not clearly separated from placebo/healthy fluctuation range in 4/5 cases; 20.8 ± 5.5; 17.7 ± 10.9; 64.5 ± 6.0; 50.7 ± 10.1; 39 ± 23; 44 ± 14,feces,2009/2010,Netherlands,Metabolic syndrome,Metabolic syndrome,Species composition change above range of temporal variation (Euclidean distance); Higher single-site allelic variation in allogenic FMT vs placebo/healthy,FMT1; FMT2; FMT3; FMT4; FMT5; SELF1; SELF2; SELF3; SELF4; SELF5,Homo sapiens,ERR1297659,SAMEA3882553,Illumina HiSeq 2000,allogenic FMT / placebo (autologous) FMT / healthy control,FAT_DON_11-22-0-4,metabolic syndrome,Fecal microbiota transplantation,"Cohort of 10 subjects: 5 allogenic FMT (from one of three lean donors), 5 autologous (placebo) FMT; 55 fecal metagenomes sequenced from FMT study; 164 total metagenomes across three study groups; Comparison cohort: 109 metagenomes from 48 healthy FMT-naive individuals including Human Microbiome Project data; 1105 detected prokaryotic species; 11.8 million variant positions identified; 42 species across five phyla used for confident SNV tracking; Subjects had not used antibiotics or other medication for at least 3 months before or during treatment"
27126044,No,3,Month,Donor-specific SNV retention (determinant positions); SNV assignment error rate; Proportion of acquired donor-specific species (allogenic FMT); Proportion of newly detected species (placebo); Proportion of newly detected species (healthy); Species shared between donor and recipient; Coexistence of donor and recipient strains (shared species); Species showing resistance to donor strains; Species showing donor-recipient strain coexistence,%; %; %; %; %; %; %; %; %,69.3 ± 21.8 (day 2); 37.6 ± 16.6 (3 months); 11.9; not clearly separated from placebo/healthy fluctuation range in 4/5 cases; 20.8 ± 5.5; 17.7 ± 10.9; 64.5 ± 6.0; 50.7 ± 10.1; 39 ± 23; 44 ± 14,feces,2009/2010,Netherlands,Metabolic syndrome,Metabolic syndrome,Species composition change above range of temporal variation (Euclidean distance); Higher single-site allelic variation in allogenic FMT vs placebo/healthy,FMT1; FMT2; FMT3; FMT4; FMT5; SELF1; SELF2; SELF3; SELF4; SELF5,Homo sapiens,ERR1297661,SAMEA3882539,Illumina HiSeq 2000,allogenic FMT / placebo (autologous) FMT / healthy control,FAT_020-22-14-0,metabolic syndrome,Fecal microbiota transplantation,"Cohort of 10 subjects: 5 allogenic FMT (from one of three lean donors), 5 autologous (placebo) FMT; 55 fecal metagenomes sequenced from FMT study; 164 total metagenomes across three study groups; Comparison cohort: 109 metagenomes from 48 healthy FMT-naive individuals including Human Microbiome Project data; 1105 detected prokaryotic species; 11.8 million variant positions identified; 42 species across five phyla used for confident SNV tracking; Subjects had not used antibiotics or other medication for at least 3 months before or during treatment"
27126044,No,3,Month,Donor-specific SNV retention (determinant positions); SNV assignment error rate; Proportion of acquired donor-specific species (allogenic FMT); Proportion of newly detected species (placebo); Proportion of newly detected species (healthy); Species shared between donor and recipient; Coexistence of donor and recipient strains (shared species); Species showing resistance to donor strains; Species showing donor-recipient strain coexistence,%; %; %; %; %; %; %; %; %,69.3 ± 21.8 (day 2); 37.6 ± 16.6 (3 months); 11.9; not clearly separated from placebo/healthy fluctuation range in 4/5 cases; 20.8 ± 5.5; 17.7 ± 10.9; 64.5 ± 6.0; 50.7 ± 10.1; 39 ± 23; 44 ± 14,feces,2009/2010,Netherlands,Metabolic syndrome,Metabolic syndrome,Species composition change above range of temporal variation (Euclidean distance); Higher single-site allelic variation in allogenic FMT vs placebo/healthy,FMT1; FMT2; FMT3; FMT4; FMT5; SELF1; SELF2; SELF3; SELF4; SELF5,Homo sapiens,ERR1297663,SAMEA3882516,Illumina HiSeq 2000,allogenic FMT / placebo (autologous) FMT / healthy control,FAT_010-22-42-0,metabolic syndrome,Fecal microbiota transplantation,"Cohort of 10 subjects: 5 allogenic FMT (from one of three lean donors), 5 autologous (placebo) FMT; 55 fecal metagenomes sequenced from FMT study; 164 total metagenomes across three study groups; Comparison cohort: 109 metagenomes from 48 healthy FMT-naive individuals including Human Microbiome Project data; 1105 detected prokaryotic species; 11.8 million variant positions identified; 42 species across five phyla used for confident SNV tracking; Subjects had not used antibiotics or other medication for at least 3 months before or during treatment"
27126044,No,3,Month,Donor-specific SNV retention (determinant positions); SNV assignment error rate; Proportion of acquired donor-specific species (allogenic FMT); Proportion of newly detected species (placebo); Proportion of newly detected species (healthy); Species shared between donor and recipient; Coexistence of donor and recipient strains (shared species); Species showing resistance to donor strains; Species showing donor-recipient strain coexistence,%; %; %; %; %; %; %; %; %,69.3 ± 21.8 (day 2); 37.6 ± 16.6 (3 months); 11.9; not clearly separated from placebo/healthy fluctuation range in 4/5 cases; 20.8 ± 5.5; 17.7 ± 10.9; 64.5 ± 6.0; 50.7 ± 10.1; 39 ± 23; 44 ± 14,feces,2009/2010,Netherlands,Metabolic syndrome,Metabolic syndrome,Species composition change above range of temporal variation (Euclidean distance); Higher single-site allelic variation in allogenic FMT vs placebo/healthy,FMT1; FMT2; FMT3; FMT4; FMT5; SELF1; SELF2; SELF3; SELF4; SELF5,Homo sapiens,ERR1297665,SAMEA3882547,Illumina HiSeq 2000,allogenic FMT / placebo (autologous) FMT / healthy control,FAT_023-22-84-0,metabolic syndrome,Fecal microbiota transplantation,"Cohort of 10 subjects: 5 allogenic FMT (from one of three lean donors), 5 autologous (placebo) FMT; 55 fecal metagenomes sequenced from FMT study; 164 total metagenomes across three study groups; Comparison cohort: 109 metagenomes from 48 healthy FMT-naive individuals including Human Microbiome Project data; 1105 detected prokaryotic species; 11.8 million variant positions identified; 42 species across five phyla used for confident SNV tracking; Subjects had not used antibiotics or other medication for at least 3 months before or during treatment"
27126044,No,3,Month,Donor-specific SNV retention (determinant positions); SNV assignment error rate; Proportion of acquired donor-specific species (allogenic FMT); Proportion of newly detected species (placebo); Proportion of newly detected species (healthy); Species shared between donor and recipient; Coexistence of donor and recipient strains (shared species); Species showing resistance to donor strains; Species showing donor-recipient strain coexistence,%; %; %; %; %; %; %; %; %,69.3 ± 21.8 (day 2); 37.6 ± 16.6 (3 months); 11.9; not clearly separated from placebo/healthy fluctuation range in 4/5 cases; 20.8 ± 5.5; 17.7 ± 10.9; 64.5 ± 6.0; 50.7 ± 10.1; 39 ± 23; 44 ± 14,feces,2009/2010,Netherlands,Metabolic syndrome,Metabolic syndrome,Species composition change above range of temporal variation (Euclidean distance); Higher single-site allelic variation in allogenic FMT vs placebo/healthy,FMT1; FMT2; FMT3; FMT4; FMT5; SELF1; SELF2; SELF3; SELF4; SELF5,Homo sapiens,ERR1297666,SAMEA3882522,Illumina HiSeq 2000,allogenic FMT / placebo (autologous) FMT / healthy control,FAT_012-22-84-0,metabolic syndrome,Fecal microbiota transplantation,"Cohort of 10 subjects: 5 allogenic FMT (from one of three lean donors), 5 autologous (placebo) FMT; 55 fecal metagenomes sequenced from FMT study; 164 total metagenomes across three study groups; Comparison cohort: 109 metagenomes from 48 healthy FMT-naive individuals including Human Microbiome Project data; 1105 detected prokaryotic species; 11.8 million variant positions identified; 42 species across five phyla used for confident SNV tracking; Subjects had not used antibiotics or other medication for at least 3 months before or during treatment"
27126044,No,3,Month,Donor-specific SNV retention (determinant positions); SNV assignment error rate; Proportion of acquired donor-specific species (allogenic FMT); Proportion of newly detected species (placebo); Proportion of newly detected species (healthy); Species shared between donor and recipient; Coexistence of donor and recipient strains (shared species); Species showing resistance to donor strains; Species showing donor-recipient strain coexistence,%; %; %; %; %; %; %; %; %,69.3 ± 21.8 (day 2); 37.6 ± 16.6 (3 months); 11.9; not clearly separated from placebo/healthy fluctuation range in 4/5 cases; 20.8 ± 5.5; 17.7 ± 10.9; 64.5 ± 6.0; 50.7 ± 10.1; 39 ± 23; 44 ± 14,feces,2009/2010,Netherlands,Metabolic syndrome,Metabolic syndrome,Species composition change above range of temporal variation (Euclidean distance); Higher single-site allelic variation in allogenic FMT vs placebo/healthy,FMT1; FMT2; FMT3; FMT4; FMT5; SELF1; SELF2; SELF3; SELF4; SELF5,Homo sapiens,ERR1297667,SAMEA3882531,Illumina HiSeq 2000,allogenic FMT / placebo (autologous) FMT / healthy control,FAT_015-22-42-0,metabolic syndrome,Fecal microbiota transplantation,"Cohort of 10 subjects: 5 allogenic FMT (from one of three lean donors), 5 autologous (placebo) FMT; 55 fecal metagenomes sequenced from FMT study; 164 total metagenomes across three study groups; Comparison cohort: 109 metagenomes from 48 healthy FMT-naive individuals including Human Microbiome Project data; 1105 detected prokaryotic species; 11.8 million variant positions identified; 42 species across five phyla used for confident SNV tracking; Subjects had not used antibiotics or other medication for at least 3 months before or during treatment"
27126044,No,3,Month,Donor-specific SNV retention (determinant positions); SNV assignment error rate; Proportion of acquired donor-specific species (allogenic FMT); Proportion of newly detected species (placebo); Proportion of newly detected species (healthy); Species shared between donor and recipient; Coexistence of donor and recipient strains (shared species); Species showing resistance to donor strains; Species showing donor-recipient strain coexistence,%; %; %; %; %; %; %; %; %,69.3 ± 21.8 (day 2); 37.6 ± 16.6 (3 months); 11.9; not clearly separated from placebo/healthy fluctuation range in 4/5 cases; 20.8 ± 5.5; 17.7 ± 10.9; 64.5 ± 6.0; 50.7 ± 10.1; 39 ± 23; 44 ± 14,feces,2009/2010,Netherlands,Metabolic syndrome,Metabolic syndrome,Species composition change above range of temporal variation (Euclidean distance); Higher single-site allelic variation in allogenic FMT vs placebo/healthy,FMT1; FMT2; FMT3; FMT4; FMT5; SELF1; SELF2; SELF3; SELF4; SELF5,Homo sapiens,ERR1297668,SAMEA3882534,Illumina HiSeq 2000,allogenic FMT / placebo (autologous) FMT / healthy control,FAT_017-22-14-0,metabolic syndrome,Fecal microbiota transplantation,"Cohort of 10 subjects: 5 allogenic FMT (from one of three lean donors), 5 autologous (placebo) FMT; 55 fecal metagenomes sequenced from FMT study; 164 total metagenomes across three study groups; Comparison cohort: 109 metagenomes from 48 healthy FMT-naive individuals including Human Microbiome Project data; 1105 detected prokaryotic species; 11.8 million variant positions identified; 42 species across five phyla used for confident SNV tracking; Subjects had not used antibiotics or other medication for at least 3 months before or during treatment"
27126044,No,3,Month,Donor-specific SNV retention (determinant positions); SNV assignment error rate; Proportion of acquired donor-specific species (allogenic FMT); Proportion of newly detected species (placebo); Proportion of newly detected species (healthy); Species shared between donor and recipient; Coexistence of donor and recipient strains (shared species); Species showing resistance to donor strains; Species showing donor-recipient strain coexistence,%; %; %; %; %; %; %; %; %,69.3 ± 21.8 (day 2); 37.6 ± 16.6 (3 months); 11.9; not clearly separated from placebo/healthy fluctuation range in 4/5 cases; 20.8 ± 5.5; 17.7 ± 10.9; 64.5 ± 6.0; 50.7 ± 10.1; 39 ± 23; 44 ± 14,feces,2009/2010,Netherlands,Metabolic syndrome,Metabolic syndrome,Species composition change above range of temporal variation (Euclidean distance); Higher single-site allelic variation in allogenic FMT vs placebo/healthy,FMT1; FMT2; FMT3; FMT4; FMT5; SELF1; SELF2; SELF3; SELF4; SELF5,Homo sapiens,ERR1297669,SAMEA3882511,Illumina HiSeq 2000,allogenic FMT / placebo (autologous) FMT / healthy control,FAT_008-22-42-0,metabolic syndrome,Fecal microbiota transplantation,"Cohort of 10 subjects: 5 allogenic FMT (from one of three lean donors), 5 autologous (placebo) FMT; 55 fecal metagenomes sequenced from FMT study; 164 total metagenomes across three study groups; Comparison cohort: 109 metagenomes from 48 healthy FMT-naive individuals including Human Microbiome Project data; 1105 detected prokaryotic species; 11.8 million variant positions identified; 42 species across five phyla used for confident SNV tracking; Subjects had not used antibiotics or other medication for at least 3 months before or during treatment"
27126044,No,3,Month,Donor-specific SNV retention (determinant positions); SNV assignment error rate; Proportion of acquired donor-specific species (allogenic FMT); Proportion of newly detected species (placebo); Proportion of newly detected species (healthy); Species shared between donor and recipient; Coexistence of donor and recipient strains (shared species); Species showing resistance to donor strains; Species showing donor-recipient strain coexistence,%; %; %; %; %; %; %; %; %,69.3 ± 21.8 (day 2); 37.6 ± 16.6 (3 months); 11.9; not clearly separated from placebo/healthy fluctuation range in 4/5 cases; 20.8 ± 5.5; 17.7 ± 10.9; 64.5 ± 6.0; 50.7 ± 10.1; 39 ± 23; 44 ± 14,feces,2009/2010,Netherlands,Metabolic syndrome,Metabolic syndrome,Species composition change above range of temporal variation (Euclidean distance); Higher single-site allelic variation in allogenic FMT vs placebo/healthy,FMT1; FMT2; FMT3; FMT4; FMT5; SELF1; SELF2; SELF3; SELF4; SELF5,Homo sapiens,ERR1297679,SAMEA3882537,Illumina HiSeq 2000,allogenic FMT / placebo (autologous) FMT / healthy control,FAT_017-22-84-0,metabolic syndrome,Fecal microbiota transplantation,"Cohort of 10 subjects: 5 allogenic FMT (from one of three lean donors), 5 autologous (placebo) FMT; 55 fecal metagenomes sequenced from FMT study; 164 total metagenomes across three study groups; Comparison cohort: 109 metagenomes from 48 healthy FMT-naive individuals including Human Microbiome Project data; 1105 detected prokaryotic species; 11.8 million variant positions identified; 42 species across five phyla used for confident SNV tracking; Subjects had not used antibiotics or other medication for at least 3 months before or during treatment"
27126044,No,3,Month,Donor-specific SNV retention (determinant positions); SNV assignment error rate; Proportion of acquired donor-specific species (allogenic FMT); Proportion of newly detected species (placebo); Proportion of newly detected species (healthy); Species shared between donor and recipient; Coexistence of donor and recipient strains (shared species); Species showing resistance to donor strains; Species showing donor-recipient strain coexistence,%; %; %; %; %; %; %; %; %,69.3 ± 21.8 (day 2); 37.6 ± 16.6 (3 months); 11.9; not clearly separated from placebo/healthy fluctuation range in 4/5 cases; 20.8 ± 5.5; 17.7 ± 10.9; 64.5 ± 6.0; 50.7 ± 10.1; 39 ± 23; 44 ± 14,feces,2009/2010,Netherlands,Metabolic syndrome,Metabolic syndrome,Species composition change above range of temporal variation (Euclidean distance); Higher single-site allelic variation in allogenic FMT vs placebo/healthy,FMT1; FMT2; FMT3; FMT4; FMT5; SELF1; SELF2; SELF3; SELF4; SELF5,Homo sapiens,ERR1297680,SAMEA3882506,Illumina HiSeq 2000,allogenic FMT / placebo (autologous) FMT / healthy control,FAT_006-22-42-0,metabolic syndrome,Fecal microbiota transplantation,"Cohort of 10 subjects: 5 allogenic FMT (from one of three lean donors), 5 autologous (placebo) FMT; 55 fecal metagenomes sequenced from FMT study; 164 total metagenomes across three study groups; Comparison cohort: 109 metagenomes from 48 healthy FMT-naive individuals including Human Microbiome Project data; 1105 detected prokaryotic species; 11.8 million variant positions identified; 42 species across five phyla used for confident SNV tracking; Subjects had not used antibiotics or other medication for at least 3 months before or during treatment"
27126044,No,3,Month,Donor-specific SNV retention (determinant positions); SNV assignment error rate; Proportion of acquired donor-specific species (allogenic FMT); Proportion of newly detected species (placebo); Proportion of newly detected species (healthy); Species shared between donor and recipient; Coexistence of donor and recipient strains (shared species); Species showing resistance to donor strains; Species showing donor-recipient strain coexistence,%; %; %; %; %; %; %; %; %,69.3 ± 21.8 (day 2); 37.6 ± 16.6 (3 months); 11.9; not clearly separated from placebo/healthy fluctuation range in 4/5 cases; 20.8 ± 5.5; 17.7 ± 10.9; 64.5 ± 6.0; 50.7 ± 10.1; 39 ± 23; 44 ± 14,feces,2009/2010,Netherlands,Metabolic syndrome,Metabolic syndrome,Species composition change above range of temporal variation (Euclidean distance); Higher single-site allelic variation in allogenic FMT vs placebo/healthy,FMT1; FMT2; FMT3; FMT4; FMT5; SELF1; SELF2; SELF3; SELF4; SELF5,Homo sapiens,ERR1297682,SAMEA3882508,Illumina HiSeq 2000,allogenic FMT / placebo (autologous) FMT / healthy control,FAT_008-22-0-0,metabolic syndrome,Fecal microbiota transplantation,"Cohort of 10 subjects: 5 allogenic FMT (from one of three lean donors), 5 autologous (placebo) FMT; 55 fecal metagenomes sequenced from FMT study; 164 total metagenomes across three study groups; Comparison cohort: 109 metagenomes from 48 healthy FMT-naive individuals including Human Microbiome Project data; 1105 detected prokaryotic species; 11.8 million variant positions identified; 42 species across five phyla used for confident SNV tracking; Subjects had not used antibiotics or other medication for at least 3 months before or during treatment"
27126044,No,3,Month,Donor-specific SNV retention (determinant positions); SNV assignment error rate; Proportion of acquired donor-specific species (allogenic FMT); Proportion of newly detected species (placebo); Proportion of newly detected species (healthy); Species shared between donor and recipient; Coexistence of donor and recipient strains (shared species); Species showing resistance to donor strains; Species showing donor-recipient strain coexistence,%; %; %; %; %; %; %; %; %,69.3 ± 21.8 (day 2); 37.6 ± 16.6 (3 months); 11.9; not clearly separated from placebo/healthy fluctuation range in 4/5 cases; 20.8 ± 5.5; 17.7 ± 10.9; 64.5 ± 6.0; 50.7 ± 10.1; 39 ± 23; 44 ± 14,feces,2009/2010,Netherlands,Metabolic syndrome,Metabolic syndrome,Species composition change above range of temporal variation (Euclidean distance); Higher single-site allelic variation in allogenic FMT vs placebo/healthy,FMT1; FMT2; FMT3; FMT4; FMT5; SELF1; SELF2; SELF3; SELF4; SELF5,Homo sapiens,ERR1297684,SAMEA3882524,Illumina HiSeq 2000,allogenic FMT / placebo (autologous) FMT / healthy control,FAT_014-22-14-0,metabolic syndrome,Fecal microbiota transplantation,"Cohort of 10 subjects: 5 allogenic FMT (from one of three lean donors), 5 autologous (placebo) FMT; 55 fecal metagenomes sequenced from FMT study; 164 total metagenomes across three study groups; Comparison cohort: 109 metagenomes from 48 healthy FMT-naive individuals including Human Microbiome Project data; 1105 detected prokaryotic species; 11.8 million variant positions identified; 42 species across five phyla used for confident SNV tracking; Subjects had not used antibiotics or other medication for at least 3 months before or during treatment"
27126044,No,3,Month,Donor-specific SNV retention (determinant positions); SNV assignment error rate; Proportion of acquired donor-specific species (allogenic FMT); Proportion of newly detected species (placebo); Proportion of newly detected species (healthy); Species shared between donor and recipient; Coexistence of donor and recipient strains (shared species); Species showing resistance to donor strains; Species showing donor-recipient strain coexistence,%; %; %; %; %; %; %; %; %,69.3 ± 21.8 (day 2); 37.6 ± 16.6 (3 months); 11.9; not clearly separated from placebo/healthy fluctuation range in 4/5 cases; 20.8 ± 5.5; 17.7 ± 10.9; 64.5 ± 6.0; 50.7 ± 10.1; 39 ± 23; 44 ± 14,feces,2009/2010,Netherlands,Metabolic syndrome,Metabolic syndrome,Species composition change above range of temporal variation (Euclidean distance); Higher single-site allelic variation in allogenic FMT vs placebo/healthy,FMT1; FMT2; FMT3; FMT4; FMT5; SELF1; SELF2; SELF3; SELF4; SELF5,Homo sapiens,ERR1297685,SAMEA3882557,Illumina HiSeq 2000,allogenic FMT / placebo (autologous) FMT / healthy control,FAT_DON_8-22-0-0,metabolic syndrome,Fecal microbiota transplantation,"Cohort of 10 subjects: 5 allogenic FMT (from one of three lean donors), 5 autologous (placebo) FMT; 55 fecal metagenomes sequenced from FMT study; 164 total metagenomes across three study groups; Comparison cohort: 109 metagenomes from 48 healthy FMT-naive individuals including Human Microbiome Project data; 1105 detected prokaryotic species; 11.8 million variant positions identified; 42 species across five phyla used for confident SNV tracking; Subjects had not used antibiotics or other medication for at least 3 months before or during treatment"
27126044,No,3,Month,Donor-specific SNV retention (determinant positions); SNV assignment error rate; Proportion of acquired donor-specific species (allogenic FMT); Proportion of newly detected species (placebo); Proportion of newly detected species (healthy); Species shared between donor and recipient; Coexistence of donor and recipient strains (shared species); Species showing resistance to donor strains; Species showing donor-recipient strain coexistence,%; %; %; %; %; %; %; %; %,69.3 ± 21.8 (day 2); 37.6 ± 16.6 (3 months); 11.9; not clearly separated from placebo/healthy fluctuation range in 4/5 cases; 20.8 ± 5.5; 17.7 ± 10.9; 64.5 ± 6.0; 50.7 ± 10.1; 39 ± 23; 44 ± 14,feces,2009/2010,Netherlands,Metabolic syndrome,Metabolic syndrome,Species composition change above range of temporal variation (Euclidean distance); Higher single-site allelic variation in allogenic FMT vs placebo/healthy,FMT1; FMT2; FMT3; FMT4; FMT5; SELF1; SELF2; SELF3; SELF4; SELF5,Homo sapiens,ERR1297694,SAMEA3882538,Illumina HiSeq 2000,allogenic FMT / placebo (autologous) FMT / healthy control,FAT_020-22-0-0,metabolic syndrome,Fecal microbiota transplantation,"Cohort of 10 subjects: 5 allogenic FMT (from one of three lean donors), 5 autologous (placebo) FMT; 55 fecal metagenomes sequenced from FMT study; 164 total metagenomes across three study groups; Comparison cohort: 109 metagenomes from 48 healthy FMT-naive individuals including Human Microbiome Project data; 1105 detected prokaryotic species; 11.8 million variant positions identified; 42 species across five phyla used for confident SNV tracking; Subjects had not used antibiotics or other medication for at least 3 months before or during treatment"
27126044,No,3,Month,Donor-specific SNV retention (determinant positions); SNV assignment error rate; Proportion of acquired donor-specific species (allogenic FMT); Proportion of newly detected species (placebo); Proportion of newly detected species (healthy); Species shared between donor and recipient; Coexistence of donor and recipient strains (shared species); Species showing resistance to donor strains; Species showing donor-recipient strain coexistence,%; %; %; %; %; %; %; %; %,69.3 ± 21.8 (day 2); 37.6 ± 16.6 (3 months); 11.9; not clearly separated from placebo/healthy fluctuation range in 4/5 cases; 20.8 ± 5.5; 17.7 ± 10.9; 64.5 ± 6.0; 50.7 ± 10.1; 39 ± 23; 44 ± 14,feces,2009/2010,Netherlands,Metabolic syndrome,Metabolic syndrome,Species composition change above range of temporal variation (Euclidean distance); Higher single-site allelic variation in allogenic FMT vs placebo/healthy,FMT1; FMT2; FMT3; FMT4; FMT5; SELF1; SELF2; SELF3; SELF4; SELF5,Homo sapiens,ERR1297696,SAMEA3882515,Illumina HiSeq 2000,allogenic FMT / placebo (autologous) FMT / healthy control,FAT_010-22-2-0,metabolic syndrome,Fecal microbiota transplantation,"Cohort of 10 subjects: 5 allogenic FMT (from one of three lean donors), 5 autologous (placebo) FMT; 55 fecal metagenomes sequenced from FMT study; 164 total metagenomes across three study groups; Comparison cohort: 109 metagenomes from 48 healthy FMT-naive individuals including Human Microbiome Project data; 1105 detected prokaryotic species; 11.8 million variant positions identified; 42 species across five phyla used for confident SNV tracking; Subjects had not used antibiotics or other medication for at least 3 months before or during treatment"
27126044,No,3,Month,Donor-specific SNV retention (determinant positions); SNV assignment error rate; Proportion of acquired donor-specific species (allogenic FMT); Proportion of newly detected species (placebo); Proportion of newly detected species (healthy); Species shared between donor and recipient; Coexistence of donor and recipient strains (shared species); Species showing resistance to donor strains; Species showing donor-recipient strain coexistence,%; %; %; %; %; %; %; %; %,69.3 ± 21.8 (day 2); 37.6 ± 16.6 (3 months); 11.9; not clearly separated from placebo/healthy fluctuation range in 4/5 cases; 20.8 ± 5.5; 17.7 ± 10.9; 64.5 ± 6.0; 50.7 ± 10.1; 39 ± 23; 44 ± 14,feces,2009/2010,Netherlands,Metabolic syndrome,Metabolic syndrome,Species composition change above range of temporal variation (Euclidean distance); Higher single-site allelic variation in allogenic FMT vs placebo/healthy,FMT1; FMT2; FMT3; FMT4; FMT5; SELF1; SELF2; SELF3; SELF4; SELF5,Homo sapiens,ERR1297697,SAMEA3882515,Illumina HiSeq 2000,allogenic FMT / placebo (autologous) FMT / healthy control,FAT_010-22-2-0,metabolic syndrome,Fecal microbiota transplantation,"Cohort of 10 subjects: 5 allogenic FMT (from one of three lean donors), 5 autologous (placebo) FMT; 55 fecal metagenomes sequenced from FMT study; 164 total metagenomes across three study groups; Comparison cohort: 109 metagenomes from 48 healthy FMT-naive individuals including Human Microbiome Project data; 1105 detected prokaryotic species; 11.8 million variant positions identified; 42 species across five phyla used for confident SNV tracking; Subjects had not used antibiotics or other medication for at least 3 months before or during treatment"
27126044,No,3,Month,Donor-specific SNV retention (determinant positions); SNV assignment error rate; Proportion of acquired donor-specific species (allogenic FMT); Proportion of newly detected species (placebo); Proportion of newly detected species (healthy); Species shared between donor and recipient; Coexistence of donor and recipient strains (shared species); Species showing resistance to donor strains; Species showing donor-recipient strain coexistence,%; %; %; %; %; %; %; %; %,69.3 ± 21.8 (day 2); 37.6 ± 16.6 (3 months); 11.9; not clearly separated from placebo/healthy fluctuation range in 4/5 cases; 20.8 ± 5.5; 17.7 ± 10.9; 64.5 ± 6.0; 50.7 ± 10.1; 39 ± 23; 44 ± 14,feces,2009/2010,Netherlands,Metabolic syndrome,Metabolic syndrome,Species composition change above range of temporal variation (Euclidean distance); Higher single-site allelic variation in allogenic FMT vs placebo/healthy,FMT1; FMT2; FMT3; FMT4; FMT5; SELF1; SELF2; SELF3; SELF4; SELF5,Homo sapiens,ERR1297698,SAMEA3882547,Illumina HiSeq 2000,allogenic FMT / placebo (autologous) FMT / healthy control,FAT_023-22-84-0,metabolic syndrome,Fecal microbiota transplantation,"Cohort of 10 subjects: 5 allogenic FMT (from one of three lean donors), 5 autologous (placebo) FMT; 55 fecal metagenomes sequenced from FMT study; 164 total metagenomes across three study groups; Comparison cohort: 109 metagenomes from 48 healthy FMT-naive individuals including Human Microbiome Project data; 1105 detected prokaryotic species; 11.8 million variant positions identified; 42 species across five phyla used for confident SNV tracking; Subjects had not used antibiotics or other medication for at least 3 months before or during treatment"
27126044,No,3,Month,Donor-specific SNV retention (determinant positions); SNV assignment error rate; Proportion of acquired donor-specific species (allogenic FMT); Proportion of newly detected species (placebo); Proportion of newly detected species (healthy); Species shared between donor and recipient; Coexistence of donor and recipient strains (shared species); Species showing resistance to donor strains; Species showing donor-recipient strain coexistence,%; %; %; %; %; %; %; %; %,69.3 ± 21.8 (day 2); 37.6 ± 16.6 (3 months); 11.9; not clearly separated from placebo/healthy fluctuation range in 4/5 cases; 20.8 ± 5.5; 17.7 ± 10.9; 64.5 ± 6.0; 50.7 ± 10.1; 39 ± 23; 44 ± 14,feces,2009/2010,Netherlands,Metabolic syndrome,Metabolic syndrome,Species composition change above range of temporal variation (Euclidean distance); Higher single-site allelic variation in allogenic FMT vs placebo/healthy,FMT1; FMT2; FMT3; FMT4; FMT5; SELF1; SELF2; SELF3; SELF4; SELF5,Homo sapiens,ERR1297707,SAMEA3882530,Illumina HiSeq 2000,allogenic FMT / placebo (autologous) FMT / healthy control,FAT_015-22-2-0,metabolic syndrome,Fecal microbiota transplantation,"Cohort of 10 subjects: 5 allogenic FMT (from one of three lean donors), 5 autologous (placebo) FMT; 55 fecal metagenomes sequenced from FMT study; 164 total metagenomes across three study groups; Comparison cohort: 109 metagenomes from 48 healthy FMT-naive individuals including Human Microbiome Project data; 1105 detected prokaryotic species; 11.8 million variant positions identified; 42 species across five phyla used for confident SNV tracking; Subjects had not used antibiotics or other medication for at least 3 months before or during treatment"
27126044,No,3,Month,Donor-specific SNV retention (determinant positions); SNV assignment error rate; Proportion of acquired donor-specific species (allogenic FMT); Proportion of newly detected species (placebo); Proportion of newly detected species (healthy); Species shared between donor and recipient; Coexistence of donor and recipient strains (shared species); Species showing resistance to donor strains; Species showing donor-recipient strain coexistence,%; %; %; %; %; %; %; %; %,69.3 ± 21.8 (day 2); 37.6 ± 16.6 (3 months); 11.9; not clearly separated from placebo/healthy fluctuation range in 4/5 cases; 20.8 ± 5.5; 17.7 ± 10.9; 64.5 ± 6.0; 50.7 ± 10.1; 39 ± 23; 44 ± 14,feces,2009/2010,Netherlands,Metabolic syndrome,Metabolic syndrome,Species composition change above range of temporal variation (Euclidean distance); Higher single-site allelic variation in allogenic FMT vs placebo/healthy,FMT1; FMT2; FMT3; FMT4; FMT5; SELF1; SELF2; SELF3; SELF4; SELF5,Homo sapiens,ERR1297709,SAMEA3882530,Illumina HiSeq 2000,allogenic FMT / placebo (autologous) FMT / healthy control,FAT_015-22-2-0,metabolic syndrome,Fecal microbiota transplantation,"Cohort of 10 subjects: 5 allogenic FMT (from one of three lean donors), 5 autologous (placebo) FMT; 55 fecal metagenomes sequenced from FMT study; 164 total metagenomes across three study groups; Comparison cohort: 109 metagenomes from 48 healthy FMT-naive individuals including Human Microbiome Project data; 1105 detected prokaryotic species; 11.8 million variant positions identified; 42 species across five phyla used for confident SNV tracking; Subjects had not used antibiotics or other medication for at least 3 months before or during treatment"
27126044,No,3,Month,Donor-specific SNV retention (determinant positions); SNV assignment error rate; Proportion of acquired donor-specific species (allogenic FMT); Proportion of newly detected species (placebo); Proportion of newly detected species (healthy); Species shared between donor and recipient; Coexistence of donor and recipient strains (shared species); Species showing resistance to donor strains; Species showing donor-recipient strain coexistence,%; %; %; %; %; %; %; %; %,69.3 ± 21.8 (day 2); 37.6 ± 16.6 (3 months); 11.9; not clearly separated from placebo/healthy fluctuation range in 4/5 cases; 20.8 ± 5.5; 17.7 ± 10.9; 64.5 ± 6.0; 50.7 ± 10.1; 39 ± 23; 44 ± 14,feces,2009/2010,Netherlands,Metabolic syndrome,Metabolic syndrome,Species composition change above range of temporal variation (Euclidean distance); Higher single-site allelic variation in allogenic FMT vs placebo/healthy,FMT1; FMT2; FMT3; FMT4; FMT5; SELF1; SELF2; SELF3; SELF4; SELF5,Homo sapiens,ERR1297711,SAMEA3882533,Illumina HiSeq 2000,allogenic FMT / placebo (autologous) FMT / healthy control,FAT_017-22-0-0,metabolic syndrome,Fecal microbiota transplantation,"Cohort of 10 subjects: 5 allogenic FMT (from one of three lean donors), 5 autologous (placebo) FMT; 55 fecal metagenomes sequenced from FMT study; 164 total metagenomes across three study groups; Comparison cohort: 109 metagenomes from 48 healthy FMT-naive individuals including Human Microbiome Project data; 1105 detected prokaryotic species; 11.8 million variant positions identified; 42 species across five phyla used for confident SNV tracking; Subjects had not used antibiotics or other medication for at least 3 months before or during treatment"
27126044,No,3,Month,Donor-specific SNV retention (determinant positions); SNV assignment error rate; Proportion of acquired donor-specific species (allogenic FMT); Proportion of newly detected species (placebo); Proportion of newly detected species (healthy); Species shared between donor and recipient; Coexistence of donor and recipient strains (shared species); Species showing resistance to donor strains; Species showing donor-recipient strain coexistence,%; %; %; %; %; %; %; %; %,69.3 ± 21.8 (day 2); 37.6 ± 16.6 (3 months); 11.9; not clearly separated from placebo/healthy fluctuation range in 4/5 cases; 20.8 ± 5.5; 17.7 ± 10.9; 64.5 ± 6.0; 50.7 ± 10.1; 39 ± 23; 44 ± 14,feces,2009/2010,Netherlands,Metabolic syndrome,Metabolic syndrome,Species composition change above range of temporal variation (Euclidean distance); Higher single-site allelic variation in allogenic FMT vs placebo/healthy,FMT1; FMT2; FMT3; FMT4; FMT5; SELF1; SELF2; SELF3; SELF4; SELF5,Homo sapiens,ERR1297721,SAMEA3882540,Illumina HiSeq 2000,allogenic FMT / placebo (autologous) FMT / healthy control,FAT_020-22-2-0,metabolic syndrome,Fecal microbiota transplantation,"Cohort of 10 subjects: 5 allogenic FMT (from one of three lean donors), 5 autologous (placebo) FMT; 55 fecal metagenomes sequenced from FMT study; 164 total metagenomes across three study groups; Comparison cohort: 109 metagenomes from 48 healthy FMT-naive individuals including Human Microbiome Project data; 1105 detected prokaryotic species; 11.8 million variant positions identified; 42 species across five phyla used for confident SNV tracking; Subjects had not used antibiotics or other medication for at least 3 months before or during treatment"
27126044,No,3,Month,Donor-specific SNV retention (determinant positions); SNV assignment error rate; Proportion of acquired donor-specific species (allogenic FMT); Proportion of newly detected species (placebo); Proportion of newly detected species (healthy); Species shared between donor and recipient; Coexistence of donor and recipient strains (shared species); Species showing resistance to donor strains; Species showing donor-recipient strain coexistence,%; %; %; %; %; %; %; %; %,69.3 ± 21.8 (day 2); 37.6 ± 16.6 (3 months); 11.9; not clearly separated from placebo/healthy fluctuation range in 4/5 cases; 20.8 ± 5.5; 17.7 ± 10.9; 64.5 ± 6.0; 50.7 ± 10.1; 39 ± 23; 44 ± 14,feces,2009/2010,Netherlands,Metabolic syndrome,Metabolic syndrome,Species composition change above range of temporal variation (Euclidean distance); Higher single-site allelic variation in allogenic FMT vs placebo/healthy,FMT1; FMT2; FMT3; FMT4; FMT5; SELF1; SELF2; SELF3; SELF4; SELF5,Homo sapiens,ERR1297722,SAMEA3882522,Illumina HiSeq 2000,allogenic FMT / placebo (autologous) FMT / healthy control,FAT_012-22-84-0,metabolic syndrome,Fecal microbiota transplantation,"Cohort of 10 subjects: 5 allogenic FMT (from one of three lean donors), 5 autologous (placebo) FMT; 55 fecal metagenomes sequenced from FMT study; 164 total metagenomes across three study groups; Comparison cohort: 109 metagenomes from 48 healthy FMT-naive individuals including Human Microbiome Project data; 1105 detected prokaryotic species; 11.8 million variant positions identified; 42 species across five phyla used for confident SNV tracking; Subjects had not used antibiotics or other medication for at least 3 months before or during treatment"
27126044,No,3,Month,Donor-specific SNV retention (determinant positions); SNV assignment error rate; Proportion of acquired donor-specific species (allogenic FMT); Proportion of newly detected species (placebo); Proportion of newly detected species (healthy); Species shared between donor and recipient; Coexistence of donor and recipient strains (shared species); Species showing resistance to donor strains; Species showing donor-recipient strain coexistence,%; %; %; %; %; %; %; %; %,69.3 ± 21.8 (day 2); 37.6 ± 16.6 (3 months); 11.9; not clearly separated from placebo/healthy fluctuation range in 4/5 cases; 20.8 ± 5.5; 17.7 ± 10.9; 64.5 ± 6.0; 50.7 ± 10.1; 39 ± 23; 44 ± 14,feces,2009/2010,Netherlands,Metabolic syndrome,Metabolic syndrome,Species composition change above range of temporal variation (Euclidean distance); Higher single-site allelic variation in allogenic FMT vs placebo/healthy,FMT1; FMT2; FMT3; FMT4; FMT5; SELF1; SELF2; SELF3; SELF4; SELF5,Homo sapiens,ERR1297726,SAMEA3882542,Illumina HiSeq 2000,allogenic FMT / placebo (autologous) FMT / healthy control,FAT_020-22-84-0,metabolic syndrome,Fecal microbiota transplantation,"Cohort of 10 subjects: 5 allogenic FMT (from one of three lean donors), 5 autologous (placebo) FMT; 55 fecal metagenomes sequenced from FMT study; 164 total metagenomes across three study groups; Comparison cohort: 109 metagenomes from 48 healthy FMT-naive individuals including Human Microbiome Project data; 1105 detected prokaryotic species; 11.8 million variant positions identified; 42 species across five phyla used for confident SNV tracking; Subjects had not used antibiotics or other medication for at least 3 months before or during treatment"
27126044,No,3,Month,Donor-specific SNV retention (determinant positions); SNV assignment error rate; Proportion of acquired donor-specific species (allogenic FMT); Proportion of newly detected species (placebo); Proportion of newly detected species (healthy); Species shared between donor and recipient; Coexistence of donor and recipient strains (shared species); Species showing resistance to donor strains; Species showing donor-recipient strain coexistence,%; %; %; %; %; %; %; %; %,69.3 ± 21.8 (day 2); 37.6 ± 16.6 (3 months); 11.9; not clearly separated from placebo/healthy fluctuation range in 4/5 cases; 20.8 ± 5.5; 17.7 ± 10.9; 64.5 ± 6.0; 50.7 ± 10.1; 39 ± 23; 44 ± 14,feces,2009/2010,Netherlands,Metabolic syndrome,Metabolic syndrome,Species composition change above range of temporal variation (Euclidean distance); Higher single-site allelic variation in allogenic FMT vs placebo/healthy,FMT1; FMT2; FMT3; FMT4; FMT5; SELF1; SELF2; SELF3; SELF4; SELF5,Homo sapiens,ERR1297727,SAMEA3882557,Illumina HiSeq 2000,allogenic FMT / placebo (autologous) FMT / healthy control,FAT_DON_8-22-0-0,metabolic syndrome,Fecal microbiota transplantation,"Cohort of 10 subjects: 5 allogenic FMT (from one of three lean donors), 5 autologous (placebo) FMT; 55 fecal metagenomes sequenced from FMT study; 164 total metagenomes across three study groups; Comparison cohort: 109 metagenomes from 48 healthy FMT-naive individuals including Human Microbiome Project data; 1105 detected prokaryotic species; 11.8 million variant positions identified; 42 species across five phyla used for confident SNV tracking; Subjects had not used antibiotics or other medication for at least 3 months before or during treatment"
27126044,No,3,Month,Donor-specific SNV retention (determinant positions); SNV assignment error rate; Proportion of acquired donor-specific species (allogenic FMT); Proportion of newly detected species (placebo); Proportion of newly detected species (healthy); Species shared between donor and recipient; Coexistence of donor and recipient strains (shared species); Species showing resistance to donor strains; Species showing donor-recipient strain coexistence,%; %; %; %; %; %; %; %; %,69.3 ± 21.8 (day 2); 37.6 ± 16.6 (3 months); 11.9; not clearly separated from placebo/healthy fluctuation range in 4/5 cases; 20.8 ± 5.5; 17.7 ± 10.9; 64.5 ± 6.0; 50.7 ± 10.1; 39 ± 23; 44 ± 14,feces,2009/2010,Netherlands,Metabolic syndrome,Metabolic syndrome,Species composition change above range of temporal variation (Euclidean distance); Higher single-site allelic variation in allogenic FMT vs placebo/healthy,FMT1; FMT2; FMT3; FMT4; FMT5; SELF1; SELF2; SELF3; SELF4; SELF5,Homo sapiens,ERR1297735,SAMEA3882524,Illumina HiSeq 2000,allogenic FMT / placebo (autologous) FMT / healthy control,FAT_014-22-14-0,metabolic syndrome,Fecal microbiota transplantation,"Cohort of 10 subjects: 5 allogenic FMT (from one of three lean donors), 5 autologous (placebo) FMT; 55 fecal metagenomes sequenced from FMT study; 164 total metagenomes across three study groups; Comparison cohort: 109 metagenomes from 48 healthy FMT-naive individuals including Human Microbiome Project data; 1105 detected prokaryotic species; 11.8 million variant positions identified; 42 species across five phyla used for confident SNV tracking; Subjects had not used antibiotics or other medication for at least 3 months before or during treatment"
27126044,No,3,Month,Donor-specific SNV retention (determinant positions); SNV assignment error rate; Proportion of acquired donor-specific species (allogenic FMT); Proportion of newly detected species (placebo); Proportion of newly detected species (healthy); Species shared between donor and recipient; Coexistence of donor and recipient strains (shared species); Species showing resistance to donor strains; Species showing donor-recipient strain coexistence,%; %; %; %; %; %; %; %; %,69.3 ± 21.8 (day 2); 37.6 ± 16.6 (3 months); 11.9; not clearly separated from placebo/healthy fluctuation range in 4/5 cases; 20.8 ± 5.5; 17.7 ± 10.9; 64.5 ± 6.0; 50.7 ± 10.1; 39 ± 23; 44 ± 14,feces,2009/2010,Netherlands,Metabolic syndrome,Metabolic syndrome,Species composition change above range of temporal variation (Euclidean distance); Higher single-site allelic variation in allogenic FMT vs placebo/healthy,FMT1; FMT2; FMT3; FMT4; FMT5; SELF1; SELF2; SELF3; SELF4; SELF5,Homo sapiens,ERR1297736,SAMEA3882548,Illumina HiSeq 2000,allogenic FMT / placebo (autologous) FMT / healthy control,FAT_024-22-0-0,metabolic syndrome,Fecal microbiota transplantation,"Cohort of 10 subjects: 5 allogenic FMT (from one of three lean donors), 5 autologous (placebo) FMT; 55 fecal metagenomes sequenced from FMT study; 164 total metagenomes across three study groups; Comparison cohort: 109 metagenomes from 48 healthy FMT-naive individuals including Human Microbiome Project data; 1105 detected prokaryotic species; 11.8 million variant positions identified; 42 species across five phyla used for confident SNV tracking; Subjects had not used antibiotics or other medication for at least 3 months before or during treatment"
27126044,No,3,Month,Donor-specific SNV retention (determinant positions); SNV assignment error rate; Proportion of acquired donor-specific species (allogenic FMT); Proportion of newly detected species (placebo); Proportion of newly detected species (healthy); Species shared between donor and recipient; Coexistence of donor and recipient strains (shared species); Species showing resistance to donor strains; Species showing donor-recipient strain coexistence,%; %; %; %; %; %; %; %; %,69.3 ± 21.8 (day 2); 37.6 ± 16.6 (3 months); 11.9; not clearly separated from placebo/healthy fluctuation range in 4/5 cases; 20.8 ± 5.5; 17.7 ± 10.9; 64.5 ± 6.0; 50.7 ± 10.1; 39 ± 23; 44 ± 14,feces,2009/2010,Netherlands,Metabolic syndrome,Metabolic syndrome,Species composition change above range of temporal variation (Euclidean distance); Higher single-site allelic variation in allogenic FMT vs placebo/healthy,FMT1; FMT2; FMT3; FMT4; FMT5; SELF1; SELF2; SELF3; SELF4; SELF5,Homo sapiens,ERR1297738,SAMEA3882552,Illumina HiSeq 2000,allogenic FMT / placebo (autologous) FMT / healthy control,FAT_024-22-84-0,metabolic syndrome,Fecal microbiota transplantation,"Cohort of 10 subjects: 5 allogenic FMT (from one of three lean donors), 5 autologous (placebo) FMT; 55 fecal metagenomes sequenced from FMT study; 164 total metagenomes across three study groups; Comparison cohort: 109 metagenomes from 48 healthy FMT-naive individuals including Human Microbiome Project data; 1105 detected prokaryotic species; 11.8 million variant positions identified; 42 species across five phyla used for confident SNV tracking; Subjects had not used antibiotics or other medication for at least 3 months before or during treatment"
27126044,No,3,Month,Donor-specific SNV retention (determinant positions); SNV assignment error rate; Proportion of acquired donor-specific species (allogenic FMT); Proportion of newly detected species (placebo); Proportion of newly detected species (healthy); Species shared between donor and recipient; Coexistence of donor and recipient strains (shared species); Species showing resistance to donor strains; Species showing donor-recipient strain coexistence,%; %; %; %; %; %; %; %; %,69.3 ± 21.8 (day 2); 37.6 ± 16.6 (3 months); 11.9; not clearly separated from placebo/healthy fluctuation range in 4/5 cases; 20.8 ± 5.5; 17.7 ± 10.9; 64.5 ± 6.0; 50.7 ± 10.1; 39 ± 23; 44 ± 14,feces,2009/2010,Netherlands,Metabolic syndrome,Metabolic syndrome,Species composition change above range of temporal variation (Euclidean distance); Higher single-site allelic variation in allogenic FMT vs placebo/healthy,FMT1; FMT2; FMT3; FMT4; FMT5; SELF1; SELF2; SELF3; SELF4; SELF5,Homo sapiens,ERR1297739,SAMEA3882504,Illumina HiSeq 2000,allogenic FMT / placebo (autologous) FMT / healthy control,FAT_006-22-14-0,metabolic syndrome,Fecal microbiota transplantation,"Cohort of 10 subjects: 5 allogenic FMT (from one of three lean donors), 5 autologous (placebo) FMT; 55 fecal metagenomes sequenced from FMT study; 164 total metagenomes across three study groups; Comparison cohort: 109 metagenomes from 48 healthy FMT-naive individuals including Human Microbiome Project data; 1105 detected prokaryotic species; 11.8 million variant positions identified; 42 species across five phyla used for confident SNV tracking; Subjects had not used antibiotics or other medication for at least 3 months before or during treatment"
27126044,No,3,Month,Donor-specific SNV retention (determinant positions); SNV assignment error rate; Proportion of acquired donor-specific species (allogenic FMT); Proportion of newly detected species (placebo); Proportion of newly detected species (healthy); Species shared between donor and recipient; Coexistence of donor and recipient strains (shared species); Species showing resistance to donor strains; Species showing donor-recipient strain coexistence,%; %; %; %; %; %; %; %; %,69.3 ± 21.8 (day 2); 37.6 ± 16.6 (3 months); 11.9; not clearly separated from placebo/healthy fluctuation range in 4/5 cases; 20.8 ± 5.5; 17.7 ± 10.9; 64.5 ± 6.0; 50.7 ± 10.1; 39 ± 23; 44 ± 14,feces,2009/2010,Netherlands,Metabolic syndrome,Metabolic syndrome,Species composition change above range of temporal variation (Euclidean distance); Higher single-site allelic variation in allogenic FMT vs placebo/healthy,FMT1; FMT2; FMT3; FMT4; FMT5; SELF1; SELF2; SELF3; SELF4; SELF5,Homo sapiens,ERR1297740,SAMEA3882544,Illumina HiSeq 2000,allogenic FMT / placebo (autologous) FMT / healthy control,FAT_023-22-14-0,metabolic syndrome,Fecal microbiota transplantation,"Cohort of 10 subjects: 5 allogenic FMT (from one of three lean donors), 5 autologous (placebo) FMT; 55 fecal metagenomes sequenced from FMT study; 164 total metagenomes across three study groups; Comparison cohort: 109 metagenomes from 48 healthy FMT-naive individuals including Human Microbiome Project data; 1105 detected prokaryotic species; 11.8 million variant positions identified; 42 species across five phyla used for confident SNV tracking; Subjects had not used antibiotics or other medication for at least 3 months before or during treatment"
27126044,No,3,Month,Donor-specific SNV retention (determinant positions); SNV assignment error rate; Proportion of acquired donor-specific species (allogenic FMT); Proportion of newly detected species (placebo); Proportion of newly detected species (healthy); Species shared between donor and recipient; Coexistence of donor and recipient strains (shared species); Species showing resistance to donor strains; Species showing donor-recipient strain coexistence,%; %; %; %; %; %; %; %; %,69.3 ± 21.8 (day 2); 37.6 ± 16.6 (3 months); 11.9; not clearly separated from placebo/healthy fluctuation range in 4/5 cases; 20.8 ± 5.5; 17.7 ± 10.9; 64.5 ± 6.0; 50.7 ± 10.1; 39 ± 23; 44 ± 14,feces,2009/2010,Netherlands,Metabolic syndrome,Metabolic syndrome,Species composition change above range of temporal variation (Euclidean distance); Higher single-site allelic variation in allogenic FMT vs placebo/healthy,FMT1; FMT2; FMT3; FMT4; FMT5; SELF1; SELF2; SELF3; SELF4; SELF5,Homo sapiens,ERR1297742,SAMEA3882521,Illumina HiSeq 2000,allogenic FMT / placebo (autologous) FMT / healthy control,FAT_012-22-42-0,metabolic syndrome,Fecal microbiota transplantation,"Cohort of 10 subjects: 5 allogenic FMT (from one of three lean donors), 5 autologous (placebo) FMT; 55 fecal metagenomes sequenced from FMT study; 164 total metagenomes across three study groups; Comparison cohort: 109 metagenomes from 48 healthy FMT-naive individuals including Human Microbiome Project data; 1105 detected prokaryotic species; 11.8 million variant positions identified; 42 species across five phyla used for confident SNV tracking; Subjects had not used antibiotics or other medication for at least 3 months before or during treatment"
27126044,No,3,Month,Donor-specific SNV retention (determinant positions); SNV assignment error rate; Proportion of acquired donor-specific species (allogenic FMT); Proportion of newly detected species (placebo); Proportion of newly detected species (healthy); Species shared between donor and recipient; Coexistence of donor and recipient strains (shared species); Species showing resistance to donor strains; Species showing donor-recipient strain coexistence,%; %; %; %; %; %; %; %; %,69.3 ± 21.8 (day 2); 37.6 ± 16.6 (3 months); 11.9; not clearly separated from placebo/healthy fluctuation range in 4/5 cases; 20.8 ± 5.5; 17.7 ± 10.9; 64.5 ± 6.0; 50.7 ± 10.1; 39 ± 23; 44 ± 14,feces,2009/2010,Netherlands,Metabolic syndrome,Metabolic syndrome,Species composition change above range of temporal variation (Euclidean distance); Higher single-site allelic variation in allogenic FMT vs placebo/healthy,FMT1; FMT2; FMT3; FMT4; FMT5; SELF1; SELF2; SELF3; SELF4; SELF5,Homo sapiens,ERR1297743,SAMEA3882521,Illumina HiSeq 2000,allogenic FMT / placebo (autologous) FMT / healthy control,FAT_012-22-42-0,metabolic syndrome,Fecal microbiota transplantation,"Cohort of 10 subjects: 5 allogenic FMT (from one of three lean donors), 5 autologous (placebo) FMT; 55 fecal metagenomes sequenced from FMT study; 164 total metagenomes across three study groups; Comparison cohort: 109 metagenomes from 48 healthy FMT-naive individuals including Human Microbiome Project data; 1105 detected prokaryotic species; 11.8 million variant positions identified; 42 species across five phyla used for confident SNV tracking; Subjects had not used antibiotics or other medication for at least 3 months before or during treatment"
27126044,No,3,Month,Donor-specific SNV retention (determinant positions); SNV assignment error rate; Proportion of acquired donor-specific species (allogenic FMT); Proportion of newly detected species (placebo); Proportion of newly detected species (healthy); Species shared between donor and recipient; Coexistence of donor and recipient strains (shared species); Species showing resistance to donor strains; Species showing donor-recipient strain coexistence,%; %; %; %; %; %; %; %; %,69.3 ± 21.8 (day 2); 37.6 ± 16.6 (3 months); 11.9; not clearly separated from placebo/healthy fluctuation range in 4/5 cases; 20.8 ± 5.5; 17.7 ± 10.9; 64.5 ± 6.0; 50.7 ± 10.1; 39 ± 23; 44 ± 14,feces,2009/2010,Netherlands,Metabolic syndrome,Metabolic syndrome,Species composition change above range of temporal variation (Euclidean distance); Higher single-site allelic variation in allogenic FMT vs placebo/healthy,FMT1; FMT2; FMT3; FMT4; FMT5; SELF1; SELF2; SELF3; SELF4; SELF5,Homo sapiens,ERR1297431,SAMEA3882530,Illumina HiSeq 2000,allogenic FMT / placebo (autologous) FMT / healthy control,FAT_015-22-2-0,metabolic syndrome,Fecal microbiota transplantation,"Cohort of 10 subjects: 5 allogenic FMT (from one of three lean donors), 5 autologous (placebo) FMT; 55 fecal metagenomes sequenced from FMT study; 164 total metagenomes across three study groups; Comparison cohort: 109 metagenomes from 48 healthy FMT-naive individuals including Human Microbiome Project data; 1105 detected prokaryotic species; 11.8 million variant positions identified; 42 species across five phyla used for confident SNV tracking; Subjects had not used antibiotics or other medication for at least 3 months before or during treatment"
27126044,No,3,Month,Donor-specific SNV retention (determinant positions); SNV assignment error rate; Proportion of acquired donor-specific species (allogenic FMT); Proportion of newly detected species (placebo); Proportion of newly detected species (healthy); Species shared between donor and recipient; Coexistence of donor and recipient strains (shared species); Species showing resistance to donor strains; Species showing donor-recipient strain coexistence,%; %; %; %; %; %; %; %; %,69.3 ± 21.8 (day 2); 37.6 ± 16.6 (3 months); 11.9; not clearly separated from placebo/healthy fluctuation range in 4/5 cases; 20.8 ± 5.5; 17.7 ± 10.9; 64.5 ± 6.0; 50.7 ± 10.1; 39 ± 23; 44 ± 14,feces,2009/2010,Netherlands,Metabolic syndrome,Metabolic syndrome,Species composition change above range of temporal variation (Euclidean distance); Higher single-site allelic variation in allogenic FMT vs placebo/healthy,FMT1; FMT2; FMT3; FMT4; FMT5; SELF1; SELF2; SELF3; SELF4; SELF5,Homo sapiens,ERR1297751,SAMEA3882526,Illumina HiSeq 2000,allogenic FMT / placebo (autologous) FMT / healthy control,FAT_014-22-42-0,metabolic syndrome,Fecal microbiota transplantation,"Cohort of 10 subjects: 5 allogenic FMT (from one of three lean donors), 5 autologous (placebo) FMT; 55 fecal metagenomes sequenced from FMT study; 164 total metagenomes across three study groups; Comparison cohort: 109 metagenomes from 48 healthy FMT-naive individuals including Human Microbiome Project data; 1105 detected prokaryotic species; 11.8 million variant positions identified; 42 species across five phyla used for confident SNV tracking; Subjects had not used antibiotics or other medication for at least 3 months before or during treatment"
27126044,No,3,Month,Donor-specific SNV retention (determinant positions); SNV assignment error rate; Proportion of acquired donor-specific species (allogenic FMT); Proportion of newly detected species (placebo); Proportion of newly detected species (healthy); Species shared between donor and recipient; Coexistence of donor and recipient strains (shared species); Species showing resistance to donor strains; Species showing donor-recipient strain coexistence,%; %; %; %; %; %; %; %; %,69.3 ± 21.8 (day 2); 37.6 ± 16.6 (3 months); 11.9; not clearly separated from placebo/healthy fluctuation range in 4/5 cases; 20.8 ± 5.5; 17.7 ± 10.9; 64.5 ± 6.0; 50.7 ± 10.1; 39 ± 23; 44 ± 14,feces,2009/2010,Netherlands,Metabolic syndrome,Metabolic syndrome,Species composition change above range of temporal variation (Euclidean distance); Higher single-site allelic variation in allogenic FMT vs placebo/healthy,FMT1; FMT2; FMT3; FMT4; FMT5; SELF1; SELF2; SELF3; SELF4; SELF5,Homo sapiens,ERR1297432,SAMEA3882517,Illumina HiSeq 2000,allogenic FMT / placebo (autologous) FMT / healthy control,FAT_010-22-84-0,metabolic syndrome,Fecal microbiota transplantation,"Cohort of 10 subjects: 5 allogenic FMT (from one of three lean donors), 5 autologous (placebo) FMT; 55 fecal metagenomes sequenced from FMT study; 164 total metagenomes across three study groups; Comparison cohort: 109 metagenomes from 48 healthy FMT-naive individuals including Human Microbiome Project data; 1105 detected prokaryotic species; 11.8 million variant positions identified; 42 species across five phyla used for confident SNV tracking; Subjects had not used antibiotics or other medication for at least 3 months before or during treatment"
27126044,No,3,Month,Donor-specific SNV retention (determinant positions); SNV assignment error rate; Proportion of acquired donor-specific species (allogenic FMT); Proportion of newly detected species (placebo); Proportion of newly detected species (healthy); Species shared between donor and recipient; Coexistence of donor and recipient strains (shared species); Species showing resistance to donor strains; Species showing donor-recipient strain coexistence,%; %; %; %; %; %; %; %; %,69.3 ± 21.8 (day 2); 37.6 ± 16.6 (3 months); 11.9; not clearly separated from placebo/healthy fluctuation range in 4/5 cases; 20.8 ± 5.5; 17.7 ± 10.9; 64.5 ± 6.0; 50.7 ± 10.1; 39 ± 23; 44 ± 14,feces,2009/2010,Netherlands,Metabolic syndrome,Metabolic syndrome,Species composition change above range of temporal variation (Euclidean distance); Higher single-site allelic variation in allogenic FMT vs placebo/healthy,FMT1; FMT2; FMT3; FMT4; FMT5; SELF1; SELF2; SELF3; SELF4; SELF5,Homo sapiens,ERR1297752,SAMEA3882547,Illumina HiSeq 2000,allogenic FMT / placebo (autologous) FMT / healthy control,FAT_023-22-84-0,metabolic syndrome,Fecal microbiota transplantation,"Cohort of 10 subjects: 5 allogenic FMT (from one of three lean donors), 5 autologous (placebo) FMT; 55 fecal metagenomes sequenced from FMT study; 164 total metagenomes across three study groups; Comparison cohort: 109 metagenomes from 48 healthy FMT-naive individuals including Human Microbiome Project data; 1105 detected prokaryotic species; 11.8 million variant positions identified; 42 species across five phyla used for confident SNV tracking; Subjects had not used antibiotics or other medication for at least 3 months before or during treatment"
27126044,No,3,Month,Donor-specific SNV retention (determinant positions); SNV assignment error rate; Proportion of acquired donor-specific species (allogenic FMT); Proportion of newly detected species (placebo); Proportion of newly detected species (healthy); Species shared between donor and recipient; Coexistence of donor and recipient strains (shared species); Species showing resistance to donor strains; Species showing donor-recipient strain coexistence,%; %; %; %; %; %; %; %; %,69.3 ± 21.8 (day 2); 37.6 ± 16.6 (3 months); 11.9; not clearly separated from placebo/healthy fluctuation range in 4/5 cases; 20.8 ± 5.5; 17.7 ± 10.9; 64.5 ± 6.0; 50.7 ± 10.1; 39 ± 23; 44 ± 14,feces,2009/2010,Netherlands,Metabolic syndrome,Metabolic syndrome,Species composition change above range of temporal variation (Euclidean distance); Higher single-site allelic variation in allogenic FMT vs placebo/healthy,FMT1; FMT2; FMT3; FMT4; FMT5; SELF1; SELF2; SELF3; SELF4; SELF5,Homo sapiens,ERR1297433,SAMEA3882550,Illumina HiSeq 2000,allogenic FMT / placebo (autologous) FMT / healthy control,FAT_024-22-2-0,metabolic syndrome,Fecal microbiota transplantation,"Cohort of 10 subjects: 5 allogenic FMT (from one of three lean donors), 5 autologous (placebo) FMT; 55 fecal metagenomes sequenced from FMT study; 164 total metagenomes across three study groups; Comparison cohort: 109 metagenomes from 48 healthy FMT-naive individuals including Human Microbiome Project data; 1105 detected prokaryotic species; 11.8 million variant positions identified; 42 species across five phyla used for confident SNV tracking; Subjects had not used antibiotics or other medication for at least 3 months before or during treatment"
27126044,No,3,Month,Donor-specific SNV retention (determinant positions); SNV assignment error rate; Proportion of acquired donor-specific species (allogenic FMT); Proportion of newly detected species (placebo); Proportion of newly detected species (healthy); Species shared between donor and recipient; Coexistence of donor and recipient strains (shared species); Species showing resistance to donor strains; Species showing donor-recipient strain coexistence,%; %; %; %; %; %; %; %; %,69.3 ± 21.8 (day 2); 37.6 ± 16.6 (3 months); 11.9; not clearly separated from placebo/healthy fluctuation range in 4/5 cases; 20.8 ± 5.5; 17.7 ± 10.9; 64.5 ± 6.0; 50.7 ± 10.1; 39 ± 23; 44 ± 14,feces,2009/2010,Netherlands,Metabolic syndrome,Metabolic syndrome,Species composition change above range of temporal variation (Euclidean distance); Higher single-site allelic variation in allogenic FMT vs placebo/healthy,FMT1; FMT2; FMT3; FMT4; FMT5; SELF1; SELF2; SELF3; SELF4; SELF5,Homo sapiens,ERR1297755,SAMEA3882555,Illumina HiSeq 2000,allogenic FMT / placebo (autologous) FMT / healthy control,FAT_DON_11-22-0-6,metabolic syndrome,Fecal microbiota transplantation,"Cohort of 10 subjects: 5 allogenic FMT (from one of three lean donors), 5 autologous (placebo) FMT; 55 fecal metagenomes sequenced from FMT study; 164 total metagenomes across three study groups; Comparison cohort: 109 metagenomes from 48 healthy FMT-naive individuals including Human Microbiome Project data; 1105 detected prokaryotic species; 11.8 million variant positions identified; 42 species across five phyla used for confident SNV tracking; Subjects had not used antibiotics or other medication for at least 3 months before or during treatment"
27126044,No,3,Month,Donor-specific SNV retention (determinant positions); SNV assignment error rate; Proportion of acquired donor-specific species (allogenic FMT); Proportion of newly detected species (placebo); Proportion of newly detected species (healthy); Species shared between donor and recipient; Coexistence of donor and recipient strains (shared species); Species showing resistance to donor strains; Species showing donor-recipient strain coexistence,%; %; %; %; %; %; %; %; %,69.3 ± 21.8 (day 2); 37.6 ± 16.6 (3 months); 11.9; not clearly separated from placebo/healthy fluctuation range in 4/5 cases; 20.8 ± 5.5; 17.7 ± 10.9; 64.5 ± 6.0; 50.7 ± 10.1; 39 ± 23; 44 ± 14,feces,2009/2010,Netherlands,Metabolic syndrome,Metabolic syndrome,Species composition change above range of temporal variation (Euclidean distance); Higher single-site allelic variation in allogenic FMT vs placebo/healthy,FMT1; FMT2; FMT3; FMT4; FMT5; SELF1; SELF2; SELF3; SELF4; SELF5,Homo sapiens,ERR1297441,SAMEA3882533,Illumina HiSeq 2000,allogenic FMT / placebo (autologous) FMT / healthy control,FAT_017-22-0-0,metabolic syndrome,Fecal microbiota transplantation,"Cohort of 10 subjects: 5 allogenic FMT (from one of three lean donors), 5 autologous (placebo) FMT; 55 fecal metagenomes sequenced from FMT study; 164 total metagenomes across three study groups; Comparison cohort: 109 metagenomes from 48 healthy FMT-naive individuals including Human Microbiome Project data; 1105 detected prokaryotic species; 11.8 million variant positions identified; 42 species across five phyla used for confident SNV tracking; Subjects had not used antibiotics or other medication for at least 3 months before or during treatment"
27126044,No,3,Month,Donor-specific SNV retention (determinant positions); SNV assignment error rate; Proportion of acquired donor-specific species (allogenic FMT); Proportion of newly detected species (placebo); Proportion of newly detected species (healthy); Species shared between donor and recipient; Coexistence of donor and recipient strains (shared species); Species showing resistance to donor strains; Species showing donor-recipient strain coexistence,%; %; %; %; %; %; %; %; %,69.3 ± 21.8 (day 2); 37.6 ± 16.6 (3 months); 11.9; not clearly separated from placebo/healthy fluctuation range in 4/5 cases; 20.8 ± 5.5; 17.7 ± 10.9; 64.5 ± 6.0; 50.7 ± 10.1; 39 ± 23; 44 ± 14,feces,2009/2010,Netherlands,Metabolic syndrome,Metabolic syndrome,Species composition change above range of temporal variation (Euclidean distance); Higher single-site allelic variation in allogenic FMT vs placebo/healthy,FMT1; FMT2; FMT3; FMT4; FMT5; SELF1; SELF2; SELF3; SELF4; SELF5,Homo sapiens,ERR1297758,SAMEA3882527,Illumina HiSeq 2000,allogenic FMT / placebo (autologous) FMT / healthy control,FAT_014-22-84-0,metabolic syndrome,Fecal microbiota transplantation,"Cohort of 10 subjects: 5 allogenic FMT (from one of three lean donors), 5 autologous (placebo) FMT; 55 fecal metagenomes sequenced from FMT study; 164 total metagenomes across three study groups; Comparison cohort: 109 metagenomes from 48 healthy FMT-naive individuals including Human Microbiome Project data; 1105 detected prokaryotic species; 11.8 million variant positions identified; 42 species across five phyla used for confident SNV tracking; Subjects had not used antibiotics or other medication for at least 3 months before or during treatment"
27126044,No,3,Month,Donor-specific SNV retention (determinant positions); SNV assignment error rate; Proportion of acquired donor-specific species (allogenic FMT); Proportion of newly detected species (placebo); Proportion of newly detected species (healthy); Species shared between donor and recipient; Coexistence of donor and recipient strains (shared species); Species showing resistance to donor strains; Species showing donor-recipient strain coexistence,%; %; %; %; %; %; %; %; %,69.3 ± 21.8 (day 2); 37.6 ± 16.6 (3 months); 11.9; not clearly separated from placebo/healthy fluctuation range in 4/5 cases; 20.8 ± 5.5; 17.7 ± 10.9; 64.5 ± 6.0; 50.7 ± 10.1; 39 ± 23; 44 ± 14,feces,2009/2010,Netherlands,Metabolic syndrome,Metabolic syndrome,Species composition change above range of temporal variation (Euclidean distance); Higher single-site allelic variation in allogenic FMT vs placebo/healthy,FMT1; FMT2; FMT3; FMT4; FMT5; SELF1; SELF2; SELF3; SELF4; SELF5,Homo sapiens,ERR1297447,SAMEA3882515,Illumina HiSeq 2000,allogenic FMT / placebo (autologous) FMT / healthy control,FAT_010-22-2-0,metabolic syndrome,Fecal microbiota transplantation,"Cohort of 10 subjects: 5 allogenic FMT (from one of three lean donors), 5 autologous (placebo) FMT; 55 fecal metagenomes sequenced from FMT study; 164 total metagenomes across three study groups; Comparison cohort: 109 metagenomes from 48 healthy FMT-naive individuals including Human Microbiome Project data; 1105 detected prokaryotic species; 11.8 million variant positions identified; 42 species across five phyla used for confident SNV tracking; Subjects had not used antibiotics or other medication for at least 3 months before or during treatment"
27126044,No,3,Month,Donor-specific SNV retention (determinant positions); SNV assignment error rate; Proportion of acquired donor-specific species (allogenic FMT); Proportion of newly detected species (placebo); Proportion of newly detected species (healthy); Species shared between donor and recipient; Coexistence of donor and recipient strains (shared species); Species showing resistance to donor strains; Species showing donor-recipient strain coexistence,%; %; %; %; %; %; %; %; %,69.3 ± 21.8 (day 2); 37.6 ± 16.6 (3 months); 11.9; not clearly separated from placebo/healthy fluctuation range in 4/5 cases; 20.8 ± 5.5; 17.7 ± 10.9; 64.5 ± 6.0; 50.7 ± 10.1; 39 ± 23; 44 ± 14,feces,2009/2010,Netherlands,Metabolic syndrome,Metabolic syndrome,Species composition change above range of temporal variation (Euclidean distance); Higher single-site allelic variation in allogenic FMT vs placebo/healthy,FMT1; FMT2; FMT3; FMT4; FMT5; SELF1; SELF2; SELF3; SELF4; SELF5,Homo sapiens,ERR1297761,SAMEA3882507,Illumina HiSeq 2000,allogenic FMT / placebo (autologous) FMT / healthy control,FAT_006-22-84-0,metabolic syndrome,Fecal microbiota transplantation,"Cohort of 10 subjects: 5 allogenic FMT (from one of three lean donors), 5 autologous (placebo) FMT; 55 fecal metagenomes sequenced from FMT study; 164 total metagenomes across three study groups; Comparison cohort: 109 metagenomes from 48 healthy FMT-naive individuals including Human Microbiome Project data; 1105 detected prokaryotic species; 11.8 million variant positions identified; 42 species across five phyla used for confident SNV tracking; Subjects had not used antibiotics or other medication for at least 3 months before or during treatment"
27126044,No,3,Month,Donor-specific SNV retention (determinant positions); SNV assignment error rate; Proportion of acquired donor-specific species (allogenic FMT); Proportion of newly detected species (placebo); Proportion of newly detected species (healthy); Species shared between donor and recipient; Coexistence of donor and recipient strains (shared species); Species showing resistance to donor strains; Species showing donor-recipient strain coexistence,%; %; %; %; %; %; %; %; %,69.3 ± 21.8 (day 2); 37.6 ± 16.6 (3 months); 11.9; not clearly separated from placebo/healthy fluctuation range in 4/5 cases; 20.8 ± 5.5; 17.7 ± 10.9; 64.5 ± 6.0; 50.7 ± 10.1; 39 ± 23; 44 ± 14,feces,2009/2010,Netherlands,Metabolic syndrome,Metabolic syndrome,Species composition change above range of temporal variation (Euclidean distance); Higher single-site allelic variation in allogenic FMT vs placebo/healthy,FMT1; FMT2; FMT3; FMT4; FMT5; SELF1; SELF2; SELF3; SELF4; SELF5,Homo sapiens,ERR1297762,SAMEA3882541,Illumina HiSeq 2000,allogenic FMT / placebo (autologous) FMT / healthy control,FAT_020-22-42-0,metabolic syndrome,Fecal microbiota transplantation,"Cohort of 10 subjects: 5 allogenic FMT (from one of three lean donors), 5 autologous (placebo) FMT; 55 fecal metagenomes sequenced from FMT study; 164 total metagenomes across three study groups; Comparison cohort: 109 metagenomes from 48 healthy FMT-naive individuals including Human Microbiome Project data; 1105 detected prokaryotic species; 11.8 million variant positions identified; 42 species across five phyla used for confident SNV tracking; Subjects had not used antibiotics or other medication for at least 3 months before or during treatment"
27126044,No,3,Month,Donor-specific SNV retention (determinant positions); SNV assignment error rate; Proportion of acquired donor-specific species (allogenic FMT); Proportion of newly detected species (placebo); Proportion of newly detected species (healthy); Species shared between donor and recipient; Coexistence of donor and recipient strains (shared species); Species showing resistance to donor strains; Species showing donor-recipient strain coexistence,%; %; %; %; %; %; %; %; %,69.3 ± 21.8 (day 2); 37.6 ± 16.6 (3 months); 11.9; not clearly separated from placebo/healthy fluctuation range in 4/5 cases; 20.8 ± 5.5; 17.7 ± 10.9; 64.5 ± 6.0; 50.7 ± 10.1; 39 ± 23; 44 ± 14,feces,2009/2010,Netherlands,Metabolic syndrome,Metabolic syndrome,Species composition change above range of temporal variation (Euclidean distance); Higher single-site allelic variation in allogenic FMT vs placebo/healthy,FMT1; FMT2; FMT3; FMT4; FMT5; SELF1; SELF2; SELF3; SELF4; SELF5,Homo sapiens,ERR1297449,SAMEA3882512,Illumina HiSeq 2000,allogenic FMT / placebo (autologous) FMT / healthy control,FAT_008-22-84-0,metabolic syndrome,Fecal microbiota transplantation,"Cohort of 10 subjects: 5 allogenic FMT (from one of three lean donors), 5 autologous (placebo) FMT; 55 fecal metagenomes sequenced from FMT study; 164 total metagenomes across three study groups; Comparison cohort: 109 metagenomes from 48 healthy FMT-naive individuals including Human Microbiome Project data; 1105 detected prokaryotic species; 11.8 million variant positions identified; 42 species across five phyla used for confident SNV tracking; Subjects had not used antibiotics or other medication for at least 3 months before or during treatment"
27126044,No,3,Month,Donor-specific SNV retention (determinant positions); SNV assignment error rate; Proportion of acquired donor-specific species (allogenic FMT); Proportion of newly detected species (placebo); Proportion of newly detected species (healthy); Species shared between donor and recipient; Coexistence of donor and recipient strains (shared species); Species showing resistance to donor strains; Species showing donor-recipient strain coexistence,%; %; %; %; %; %; %; %; %,69.3 ± 21.8 (day 2); 37.6 ± 16.6 (3 months); 11.9; not clearly separated from placebo/healthy fluctuation range in 4/5 cases; 20.8 ± 5.5; 17.7 ± 10.9; 64.5 ± 6.0; 50.7 ± 10.1; 39 ± 23; 44 ± 14,feces,2009/2010,Netherlands,Metabolic syndrome,Metabolic syndrome,Species composition change above range of temporal variation (Euclidean distance); Higher single-site allelic variation in allogenic FMT vs placebo/healthy,FMT1; FMT2; FMT3; FMT4; FMT5; SELF1; SELF2; SELF3; SELF4; SELF5,Homo sapiens,ERR1297767,SAMEA3882546,Illumina HiSeq 2000,allogenic FMT / placebo (autologous) FMT / healthy control,FAT_023-22-42-0,metabolic syndrome,Fecal microbiota transplantation,"Cohort of 10 subjects: 5 allogenic FMT (from one of three lean donors), 5 autologous (placebo) FMT; 55 fecal metagenomes sequenced from FMT study; 164 total metagenomes across three study groups; Comparison cohort: 109 metagenomes from 48 healthy FMT-naive individuals including Human Microbiome Project data; 1105 detected prokaryotic species; 11.8 million variant positions identified; 42 species across five phyla used for confident SNV tracking; Subjects had not used antibiotics or other medication for at least 3 months before or during treatment"
27126044,No,3,Month,Donor-specific SNV retention (determinant positions); SNV assignment error rate; Proportion of acquired donor-specific species (allogenic FMT); Proportion of newly detected species (placebo); Proportion of newly detected species (healthy); Species shared between donor and recipient; Coexistence of donor and recipient strains (shared species); Species showing resistance to donor strains; Species showing donor-recipient strain coexistence,%; %; %; %; %; %; %; %; %,69.3 ± 21.8 (day 2); 37.6 ± 16.6 (3 months); 11.9; not clearly separated from placebo/healthy fluctuation range in 4/5 cases; 20.8 ± 5.5; 17.7 ± 10.9; 64.5 ± 6.0; 50.7 ± 10.1; 39 ± 23; 44 ± 14,feces,2009/2010,Netherlands,Metabolic syndrome,Metabolic syndrome,Species composition change above range of temporal variation (Euclidean distance); Higher single-site allelic variation in allogenic FMT vs placebo/healthy,FMT1; FMT2; FMT3; FMT4; FMT5; SELF1; SELF2; SELF3; SELF4; SELF5,Homo sapiens,ERR1297450,SAMEA3882547,Illumina HiSeq 2000,allogenic FMT / placebo (autologous) FMT / healthy control,FAT_023-22-84-0,metabolic syndrome,Fecal microbiota transplantation,"Cohort of 10 subjects: 5 allogenic FMT (from one of three lean donors), 5 autologous (placebo) FMT; 55 fecal metagenomes sequenced from FMT study; 164 total metagenomes across three study groups; Comparison cohort: 109 metagenomes from 48 healthy FMT-naive individuals including Human Microbiome Project data; 1105 detected prokaryotic species; 11.8 million variant positions identified; 42 species across five phyla used for confident SNV tracking; Subjects had not used antibiotics or other medication for at least 3 months before or during treatment"
27126044,No,3,Month,Donor-specific SNV retention (determinant positions); SNV assignment error rate; Proportion of acquired donor-specific species (allogenic FMT); Proportion of newly detected species (placebo); Proportion of newly detected species (healthy); Species shared between donor and recipient; Coexistence of donor and recipient strains (shared species); Species showing resistance to donor strains; Species showing donor-recipient strain coexistence,%; %; %; %; %; %; %; %; %,69.3 ± 21.8 (day 2); 37.6 ± 16.6 (3 months); 11.9; not clearly separated from placebo/healthy fluctuation range in 4/5 cases; 20.8 ± 5.5; 17.7 ± 10.9; 64.5 ± 6.0; 50.7 ± 10.1; 39 ± 23; 44 ± 14,feces,2009/2010,Netherlands,Metabolic syndrome,Metabolic syndrome,Species composition change above range of temporal variation (Euclidean distance); Higher single-site allelic variation in allogenic FMT vs placebo/healthy,FMT1; FMT2; FMT3; FMT4; FMT5; SELF1; SELF2; SELF3; SELF4; SELF5,Homo sapiens,ERR1297769,SAMEA3882510,Illumina HiSeq 2000,allogenic FMT / placebo (autologous) FMT / healthy control,FAT_008-22-2-0,metabolic syndrome,Fecal microbiota transplantation,"Cohort of 10 subjects: 5 allogenic FMT (from one of three lean donors), 5 autologous (placebo) FMT; 55 fecal metagenomes sequenced from FMT study; 164 total metagenomes across three study groups; Comparison cohort: 109 metagenomes from 48 healthy FMT-naive individuals including Human Microbiome Project data; 1105 detected prokaryotic species; 11.8 million variant positions identified; 42 species across five phyla used for confident SNV tracking; Subjects had not used antibiotics or other medication for at least 3 months before or during treatment"
27126044,No,3,Month,Donor-specific SNV retention (determinant positions); SNV assignment error rate; Proportion of acquired donor-specific species (allogenic FMT); Proportion of newly detected species (placebo); Proportion of newly detected species (healthy); Species shared between donor and recipient; Coexistence of donor and recipient strains (shared species); Species showing resistance to donor strains; Species showing donor-recipient strain coexistence,%; %; %; %; %; %; %; %; %,69.3 ± 21.8 (day 2); 37.6 ± 16.6 (3 months); 11.9; not clearly separated from placebo/healthy fluctuation range in 4/5 cases; 20.8 ± 5.5; 17.7 ± 10.9; 64.5 ± 6.0; 50.7 ± 10.1; 39 ± 23; 44 ± 14,feces,2009/2010,Netherlands,Metabolic syndrome,Metabolic syndrome,Species composition change above range of temporal variation (Euclidean distance); Higher single-site allelic variation in allogenic FMT vs placebo/healthy,FMT1; FMT2; FMT3; FMT4; FMT5; SELF1; SELF2; SELF3; SELF4; SELF5,Homo sapiens,ERR1297771,SAMEA3882531,Illumina HiSeq 2000,allogenic FMT / placebo (autologous) FMT / healthy control,FAT_015-22-42-0,metabolic syndrome,Fecal microbiota transplantation,"Cohort of 10 subjects: 5 allogenic FMT (from one of three lean donors), 5 autologous (placebo) FMT; 55 fecal metagenomes sequenced from FMT study; 164 total metagenomes across three study groups; Comparison cohort: 109 metagenomes from 48 healthy FMT-naive individuals including Human Microbiome Project data; 1105 detected prokaryotic species; 11.8 million variant positions identified; 42 species across five phyla used for confident SNV tracking; Subjects had not used antibiotics or other medication for at least 3 months before or during treatment"
27126044,No,3,Month,Donor-specific SNV retention (determinant positions); SNV assignment error rate; Proportion of acquired donor-specific species (allogenic FMT); Proportion of newly detected species (placebo); Proportion of newly detected species (healthy); Species shared between donor and recipient; Coexistence of donor and recipient strains (shared species); Species showing resistance to donor strains; Species showing donor-recipient strain coexistence,%; %; %; %; %; %; %; %; %,69.3 ± 21.8 (day 2); 37.6 ± 16.6 (3 months); 11.9; not clearly separated from placebo/healthy fluctuation range in 4/5 cases; 20.8 ± 5.5; 17.7 ± 10.9; 64.5 ± 6.0; 50.7 ± 10.1; 39 ± 23; 44 ± 14,feces,2009/2010,Netherlands,Metabolic syndrome,Metabolic syndrome,Species composition change above range of temporal variation (Euclidean distance); Higher single-site allelic variation in allogenic FMT vs placebo/healthy,FMT1; FMT2; FMT3; FMT4; FMT5; SELF1; SELF2; SELF3; SELF4; SELF5,Homo sapiens,ERR1297452,SAMEA3882544,Illumina HiSeq 2000,allogenic FMT / placebo (autologous) FMT / healthy control,FAT_023-22-14-0,metabolic syndrome,Fecal microbiota transplantation,"Cohort of 10 subjects: 5 allogenic FMT (from one of three lean donors), 5 autologous (placebo) FMT; 55 fecal metagenomes sequenced from FMT study; 164 total metagenomes across three study groups; Comparison cohort: 109 metagenomes from 48 healthy FMT-naive individuals including Human Microbiome Project data; 1105 detected prokaryotic species; 11.8 million variant positions identified; 42 species across five phyla used for confident SNV tracking; Subjects had not used antibiotics or other medication for at least 3 months before or during treatment"
27126044,No,3,Month,Donor-specific SNV retention (determinant positions); SNV assignment error rate; Proportion of acquired donor-specific species (allogenic FMT); Proportion of newly detected species (placebo); Proportion of newly detected species (healthy); Species shared between donor and recipient; Coexistence of donor and recipient strains (shared species); Species showing resistance to donor strains; Species showing donor-recipient strain coexistence,%; %; %; %; %; %; %; %; %,69.3 ± 21.8 (day 2); 37.6 ± 16.6 (3 months); 11.9; not clearly separated from placebo/healthy fluctuation range in 4/5 cases; 20.8 ± 5.5; 17.7 ± 10.9; 64.5 ± 6.0; 50.7 ± 10.1; 39 ± 23; 44 ± 14,feces,2009/2010,Netherlands,Metabolic syndrome,Metabolic syndrome,Species composition change above range of temporal variation (Euclidean distance); Higher single-site allelic variation in allogenic FMT vs placebo/healthy,FMT1; FMT2; FMT3; FMT4; FMT5; SELF1; SELF2; SELF3; SELF4; SELF5,Homo sapiens,ERR1297772,SAMEA3882518,Illumina HiSeq 2000,allogenic FMT / placebo (autologous) FMT / healthy control,FAT_012-22-0-0,metabolic syndrome,Fecal microbiota transplantation,"Cohort of 10 subjects: 5 allogenic FMT (from one of three lean donors), 5 autologous (placebo) FMT; 55 fecal metagenomes sequenced from FMT study; 164 total metagenomes across three study groups; Comparison cohort: 109 metagenomes from 48 healthy FMT-naive individuals including Human Microbiome Project data; 1105 detected prokaryotic species; 11.8 million variant positions identified; 42 species across five phyla used for confident SNV tracking; Subjects had not used antibiotics or other medication for at least 3 months before or during treatment"
27126044,No,3,Month,Donor-specific SNV retention (determinant positions); SNV assignment error rate; Proportion of acquired donor-specific species (allogenic FMT); Proportion of newly detected species (placebo); Proportion of newly detected species (healthy); Species shared between donor and recipient; Coexistence of donor and recipient strains (shared species); Species showing resistance to donor strains; Species showing donor-recipient strain coexistence,%; %; %; %; %; %; %; %; %,69.3 ± 21.8 (day 2); 37.6 ± 16.6 (3 months); 11.9; not clearly separated from placebo/healthy fluctuation range in 4/5 cases; 20.8 ± 5.5; 17.7 ± 10.9; 64.5 ± 6.0; 50.7 ± 10.1; 39 ± 23; 44 ± 14,feces,2009/2010,Netherlands,Metabolic syndrome,Metabolic syndrome,Species composition change above range of temporal variation (Euclidean distance); Higher single-site allelic variation in allogenic FMT vs placebo/healthy,FMT1; FMT2; FMT3; FMT4; FMT5; SELF1; SELF2; SELF3; SELF4; SELF5,Homo sapiens,ERR1297778,SAMEA3882535,Illumina HiSeq 2000,allogenic FMT / placebo (autologous) FMT / healthy control,FAT_017-22-2-0,metabolic syndrome,Fecal microbiota transplantation,"Cohort of 10 subjects: 5 allogenic FMT (from one of three lean donors), 5 autologous (placebo) FMT; 55 fecal metagenomes sequenced from FMT study; 164 total metagenomes across three study groups; Comparison cohort: 109 metagenomes from 48 healthy FMT-naive individuals including Human Microbiome Project data; 1105 detected prokaryotic species; 11.8 million variant positions identified; 42 species across five phyla used for confident SNV tracking; Subjects had not used antibiotics or other medication for at least 3 months before or during treatment"
27126044,No,3,Month,Donor-specific SNV retention (determinant positions); SNV assignment error rate; Proportion of acquired donor-specific species (allogenic FMT); Proportion of newly detected species (placebo); Proportion of newly detected species (healthy); Species shared between donor and recipient; Coexistence of donor and recipient strains (shared species); Species showing resistance to donor strains; Species showing donor-recipient strain coexistence,%; %; %; %; %; %; %; %; %,69.3 ± 21.8 (day 2); 37.6 ± 16.6 (3 months); 11.9; not clearly separated from placebo/healthy fluctuation range in 4/5 cases; 20.8 ± 5.5; 17.7 ± 10.9; 64.5 ± 6.0; 50.7 ± 10.1; 39 ± 23; 44 ± 14,feces,2009/2010,Netherlands,Metabolic syndrome,Metabolic syndrome,Species composition change above range of temporal variation (Euclidean distance); Higher single-site allelic variation in allogenic FMT vs placebo/healthy,FMT1; FMT2; FMT3; FMT4; FMT5; SELF1; SELF2; SELF3; SELF4; SELF5,Homo sapiens,ERR1297456,SAMEA3882516,Illumina HiSeq 2000,allogenic FMT / placebo (autologous) FMT / healthy control,FAT_010-22-42-0,metabolic syndrome,Fecal microbiota transplantation,"Cohort of 10 subjects: 5 allogenic FMT (from one of three lean donors), 5 autologous (placebo) FMT; 55 fecal metagenomes sequenced from FMT study; 164 total metagenomes across three study groups; Comparison cohort: 109 metagenomes from 48 healthy FMT-naive individuals including Human Microbiome Project data; 1105 detected prokaryotic species; 11.8 million variant positions identified; 42 species across five phyla used for confident SNV tracking; Subjects had not used antibiotics or other medication for at least 3 months before or during treatment"
27126044,No,3,Month,Donor-specific SNV retention (determinant positions); SNV assignment error rate; Proportion of acquired donor-specific species (allogenic FMT); Proportion of newly detected species (placebo); Proportion of newly detected species (healthy); Species shared between donor and recipient; Coexistence of donor and recipient strains (shared species); Species showing resistance to donor strains; Species showing donor-recipient strain coexistence,%; %; %; %; %; %; %; %; %,69.3 ± 21.8 (day 2); 37.6 ± 16.6 (3 months); 11.9; not clearly separated from placebo/healthy fluctuation range in 4/5 cases; 20.8 ± 5.5; 17.7 ± 10.9; 64.5 ± 6.0; 50.7 ± 10.1; 39 ± 23; 44 ± 14,feces,2009/2010,Netherlands,Metabolic syndrome,Metabolic syndrome,Species composition change above range of temporal variation (Euclidean distance); Higher single-site allelic variation in allogenic FMT vs placebo/healthy,FMT1; FMT2; FMT3; FMT4; FMT5; SELF1; SELF2; SELF3; SELF4; SELF5,Homo sapiens,ERR1297783,SAMEA3882525,Illumina HiSeq 2000,allogenic FMT / placebo (autologous) FMT / healthy control,FAT_014-22-2-0,metabolic syndrome,Fecal microbiota transplantation,"Cohort of 10 subjects: 5 allogenic FMT (from one of three lean donors), 5 autologous (placebo) FMT; 55 fecal metagenomes sequenced from FMT study; 164 total metagenomes across three study groups; Comparison cohort: 109 metagenomes from 48 healthy FMT-naive individuals including Human Microbiome Project data; 1105 detected prokaryotic species; 11.8 million variant positions identified; 42 species across five phyla used for confident SNV tracking; Subjects had not used antibiotics or other medication for at least 3 months before or during treatment"
27126044,No,3,Month,Donor-specific SNV retention (determinant positions); SNV assignment error rate; Proportion of acquired donor-specific species (allogenic FMT); Proportion of newly detected species (placebo); Proportion of newly detected species (healthy); Species shared between donor and recipient; Coexistence of donor and recipient strains (shared species); Species showing resistance to donor strains; Species showing donor-recipient strain coexistence,%; %; %; %; %; %; %; %; %,69.3 ± 21.8 (day 2); 37.6 ± 16.6 (3 months); 11.9; not clearly separated from placebo/healthy fluctuation range in 4/5 cases; 20.8 ± 5.5; 17.7 ± 10.9; 64.5 ± 6.0; 50.7 ± 10.1; 39 ± 23; 44 ± 14,feces,2009/2010,Netherlands,Metabolic syndrome,Metabolic syndrome,Species composition change above range of temporal variation (Euclidean distance); Higher single-site allelic variation in allogenic FMT vs placebo/healthy,FMT1; FMT2; FMT3; FMT4; FMT5; SELF1; SELF2; SELF3; SELF4; SELF5,Homo sapiens,ERR1297784,SAMEA3882550,Illumina HiSeq 2000,allogenic FMT / placebo (autologous) FMT / healthy control,FAT_024-22-2-0,metabolic syndrome,Fecal microbiota transplantation,"Cohort of 10 subjects: 5 allogenic FMT (from one of three lean donors), 5 autologous (placebo) FMT; 55 fecal metagenomes sequenced from FMT study; 164 total metagenomes across three study groups; Comparison cohort: 109 metagenomes from 48 healthy FMT-naive individuals including Human Microbiome Project data; 1105 detected prokaryotic species; 11.8 million variant positions identified; 42 species across five phyla used for confident SNV tracking; Subjects had not used antibiotics or other medication for at least 3 months before or during treatment"
27126044,No,3,Month,Donor-specific SNV retention (determinant positions); SNV assignment error rate; Proportion of acquired donor-specific species (allogenic FMT); Proportion of newly detected species (placebo); Proportion of newly detected species (healthy); Species shared between donor and recipient; Coexistence of donor and recipient strains (shared species); Species showing resistance to donor strains; Species showing donor-recipient strain coexistence,%; %; %; %; %; %; %; %; %,69.3 ± 21.8 (day 2); 37.6 ± 16.6 (3 months); 11.9; not clearly separated from placebo/healthy fluctuation range in 4/5 cases; 20.8 ± 5.5; 17.7 ± 10.9; 64.5 ± 6.0; 50.7 ± 10.1; 39 ± 23; 44 ± 14,feces,2009/2010,Netherlands,Metabolic syndrome,Metabolic syndrome,Species composition change above range of temporal variation (Euclidean distance); Higher single-site allelic variation in allogenic FMT vs placebo/healthy,FMT1; FMT2; FMT3; FMT4; FMT5; SELF1; SELF2; SELF3; SELF4; SELF5,Homo sapiens,ERR1297461,SAMEA3882548,Illumina HiSeq 2000,allogenic FMT / placebo (autologous) FMT / healthy control,FAT_024-22-0-0,metabolic syndrome,Fecal microbiota transplantation,"Cohort of 10 subjects: 5 allogenic FMT (from one of three lean donors), 5 autologous (placebo) FMT; 55 fecal metagenomes sequenced from FMT study; 164 total metagenomes across three study groups; Comparison cohort: 109 metagenomes from 48 healthy FMT-naive individuals including Human Microbiome Project data; 1105 detected prokaryotic species; 11.8 million variant positions identified; 42 species across five phyla used for confident SNV tracking; Subjects had not used antibiotics or other medication for at least 3 months before or during treatment"
27126044,No,3,Month,Donor-specific SNV retention (determinant positions); SNV assignment error rate; Proportion of acquired donor-specific species (allogenic FMT); Proportion of newly detected species (placebo); Proportion of newly detected species (healthy); Species shared between donor and recipient; Coexistence of donor and recipient strains (shared species); Species showing resistance to donor strains; Species showing donor-recipient strain coexistence,%; %; %; %; %; %; %; %; %,69.3 ± 21.8 (day 2); 37.6 ± 16.6 (3 months); 11.9; not clearly separated from placebo/healthy fluctuation range in 4/5 cases; 20.8 ± 5.5; 17.7 ± 10.9; 64.5 ± 6.0; 50.7 ± 10.1; 39 ± 23; 44 ± 14,feces,2009/2010,Netherlands,Metabolic syndrome,Metabolic syndrome,Species composition change above range of temporal variation (Euclidean distance); Higher single-site allelic variation in allogenic FMT vs placebo/healthy,FMT1; FMT2; FMT3; FMT4; FMT5; SELF1; SELF2; SELF3; SELF4; SELF5,Homo sapiens,ERR1297785,SAMEA3882551,Illumina HiSeq 2000,allogenic FMT / placebo (autologous) FMT / healthy control,FAT_024-22-42-0,metabolic syndrome,Fecal microbiota transplantation,"Cohort of 10 subjects: 5 allogenic FMT (from one of three lean donors), 5 autologous (placebo) FMT; 55 fecal metagenomes sequenced from FMT study; 164 total metagenomes across three study groups; Comparison cohort: 109 metagenomes from 48 healthy FMT-naive individuals including Human Microbiome Project data; 1105 detected prokaryotic species; 11.8 million variant positions identified; 42 species across five phyla used for confident SNV tracking; Subjects had not used antibiotics or other medication for at least 3 months before or during treatment"
27126044,No,3,Month,Donor-specific SNV retention (determinant positions); SNV assignment error rate; Proportion of acquired donor-specific species (allogenic FMT); Proportion of newly detected species (placebo); Proportion of newly detected species (healthy); Species shared between donor and recipient; Coexistence of donor and recipient strains (shared species); Species showing resistance to donor strains; Species showing donor-recipient strain coexistence,%; %; %; %; %; %; %; %; %,69.3 ± 21.8 (day 2); 37.6 ± 16.6 (3 months); 11.9; not clearly separated from placebo/healthy fluctuation range in 4/5 cases; 20.8 ± 5.5; 17.7 ± 10.9; 64.5 ± 6.0; 50.7 ± 10.1; 39 ± 23; 44 ± 14,feces,2009/2010,Netherlands,Metabolic syndrome,Metabolic syndrome,Species composition change above range of temporal variation (Euclidean distance); Higher single-site allelic variation in allogenic FMT vs placebo/healthy,FMT1; FMT2; FMT3; FMT4; FMT5; SELF1; SELF2; SELF3; SELF4; SELF5,Homo sapiens,ERR1297786,SAMEA3882506,Illumina HiSeq 2000,allogenic FMT / placebo (autologous) FMT / healthy control,FAT_006-22-42-0,metabolic syndrome,Fecal microbiota transplantation,"Cohort of 10 subjects: 5 allogenic FMT (from one of three lean donors), 5 autologous (placebo) FMT; 55 fecal metagenomes sequenced from FMT study; 164 total metagenomes across three study groups; Comparison cohort: 109 metagenomes from 48 healthy FMT-naive individuals including Human Microbiome Project data; 1105 detected prokaryotic species; 11.8 million variant positions identified; 42 species across five phyla used for confident SNV tracking; Subjects had not used antibiotics or other medication for at least 3 months before or during treatment"
27126044,No,3,Month,Donor-specific SNV retention (determinant positions); SNV assignment error rate; Proportion of acquired donor-specific species (allogenic FMT); Proportion of newly detected species (placebo); Proportion of newly detected species (healthy); Species shared between donor and recipient; Coexistence of donor and recipient strains (shared species); Species showing resistance to donor strains; Species showing donor-recipient strain coexistence,%; %; %; %; %; %; %; %; %,69.3 ± 21.8 (day 2); 37.6 ± 16.6 (3 months); 11.9; not clearly separated from placebo/healthy fluctuation range in 4/5 cases; 20.8 ± 5.5; 17.7 ± 10.9; 64.5 ± 6.0; 50.7 ± 10.1; 39 ± 23; 44 ± 14,feces,2009/2010,Netherlands,Metabolic syndrome,Metabolic syndrome,Species composition change above range of temporal variation (Euclidean distance); Higher single-site allelic variation in allogenic FMT vs placebo/healthy,FMT1; FMT2; FMT3; FMT4; FMT5; SELF1; SELF2; SELF3; SELF4; SELF5,Homo sapiens,ERR1297463,SAMEA3882540,Illumina HiSeq 2000,allogenic FMT / placebo (autologous) FMT / healthy control,FAT_020-22-2-0,metabolic syndrome,Fecal microbiota transplantation,"Cohort of 10 subjects: 5 allogenic FMT (from one of three lean donors), 5 autologous (placebo) FMT; 55 fecal metagenomes sequenced from FMT study; 164 total metagenomes across three study groups; Comparison cohort: 109 metagenomes from 48 healthy FMT-naive individuals including Human Microbiome Project data; 1105 detected prokaryotic species; 11.8 million variant positions identified; 42 species across five phyla used for confident SNV tracking; Subjects had not used antibiotics or other medication for at least 3 months before or during treatment"
27126044,No,3,Month,Donor-specific SNV retention (determinant positions); SNV assignment error rate; Proportion of acquired donor-specific species (allogenic FMT); Proportion of newly detected species (placebo); Proportion of newly detected species (healthy); Species shared between donor and recipient; Coexistence of donor and recipient strains (shared species); Species showing resistance to donor strains; Species showing donor-recipient strain coexistence,%; %; %; %; %; %; %; %; %,69.3 ± 21.8 (day 2); 37.6 ± 16.6 (3 months); 11.9; not clearly separated from placebo/healthy fluctuation range in 4/5 cases; 20.8 ± 5.5; 17.7 ± 10.9; 64.5 ± 6.0; 50.7 ± 10.1; 39 ± 23; 44 ± 14,feces,2009/2010,Netherlands,Metabolic syndrome,Metabolic syndrome,Species composition change above range of temporal variation (Euclidean distance); Higher single-site allelic variation in allogenic FMT vs placebo/healthy,FMT1; FMT2; FMT3; FMT4; FMT5; SELF1; SELF2; SELF3; SELF4; SELF5,Homo sapiens,ERR1297790,SAMEA3882547,Illumina HiSeq 2000,allogenic FMT / placebo (autologous) FMT / healthy control,FAT_023-22-84-0,metabolic syndrome,Fecal microbiota transplantation,"Cohort of 10 subjects: 5 allogenic FMT (from one of three lean donors), 5 autologous (placebo) FMT; 55 fecal metagenomes sequenced from FMT study; 164 total metagenomes across three study groups; Comparison cohort: 109 metagenomes from 48 healthy FMT-naive individuals including Human Microbiome Project data; 1105 detected prokaryotic species; 11.8 million variant positions identified; 42 species across five phyla used for confident SNV tracking; Subjects had not used antibiotics or other medication for at least 3 months before or during treatment"
27126044,No,3,Month,Donor-specific SNV retention (determinant positions); SNV assignment error rate; Proportion of acquired donor-specific species (allogenic FMT); Proportion of newly detected species (placebo); Proportion of newly detected species (healthy); Species shared between donor and recipient; Coexistence of donor and recipient strains (shared species); Species showing resistance to donor strains; Species showing donor-recipient strain coexistence,%; %; %; %; %; %; %; %; %,69.3 ± 21.8 (day 2); 37.6 ± 16.6 (3 months); 11.9; not clearly separated from placebo/healthy fluctuation range in 4/5 cases; 20.8 ± 5.5; 17.7 ± 10.9; 64.5 ± 6.0; 50.7 ± 10.1; 39 ± 23; 44 ± 14,feces,2009/2010,Netherlands,Metabolic syndrome,Metabolic syndrome,Species composition change above range of temporal variation (Euclidean distance); Higher single-site allelic variation in allogenic FMT vs placebo/healthy,FMT1; FMT2; FMT3; FMT4; FMT5; SELF1; SELF2; SELF3; SELF4; SELF5,Homo sapiens,ERR1297464,SAMEA3882531,Illumina HiSeq 2000,allogenic FMT / placebo (autologous) FMT / healthy control,FAT_015-22-42-0,metabolic syndrome,Fecal microbiota transplantation,"Cohort of 10 subjects: 5 allogenic FMT (from one of three lean donors), 5 autologous (placebo) FMT; 55 fecal metagenomes sequenced from FMT study; 164 total metagenomes across three study groups; Comparison cohort: 109 metagenomes from 48 healthy FMT-naive individuals including Human Microbiome Project data; 1105 detected prokaryotic species; 11.8 million variant positions identified; 42 species across five phyla used for confident SNV tracking; Subjects had not used antibiotics or other medication for at least 3 months before or during treatment"
27126044,No,3,Month,Donor-specific SNV retention (determinant positions); SNV assignment error rate; Proportion of acquired donor-specific species (allogenic FMT); Proportion of newly detected species (placebo); Proportion of newly detected species (healthy); Species shared between donor and recipient; Coexistence of donor and recipient strains (shared species); Species showing resistance to donor strains; Species showing donor-recipient strain coexistence,%; %; %; %; %; %; %; %; %,69.3 ± 21.8 (day 2); 37.6 ± 16.6 (3 months); 11.9; not clearly separated from placebo/healthy fluctuation range in 4/5 cases; 20.8 ± 5.5; 17.7 ± 10.9; 64.5 ± 6.0; 50.7 ± 10.1; 39 ± 23; 44 ± 14,feces,2009/2010,Netherlands,Metabolic syndrome,Metabolic syndrome,Species composition change above range of temporal variation (Euclidean distance); Higher single-site allelic variation in allogenic FMT vs placebo/healthy,FMT1; FMT2; FMT3; FMT4; FMT5; SELF1; SELF2; SELF3; SELF4; SELF5,Homo sapiens,ERR1297791,SAMEA3882504,Illumina HiSeq 2000,allogenic FMT / placebo (autologous) FMT / healthy control,FAT_006-22-14-0,metabolic syndrome,Fecal microbiota transplantation,"Cohort of 10 subjects: 5 allogenic FMT (from one of three lean donors), 5 autologous (placebo) FMT; 55 fecal metagenomes sequenced from FMT study; 164 total metagenomes across three study groups; Comparison cohort: 109 metagenomes from 48 healthy FMT-naive individuals including Human Microbiome Project data; 1105 detected prokaryotic species; 11.8 million variant positions identified; 42 species across five phyla used for confident SNV tracking; Subjects had not used antibiotics or other medication for at least 3 months before or during treatment"
27126044,No,3,Month,Donor-specific SNV retention (determinant positions); SNV assignment error rate; Proportion of acquired donor-specific species (allogenic FMT); Proportion of newly detected species (placebo); Proportion of newly detected species (healthy); Species shared between donor and recipient; Coexistence of donor and recipient strains (shared species); Species showing resistance to donor strains; Species showing donor-recipient strain coexistence,%; %; %; %; %; %; %; %; %,69.3 ± 21.8 (day 2); 37.6 ± 16.6 (3 months); 11.9; not clearly separated from placebo/healthy fluctuation range in 4/5 cases; 20.8 ± 5.5; 17.7 ± 10.9; 64.5 ± 6.0; 50.7 ± 10.1; 39 ± 23; 44 ± 14,feces,2009/2010,Netherlands,Metabolic syndrome,Metabolic syndrome,Species composition change above range of temporal variation (Euclidean distance); Higher single-site allelic variation in allogenic FMT vs placebo/healthy,FMT1; FMT2; FMT3; FMT4; FMT5; SELF1; SELF2; SELF3; SELF4; SELF5,Homo sapiens,ERR1297466,SAMEA3882504,Illumina HiSeq 2000,allogenic FMT / placebo (autologous) FMT / healthy control,FAT_006-22-14-0,metabolic syndrome,Fecal microbiota transplantation,"Cohort of 10 subjects: 5 allogenic FMT (from one of three lean donors), 5 autologous (placebo) FMT; 55 fecal metagenomes sequenced from FMT study; 164 total metagenomes across three study groups; Comparison cohort: 109 metagenomes from 48 healthy FMT-naive individuals including Human Microbiome Project data; 1105 detected prokaryotic species; 11.8 million variant positions identified; 42 species across five phyla used for confident SNV tracking; Subjects had not used antibiotics or other medication for at least 3 months before or during treatment"
27126044,No,3,Month,Donor-specific SNV retention (determinant positions); SNV assignment error rate; Proportion of acquired donor-specific species (allogenic FMT); Proportion of newly detected species (placebo); Proportion of newly detected species (healthy); Species shared between donor and recipient; Coexistence of donor and recipient strains (shared species); Species showing resistance to donor strains; Species showing donor-recipient strain coexistence,%; %; %; %; %; %; %; %; %,69.3 ± 21.8 (day 2); 37.6 ± 16.6 (3 months); 11.9; not clearly separated from placebo/healthy fluctuation range in 4/5 cases; 20.8 ± 5.5; 17.7 ± 10.9; 64.5 ± 6.0; 50.7 ± 10.1; 39 ± 23; 44 ± 14,feces,2009/2010,Netherlands,Metabolic syndrome,Metabolic syndrome,Species composition change above range of temporal variation (Euclidean distance); Higher single-site allelic variation in allogenic FMT vs placebo/healthy,FMT1; FMT2; FMT3; FMT4; FMT5; SELF1; SELF2; SELF3; SELF4; SELF5,Homo sapiens,ERR1297798,SAMEA3882539,Illumina HiSeq 2000,allogenic FMT / placebo (autologous) FMT / healthy control,FAT_020-22-14-0,metabolic syndrome,Fecal microbiota transplantation,"Cohort of 10 subjects: 5 allogenic FMT (from one of three lean donors), 5 autologous (placebo) FMT; 55 fecal metagenomes sequenced from FMT study; 164 total metagenomes across three study groups; Comparison cohort: 109 metagenomes from 48 healthy FMT-naive individuals including Human Microbiome Project data; 1105 detected prokaryotic species; 11.8 million variant positions identified; 42 species across five phyla used for confident SNV tracking; Subjects had not used antibiotics or other medication for at least 3 months before or during treatment"
27126044,No,3,Month,Donor-specific SNV retention (determinant positions); SNV assignment error rate; Proportion of acquired donor-specific species (allogenic FMT); Proportion of newly detected species (placebo); Proportion of newly detected species (healthy); Species shared between donor and recipient; Coexistence of donor and recipient strains (shared species); Species showing resistance to donor strains; Species showing donor-recipient strain coexistence,%; %; %; %; %; %; %; %; %,69.3 ± 21.8 (day 2); 37.6 ± 16.6 (3 months); 11.9; not clearly separated from placebo/healthy fluctuation range in 4/5 cases; 20.8 ± 5.5; 17.7 ± 10.9; 64.5 ± 6.0; 50.7 ± 10.1; 39 ± 23; 44 ± 14,feces,2009/2010,Netherlands,Metabolic syndrome,Metabolic syndrome,Species composition change above range of temporal variation (Euclidean distance); Higher single-site allelic variation in allogenic FMT vs placebo/healthy,FMT1; FMT2; FMT3; FMT4; FMT5; SELF1; SELF2; SELF3; SELF4; SELF5,Homo sapiens,ERR1297467,SAMEA3882535,Illumina HiSeq 2000,allogenic FMT / placebo (autologous) FMT / healthy control,FAT_017-22-2-0,metabolic syndrome,Fecal microbiota transplantation,"Cohort of 10 subjects: 5 allogenic FMT (from one of three lean donors), 5 autologous (placebo) FMT; 55 fecal metagenomes sequenced from FMT study; 164 total metagenomes across three study groups; Comparison cohort: 109 metagenomes from 48 healthy FMT-naive individuals including Human Microbiome Project data; 1105 detected prokaryotic species; 11.8 million variant positions identified; 42 species across five phyla used for confident SNV tracking; Subjects had not used antibiotics or other medication for at least 3 months before or during treatment"
27126044,No,3,Month,Donor-specific SNV retention (determinant positions); SNV assignment error rate; Proportion of acquired donor-specific species (allogenic FMT); Proportion of newly detected species (placebo); Proportion of newly detected species (healthy); Species shared between donor and recipient; Coexistence of donor and recipient strains (shared species); Species showing resistance to donor strains; Species showing donor-recipient strain coexistence,%; %; %; %; %; %; %; %; %,69.3 ± 21.8 (day 2); 37.6 ± 16.6 (3 months); 11.9; not clearly separated from placebo/healthy fluctuation range in 4/5 cases; 20.8 ± 5.5; 17.7 ± 10.9; 64.5 ± 6.0; 50.7 ± 10.1; 39 ± 23; 44 ± 14,feces,2009/2010,Netherlands,Metabolic syndrome,Metabolic syndrome,Species composition change above range of temporal variation (Euclidean distance); Higher single-site allelic variation in allogenic FMT vs placebo/healthy,FMT1; FMT2; FMT3; FMT4; FMT5; SELF1; SELF2; SELF3; SELF4; SELF5,Homo sapiens,ERR1297801,SAMEA3882555,Illumina HiSeq 2000,allogenic FMT / placebo (autologous) FMT / healthy control,FAT_DON_11-22-0-6,metabolic syndrome,Fecal microbiota transplantation,"Cohort of 10 subjects: 5 allogenic FMT (from one of three lean donors), 5 autologous (placebo) FMT; 55 fecal metagenomes sequenced from FMT study; 164 total metagenomes across three study groups; Comparison cohort: 109 metagenomes from 48 healthy FMT-naive individuals including Human Microbiome Project data; 1105 detected prokaryotic species; 11.8 million variant positions identified; 42 species across five phyla used for confident SNV tracking; Subjects had not used antibiotics or other medication for at least 3 months before or during treatment"
27126044,No,3,Month,Donor-specific SNV retention (determinant positions); SNV assignment error rate; Proportion of acquired donor-specific species (allogenic FMT); Proportion of newly detected species (placebo); Proportion of newly detected species (healthy); Species shared between donor and recipient; Coexistence of donor and recipient strains (shared species); Species showing resistance to donor strains; Species showing donor-recipient strain coexistence,%; %; %; %; %; %; %; %; %,69.3 ± 21.8 (day 2); 37.6 ± 16.6 (3 months); 11.9; not clearly separated from placebo/healthy fluctuation range in 4/5 cases; 20.8 ± 5.5; 17.7 ± 10.9; 64.5 ± 6.0; 50.7 ± 10.1; 39 ± 23; 44 ± 14,feces,2009/2010,Netherlands,Metabolic syndrome,Metabolic syndrome,Species composition change above range of temporal variation (Euclidean distance); Higher single-site allelic variation in allogenic FMT vs placebo/healthy,FMT1; FMT2; FMT3; FMT4; FMT5; SELF1; SELF2; SELF3; SELF4; SELF5,Homo sapiens,ERR1297472,SAMEA3882524,Illumina HiSeq 2000,allogenic FMT / placebo (autologous) FMT / healthy control,FAT_014-22-14-0,metabolic syndrome,Fecal microbiota transplantation,"Cohort of 10 subjects: 5 allogenic FMT (from one of three lean donors), 5 autologous (placebo) FMT; 55 fecal metagenomes sequenced from FMT study; 164 total metagenomes across three study groups; Comparison cohort: 109 metagenomes from 48 healthy FMT-naive individuals including Human Microbiome Project data; 1105 detected prokaryotic species; 11.8 million variant positions identified; 42 species across five phyla used for confident SNV tracking; Subjects had not used antibiotics or other medication for at least 3 months before or during treatment"
27126044,No,3,Month,Donor-specific SNV retention (determinant positions); SNV assignment error rate; Proportion of acquired donor-specific species (allogenic FMT); Proportion of newly detected species (placebo); Proportion of newly detected species (healthy); Species shared between donor and recipient; Coexistence of donor and recipient strains (shared species); Species showing resistance to donor strains; Species showing donor-recipient strain coexistence,%; %; %; %; %; %; %; %; %,69.3 ± 21.8 (day 2); 37.6 ± 16.6 (3 months); 11.9; not clearly separated from placebo/healthy fluctuation range in 4/5 cases; 20.8 ± 5.5; 17.7 ± 10.9; 64.5 ± 6.0; 50.7 ± 10.1; 39 ± 23; 44 ± 14,feces,2009/2010,Netherlands,Metabolic syndrome,Metabolic syndrome,Species composition change above range of temporal variation (Euclidean distance); Higher single-site allelic variation in allogenic FMT vs placebo/healthy,FMT1; FMT2; FMT3; FMT4; FMT5; SELF1; SELF2; SELF3; SELF4; SELF5,Homo sapiens,ERR1297813,SAMEA3882548,Illumina HiSeq 2000,allogenic FMT / placebo (autologous) FMT / healthy control,FAT_024-22-0-0,metabolic syndrome,Fecal microbiota transplantation,"Cohort of 10 subjects: 5 allogenic FMT (from one of three lean donors), 5 autologous (placebo) FMT; 55 fecal metagenomes sequenced from FMT study; 164 total metagenomes across three study groups; Comparison cohort: 109 metagenomes from 48 healthy FMT-naive individuals including Human Microbiome Project data; 1105 detected prokaryotic species; 11.8 million variant positions identified; 42 species across five phyla used for confident SNV tracking; Subjects had not used antibiotics or other medication for at least 3 months before or during treatment"
27126044,No,3,Month,Donor-specific SNV retention (determinant positions); SNV assignment error rate; Proportion of acquired donor-specific species (allogenic FMT); Proportion of newly detected species (placebo); Proportion of newly detected species (healthy); Species shared between donor and recipient; Coexistence of donor and recipient strains (shared species); Species showing resistance to donor strains; Species showing donor-recipient strain coexistence,%; %; %; %; %; %; %; %; %,69.3 ± 21.8 (day 2); 37.6 ± 16.6 (3 months); 11.9; not clearly separated from placebo/healthy fluctuation range in 4/5 cases; 20.8 ± 5.5; 17.7 ± 10.9; 64.5 ± 6.0; 50.7 ± 10.1; 39 ± 23; 44 ± 14,feces,2009/2010,Netherlands,Metabolic syndrome,Metabolic syndrome,Species composition change above range of temporal variation (Euclidean distance); Higher single-site allelic variation in allogenic FMT vs placebo/healthy,FMT1; FMT2; FMT3; FMT4; FMT5; SELF1; SELF2; SELF3; SELF4; SELF5,Homo sapiens,ERR1297815,SAMEA3882535,Illumina HiSeq 2000,allogenic FMT / placebo (autologous) FMT / healthy control,FAT_017-22-2-0,metabolic syndrome,Fecal microbiota transplantation,"Cohort of 10 subjects: 5 allogenic FMT (from one of three lean donors), 5 autologous (placebo) FMT; 55 fecal metagenomes sequenced from FMT study; 164 total metagenomes across three study groups; Comparison cohort: 109 metagenomes from 48 healthy FMT-naive individuals including Human Microbiome Project data; 1105 detected prokaryotic species; 11.8 million variant positions identified; 42 species across five phyla used for confident SNV tracking; Subjects had not used antibiotics or other medication for at least 3 months before or during treatment"
27126044,No,3,Month,Donor-specific SNV retention (determinant positions); SNV assignment error rate; Proportion of acquired donor-specific species (allogenic FMT); Proportion of newly detected species (placebo); Proportion of newly detected species (healthy); Species shared between donor and recipient; Coexistence of donor and recipient strains (shared species); Species showing resistance to donor strains; Species showing donor-recipient strain coexistence,%; %; %; %; %; %; %; %; %,69.3 ± 21.8 (day 2); 37.6 ± 16.6 (3 months); 11.9; not clearly separated from placebo/healthy fluctuation range in 4/5 cases; 20.8 ± 5.5; 17.7 ± 10.9; 64.5 ± 6.0; 50.7 ± 10.1; 39 ± 23; 44 ± 14,feces,2009/2010,Netherlands,Metabolic syndrome,Metabolic syndrome,Species composition change above range of temporal variation (Euclidean distance); Higher single-site allelic variation in allogenic FMT vs placebo/healthy,FMT1; FMT2; FMT3; FMT4; FMT5; SELF1; SELF2; SELF3; SELF4; SELF5,Homo sapiens,ERR1297477,SAMEA3882505,Illumina HiSeq 2000,allogenic FMT / placebo (autologous) FMT / healthy control,FAT_006-22-2-0,metabolic syndrome,Fecal microbiota transplantation,"Cohort of 10 subjects: 5 allogenic FMT (from one of three lean donors), 5 autologous (placebo) FMT; 55 fecal metagenomes sequenced from FMT study; 164 total metagenomes across three study groups; Comparison cohort: 109 metagenomes from 48 healthy FMT-naive individuals including Human Microbiome Project data; 1105 detected prokaryotic species; 11.8 million variant positions identified; 42 species across five phyla used for confident SNV tracking; Subjects had not used antibiotics or other medication for at least 3 months before or during treatment"
27126044,No,3,Month,Donor-specific SNV retention (determinant positions); SNV assignment error rate; Proportion of acquired donor-specific species (allogenic FMT); Proportion of newly detected species (placebo); Proportion of newly detected species (healthy); Species shared between donor and recipient; Coexistence of donor and recipient strains (shared species); Species showing resistance to donor strains; Species showing donor-recipient strain coexistence,%; %; %; %; %; %; %; %; %,69.3 ± 21.8 (day 2); 37.6 ± 16.6 (3 months); 11.9; not clearly separated from placebo/healthy fluctuation range in 4/5 cases; 20.8 ± 5.5; 17.7 ± 10.9; 64.5 ± 6.0; 50.7 ± 10.1; 39 ± 23; 44 ± 14,feces,2009/2010,Netherlands,Metabolic syndrome,Metabolic syndrome,Species composition change above range of temporal variation (Euclidean distance); Higher single-site allelic variation in allogenic FMT vs placebo/healthy,FMT1; FMT2; FMT3; FMT4; FMT5; SELF1; SELF2; SELF3; SELF4; SELF5,Homo sapiens,ERR1297818,SAMEA3882509,Illumina HiSeq 2000,allogenic FMT / placebo (autologous) FMT / healthy control,FAT_008-22-14-0,metabolic syndrome,Fecal microbiota transplantation,"Cohort of 10 subjects: 5 allogenic FMT (from one of three lean donors), 5 autologous (placebo) FMT; 55 fecal metagenomes sequenced from FMT study; 164 total metagenomes across three study groups; Comparison cohort: 109 metagenomes from 48 healthy FMT-naive individuals including Human Microbiome Project data; 1105 detected prokaryotic species; 11.8 million variant positions identified; 42 species across five phyla used for confident SNV tracking; Subjects had not used antibiotics or other medication for at least 3 months before or during treatment"
27126044,No,3,Month,Donor-specific SNV retention (determinant positions); SNV assignment error rate; Proportion of acquired donor-specific species (allogenic FMT); Proportion of newly detected species (placebo); Proportion of newly detected species (healthy); Species shared between donor and recipient; Coexistence of donor and recipient strains (shared species); Species showing resistance to donor strains; Species showing donor-recipient strain coexistence,%; %; %; %; %; %; %; %; %,69.3 ± 21.8 (day 2); 37.6 ± 16.6 (3 months); 11.9; not clearly separated from placebo/healthy fluctuation range in 4/5 cases; 20.8 ± 5.5; 17.7 ± 10.9; 64.5 ± 6.0; 50.7 ± 10.1; 39 ± 23; 44 ± 14,feces,2009/2010,Netherlands,Metabolic syndrome,Metabolic syndrome,Species composition change above range of temporal variation (Euclidean distance); Higher single-site allelic variation in allogenic FMT vs placebo/healthy,FMT1; FMT2; FMT3; FMT4; FMT5; SELF1; SELF2; SELF3; SELF4; SELF5,Homo sapiens,ERR1297819,SAMEA3882527,Illumina HiSeq 2000,allogenic FMT / placebo (autologous) FMT / healthy control,FAT_014-22-84-0,metabolic syndrome,Fecal microbiota transplantation,"Cohort of 10 subjects: 5 allogenic FMT (from one of three lean donors), 5 autologous (placebo) FMT; 55 fecal metagenomes sequenced from FMT study; 164 total metagenomes across three study groups; Comparison cohort: 109 metagenomes from 48 healthy FMT-naive individuals including Human Microbiome Project data; 1105 detected prokaryotic species; 11.8 million variant positions identified; 42 species across five phyla used for confident SNV tracking; Subjects had not used antibiotics or other medication for at least 3 months before or during treatment"
27126044,No,3,Month,Donor-specific SNV retention (determinant positions); SNV assignment error rate; Proportion of acquired donor-specific species (allogenic FMT); Proportion of newly detected species (placebo); Proportion of newly detected species (healthy); Species shared between donor and recipient; Coexistence of donor and recipient strains (shared species); Species showing resistance to donor strains; Species showing donor-recipient strain coexistence,%; %; %; %; %; %; %; %; %,69.3 ± 21.8 (day 2); 37.6 ± 16.6 (3 months); 11.9; not clearly separated from placebo/healthy fluctuation range in 4/5 cases; 20.8 ± 5.5; 17.7 ± 10.9; 64.5 ± 6.0; 50.7 ± 10.1; 39 ± 23; 44 ± 14,feces,2009/2010,Netherlands,Metabolic syndrome,Metabolic syndrome,Species composition change above range of temporal variation (Euclidean distance); Higher single-site allelic variation in allogenic FMT vs placebo/healthy,FMT1; FMT2; FMT3; FMT4; FMT5; SELF1; SELF2; SELF3; SELF4; SELF5,Homo sapiens,ERR1297478,SAMEA3882535,Illumina HiSeq 2000,allogenic FMT / placebo (autologous) FMT / healthy control,FAT_017-22-2-0,metabolic syndrome,Fecal microbiota transplantation,"Cohort of 10 subjects: 5 allogenic FMT (from one of three lean donors), 5 autologous (placebo) FMT; 55 fecal metagenomes sequenced from FMT study; 164 total metagenomes across three study groups; Comparison cohort: 109 metagenomes from 48 healthy FMT-naive individuals including Human Microbiome Project data; 1105 detected prokaryotic species; 11.8 million variant positions identified; 42 species across five phyla used for confident SNV tracking; Subjects had not used antibiotics or other medication for at least 3 months before or during treatment"
27126044,No,3,Month,Donor-specific SNV retention (determinant positions); SNV assignment error rate; Proportion of acquired donor-specific species (allogenic FMT); Proportion of newly detected species (placebo); Proportion of newly detected species (healthy); Species shared between donor and recipient; Coexistence of donor and recipient strains (shared species); Species showing resistance to donor strains; Species showing donor-recipient strain coexistence,%; %; %; %; %; %; %; %; %,69.3 ± 21.8 (day 2); 37.6 ± 16.6 (3 months); 11.9; not clearly separated from placebo/healthy fluctuation range in 4/5 cases; 20.8 ± 5.5; 17.7 ± 10.9; 64.5 ± 6.0; 50.7 ± 10.1; 39 ± 23; 44 ± 14,feces,2009/2010,Netherlands,Metabolic syndrome,Metabolic syndrome,Species composition change above range of temporal variation (Euclidean distance); Higher single-site allelic variation in allogenic FMT vs placebo/healthy,FMT1; FMT2; FMT3; FMT4; FMT5; SELF1; SELF2; SELF3; SELF4; SELF5,Homo sapiens,ERR1297820,SAMEA3882526,Illumina HiSeq 2000,allogenic FMT / placebo (autologous) FMT / healthy control,FAT_014-22-42-0,metabolic syndrome,Fecal microbiota transplantation,"Cohort of 10 subjects: 5 allogenic FMT (from one of three lean donors), 5 autologous (placebo) FMT; 55 fecal metagenomes sequenced from FMT study; 164 total metagenomes across three study groups; Comparison cohort: 109 metagenomes from 48 healthy FMT-naive individuals including Human Microbiome Project data; 1105 detected prokaryotic species; 11.8 million variant positions identified; 42 species across five phyla used for confident SNV tracking; Subjects had not used antibiotics or other medication for at least 3 months before or during treatment"
27126044,No,3,Month,Donor-specific SNV retention (determinant positions); SNV assignment error rate; Proportion of acquired donor-specific species (allogenic FMT); Proportion of newly detected species (placebo); Proportion of newly detected species (healthy); Species shared between donor and recipient; Coexistence of donor and recipient strains (shared species); Species showing resistance to donor strains; Species showing donor-recipient strain coexistence,%; %; %; %; %; %; %; %; %,69.3 ± 21.8 (day 2); 37.6 ± 16.6 (3 months); 11.9; not clearly separated from placebo/healthy fluctuation range in 4/5 cases; 20.8 ± 5.5; 17.7 ± 10.9; 64.5 ± 6.0; 50.7 ± 10.1; 39 ± 23; 44 ± 14,feces,2009/2010,Netherlands,Metabolic syndrome,Metabolic syndrome,Species composition change above range of temporal variation (Euclidean distance); Higher single-site allelic variation in allogenic FMT vs placebo/healthy,FMT1; FMT2; FMT3; FMT4; FMT5; SELF1; SELF2; SELF3; SELF4; SELF5,Homo sapiens,ERR1297483,SAMEA3882512,Illumina HiSeq 2000,allogenic FMT / placebo (autologous) FMT / healthy control,FAT_008-22-84-0,metabolic syndrome,Fecal microbiota transplantation,"Cohort of 10 subjects: 5 allogenic FMT (from one of three lean donors), 5 autologous (placebo) FMT; 55 fecal metagenomes sequenced from FMT study; 164 total metagenomes across three study groups; Comparison cohort: 109 metagenomes from 48 healthy FMT-naive individuals including Human Microbiome Project data; 1105 detected prokaryotic species; 11.8 million variant positions identified; 42 species across five phyla used for confident SNV tracking; Subjects had not used antibiotics or other medication for at least 3 months before or during treatment"
27126044,No,3,Month,Donor-specific SNV retention (determinant positions); SNV assignment error rate; Proportion of acquired donor-specific species (allogenic FMT); Proportion of newly detected species (placebo); Proportion of newly detected species (healthy); Species shared between donor and recipient; Coexistence of donor and recipient strains (shared species); Species showing resistance to donor strains; Species showing donor-recipient strain coexistence,%; %; %; %; %; %; %; %; %,69.3 ± 21.8 (day 2); 37.6 ± 16.6 (3 months); 11.9; not clearly separated from placebo/healthy fluctuation range in 4/5 cases; 20.8 ± 5.5; 17.7 ± 10.9; 64.5 ± 6.0; 50.7 ± 10.1; 39 ± 23; 44 ± 14,feces,2009/2010,Netherlands,Metabolic syndrome,Metabolic syndrome,Species composition change above range of temporal variation (Euclidean distance); Higher single-site allelic variation in allogenic FMT vs placebo/healthy,FMT1; FMT2; FMT3; FMT4; FMT5; SELF1; SELF2; SELF3; SELF4; SELF5,Homo sapiens,ERR1297824,SAMEA3882551,Illumina HiSeq 2000,allogenic FMT / placebo (autologous) FMT / healthy control,FAT_024-22-42-0,metabolic syndrome,Fecal microbiota transplantation,"Cohort of 10 subjects: 5 allogenic FMT (from one of three lean donors), 5 autologous (placebo) FMT; 55 fecal metagenomes sequenced from FMT study; 164 total metagenomes across three study groups; Comparison cohort: 109 metagenomes from 48 healthy FMT-naive individuals including Human Microbiome Project data; 1105 detected prokaryotic species; 11.8 million variant positions identified; 42 species across five phyla used for confident SNV tracking; Subjects had not used antibiotics or other medication for at least 3 months before or during treatment"
27126044,No,3,Month,Donor-specific SNV retention (determinant positions); SNV assignment error rate; Proportion of acquired donor-specific species (allogenic FMT); Proportion of newly detected species (placebo); Proportion of newly detected species (healthy); Species shared between donor and recipient; Coexistence of donor and recipient strains (shared species); Species showing resistance to donor strains; Species showing donor-recipient strain coexistence,%; %; %; %; %; %; %; %; %,69.3 ± 21.8 (day 2); 37.6 ± 16.6 (3 months); 11.9; not clearly separated from placebo/healthy fluctuation range in 4/5 cases; 20.8 ± 5.5; 17.7 ± 10.9; 64.5 ± 6.0; 50.7 ± 10.1; 39 ± 23; 44 ± 14,feces,2009/2010,Netherlands,Metabolic syndrome,Metabolic syndrome,Species composition change above range of temporal variation (Euclidean distance); Higher single-site allelic variation in allogenic FMT vs placebo/healthy,FMT1; FMT2; FMT3; FMT4; FMT5; SELF1; SELF2; SELF3; SELF4; SELF5,Homo sapiens,ERR1297484,SAMEA3882520,Illumina HiSeq 2000,allogenic FMT / placebo (autologous) FMT / healthy control,FAT_012-22-2-0,metabolic syndrome,Fecal microbiota transplantation,"Cohort of 10 subjects: 5 allogenic FMT (from one of three lean donors), 5 autologous (placebo) FMT; 55 fecal metagenomes sequenced from FMT study; 164 total metagenomes across three study groups; Comparison cohort: 109 metagenomes from 48 healthy FMT-naive individuals including Human Microbiome Project data; 1105 detected prokaryotic species; 11.8 million variant positions identified; 42 species across five phyla used for confident SNV tracking; Subjects had not used antibiotics or other medication for at least 3 months before or during treatment"
27126044,No,3,Month,Donor-specific SNV retention (determinant positions); SNV assignment error rate; Proportion of acquired donor-specific species (allogenic FMT); Proportion of newly detected species (placebo); Proportion of newly detected species (healthy); Species shared between donor and recipient; Coexistence of donor and recipient strains (shared species); Species showing resistance to donor strains; Species showing donor-recipient strain coexistence,%; %; %; %; %; %; %; %; %,69.3 ± 21.8 (day 2); 37.6 ± 16.6 (3 months); 11.9; not clearly separated from placebo/healthy fluctuation range in 4/5 cases; 20.8 ± 5.5; 17.7 ± 10.9; 64.5 ± 6.0; 50.7 ± 10.1; 39 ± 23; 44 ± 14,feces,2009/2010,Netherlands,Metabolic syndrome,Metabolic syndrome,Species composition change above range of temporal variation (Euclidean distance); Higher single-site allelic variation in allogenic FMT vs placebo/healthy,FMT1; FMT2; FMT3; FMT4; FMT5; SELF1; SELF2; SELF3; SELF4; SELF5,Homo sapiens,ERR1297825,SAMEA3882543,Illumina HiSeq 2000,allogenic FMT / placebo (autologous) FMT / healthy control,FAT_023-22-0-0,metabolic syndrome,Fecal microbiota transplantation,"Cohort of 10 subjects: 5 allogenic FMT (from one of three lean donors), 5 autologous (placebo) FMT; 55 fecal metagenomes sequenced from FMT study; 164 total metagenomes across three study groups; Comparison cohort: 109 metagenomes from 48 healthy FMT-naive individuals including Human Microbiome Project data; 1105 detected prokaryotic species; 11.8 million variant positions identified; 42 species across five phyla used for confident SNV tracking; Subjects had not used antibiotics or other medication for at least 3 months before or during treatment"
27126044,No,3,Month,Donor-specific SNV retention (determinant positions); SNV assignment error rate; Proportion of acquired donor-specific species (allogenic FMT); Proportion of newly detected species (placebo); Proportion of newly detected species (healthy); Species shared between donor and recipient; Coexistence of donor and recipient strains (shared species); Species showing resistance to donor strains; Species showing donor-recipient strain coexistence,%; %; %; %; %; %; %; %; %,69.3 ± 21.8 (day 2); 37.6 ± 16.6 (3 months); 11.9; not clearly separated from placebo/healthy fluctuation range in 4/5 cases; 20.8 ± 5.5; 17.7 ± 10.9; 64.5 ± 6.0; 50.7 ± 10.1; 39 ± 23; 44 ± 14,feces,2009/2010,Netherlands,Metabolic syndrome,Metabolic syndrome,Species composition change above range of temporal variation (Euclidean distance); Higher single-site allelic variation in allogenic FMT vs placebo/healthy,FMT1; FMT2; FMT3; FMT4; FMT5; SELF1; SELF2; SELF3; SELF4; SELF5,Homo sapiens,ERR1297826,SAMEA3882520,Illumina HiSeq 2000,allogenic FMT / placebo (autologous) FMT / healthy control,FAT_012-22-2-0,metabolic syndrome,Fecal microbiota transplantation,"Cohort of 10 subjects: 5 allogenic FMT (from one of three lean donors), 5 autologous (placebo) FMT; 55 fecal metagenomes sequenced from FMT study; 164 total metagenomes across three study groups; Comparison cohort: 109 metagenomes from 48 healthy FMT-naive individuals including Human Microbiome Project data; 1105 detected prokaryotic species; 11.8 million variant positions identified; 42 species across five phyla used for confident SNV tracking; Subjects had not used antibiotics or other medication for at least 3 months before or during treatment"
27126044,No,3,Month,Donor-specific SNV retention (determinant positions); SNV assignment error rate; Proportion of acquired donor-specific species (allogenic FMT); Proportion of newly detected species (placebo); Proportion of newly detected species (healthy); Species shared between donor and recipient; Coexistence of donor and recipient strains (shared species); Species showing resistance to donor strains; Species showing donor-recipient strain coexistence,%; %; %; %; %; %; %; %; %,69.3 ± 21.8 (day 2); 37.6 ± 16.6 (3 months); 11.9; not clearly separated from placebo/healthy fluctuation range in 4/5 cases; 20.8 ± 5.5; 17.7 ± 10.9; 64.5 ± 6.0; 50.7 ± 10.1; 39 ± 23; 44 ± 14,feces,2009/2010,Netherlands,Metabolic syndrome,Metabolic syndrome,Species composition change above range of temporal variation (Euclidean distance); Higher single-site allelic variation in allogenic FMT vs placebo/healthy,FMT1; FMT2; FMT3; FMT4; FMT5; SELF1; SELF2; SELF3; SELF4; SELF5,Homo sapiens,ERR1297489,SAMEA3882505,Illumina HiSeq 2000,allogenic FMT / placebo (autologous) FMT / healthy control,FAT_006-22-2-0,metabolic syndrome,Fecal microbiota transplantation,"Cohort of 10 subjects: 5 allogenic FMT (from one of three lean donors), 5 autologous (placebo) FMT; 55 fecal metagenomes sequenced from FMT study; 164 total metagenomes across three study groups; Comparison cohort: 109 metagenomes from 48 healthy FMT-naive individuals including Human Microbiome Project data; 1105 detected prokaryotic species; 11.8 million variant positions identified; 42 species across five phyla used for confident SNV tracking; Subjects had not used antibiotics or other medication for at least 3 months before or during treatment"
27126044,No,3,Month,Donor-specific SNV retention (determinant positions); SNV assignment error rate; Proportion of acquired donor-specific species (allogenic FMT); Proportion of newly detected species (placebo); Proportion of newly detected species (healthy); Species shared between donor and recipient; Coexistence of donor and recipient strains (shared species); Species showing resistance to donor strains; Species showing donor-recipient strain coexistence,%; %; %; %; %; %; %; %; %,69.3 ± 21.8 (day 2); 37.6 ± 16.6 (3 months); 11.9; not clearly separated from placebo/healthy fluctuation range in 4/5 cases; 20.8 ± 5.5; 17.7 ± 10.9; 64.5 ± 6.0; 50.7 ± 10.1; 39 ± 23; 44 ± 14,feces,2009/2010,Netherlands,Metabolic syndrome,Metabolic syndrome,Species composition change above range of temporal variation (Euclidean distance); Higher single-site allelic variation in allogenic FMT vs placebo/healthy,FMT1; FMT2; FMT3; FMT4; FMT5; SELF1; SELF2; SELF3; SELF4; SELF5,Homo sapiens,ERR1297492,SAMEA3882552,Illumina HiSeq 2000,allogenic FMT / placebo (autologous) FMT / healthy control,FAT_024-22-84-0,metabolic syndrome,Fecal microbiota transplantation,"Cohort of 10 subjects: 5 allogenic FMT (from one of three lean donors), 5 autologous (placebo) FMT; 55 fecal metagenomes sequenced from FMT study; 164 total metagenomes across three study groups; Comparison cohort: 109 metagenomes from 48 healthy FMT-naive individuals including Human Microbiome Project data; 1105 detected prokaryotic species; 11.8 million variant positions identified; 42 species across five phyla used for confident SNV tracking; Subjects had not used antibiotics or other medication for at least 3 months before or during treatment"
27126044,No,3,Month,Donor-specific SNV retention (determinant positions); SNV assignment error rate; Proportion of acquired donor-specific species (allogenic FMT); Proportion of newly detected species (placebo); Proportion of newly detected species (healthy); Species shared between donor and recipient; Coexistence of donor and recipient strains (shared species); Species showing resistance to donor strains; Species showing donor-recipient strain coexistence,%; %; %; %; %; %; %; %; %,69.3 ± 21.8 (day 2); 37.6 ± 16.6 (3 months); 11.9; not clearly separated from placebo/healthy fluctuation range in 4/5 cases; 20.8 ± 5.5; 17.7 ± 10.9; 64.5 ± 6.0; 50.7 ± 10.1; 39 ± 23; 44 ± 14,feces,2009/2010,Netherlands,Metabolic syndrome,Metabolic syndrome,Species composition change above range of temporal variation (Euclidean distance); Higher single-site allelic variation in allogenic FMT vs placebo/healthy,FMT1; FMT2; FMT3; FMT4; FMT5; SELF1; SELF2; SELF3; SELF4; SELF5,Homo sapiens,ERR1297828,SAMEA3882529,Illumina HiSeq 2000,allogenic FMT / placebo (autologous) FMT / healthy control,FAT_015-22-14-0,metabolic syndrome,Fecal microbiota transplantation,"Cohort of 10 subjects: 5 allogenic FMT (from one of three lean donors), 5 autologous (placebo) FMT; 55 fecal metagenomes sequenced from FMT study; 164 total metagenomes across three study groups; Comparison cohort: 109 metagenomes from 48 healthy FMT-naive individuals including Human Microbiome Project data; 1105 detected prokaryotic species; 11.8 million variant positions identified; 42 species across five phyla used for confident SNV tracking; Subjects had not used antibiotics or other medication for at least 3 months before or during treatment"
27126044,No,3,Month,Donor-specific SNV retention (determinant positions); SNV assignment error rate; Proportion of acquired donor-specific species (allogenic FMT); Proportion of newly detected species (placebo); Proportion of newly detected species (healthy); Species shared between donor and recipient; Coexistence of donor and recipient strains (shared species); Species showing resistance to donor strains; Species showing donor-recipient strain coexistence,%; %; %; %; %; %; %; %; %,69.3 ± 21.8 (day 2); 37.6 ± 16.6 (3 months); 11.9; not clearly separated from placebo/healthy fluctuation range in 4/5 cases; 20.8 ± 5.5; 17.7 ± 10.9; 64.5 ± 6.0; 50.7 ± 10.1; 39 ± 23; 44 ± 14,feces,2009/2010,Netherlands,Metabolic syndrome,Metabolic syndrome,Species composition change above range of temporal variation (Euclidean distance); Higher single-site allelic variation in allogenic FMT vs placebo/healthy,FMT1; FMT2; FMT3; FMT4; FMT5; SELF1; SELF2; SELF3; SELF4; SELF5,Homo sapiens,ERR1297829,SAMEA3882515,Illumina HiSeq 2000,allogenic FMT / placebo (autologous) FMT / healthy control,FAT_010-22-2-0,metabolic syndrome,Fecal microbiota transplantation,"Cohort of 10 subjects: 5 allogenic FMT (from one of three lean donors), 5 autologous (placebo) FMT; 55 fecal metagenomes sequenced from FMT study; 164 total metagenomes across three study groups; Comparison cohort: 109 metagenomes from 48 healthy FMT-naive individuals including Human Microbiome Project data; 1105 detected prokaryotic species; 11.8 million variant positions identified; 42 species across five phyla used for confident SNV tracking; Subjects had not used antibiotics or other medication for at least 3 months before or during treatment"
27126044,No,3,Month,Donor-specific SNV retention (determinant positions); SNV assignment error rate; Proportion of acquired donor-specific species (allogenic FMT); Proportion of newly detected species (placebo); Proportion of newly detected species (healthy); Species shared between donor and recipient; Coexistence of donor and recipient strains (shared species); Species showing resistance to donor strains; Species showing donor-recipient strain coexistence,%; %; %; %; %; %; %; %; %,69.3 ± 21.8 (day 2); 37.6 ± 16.6 (3 months); 11.9; not clearly separated from placebo/healthy fluctuation range in 4/5 cases; 20.8 ± 5.5; 17.7 ± 10.9; 64.5 ± 6.0; 50.7 ± 10.1; 39 ± 23; 44 ± 14,feces,2009/2010,Netherlands,Metabolic syndrome,Metabolic syndrome,Species composition change above range of temporal variation (Euclidean distance); Higher single-site allelic variation in allogenic FMT vs placebo/healthy,FMT1; FMT2; FMT3; FMT4; FMT5; SELF1; SELF2; SELF3; SELF4; SELF5,Homo sapiens,ERR1297494,SAMEA3882536,Illumina HiSeq 2000,allogenic FMT / placebo (autologous) FMT / healthy control,FAT_017-22-42-0,metabolic syndrome,Fecal microbiota transplantation,"Cohort of 10 subjects: 5 allogenic FMT (from one of three lean donors), 5 autologous (placebo) FMT; 55 fecal metagenomes sequenced from FMT study; 164 total metagenomes across three study groups; Comparison cohort: 109 metagenomes from 48 healthy FMT-naive individuals including Human Microbiome Project data; 1105 detected prokaryotic species; 11.8 million variant positions identified; 42 species across five phyla used for confident SNV tracking; Subjects had not used antibiotics or other medication for at least 3 months before or during treatment"
27126044,No,3,Month,Donor-specific SNV retention (determinant positions); SNV assignment error rate; Proportion of acquired donor-specific species (allogenic FMT); Proportion of newly detected species (placebo); Proportion of newly detected species (healthy); Species shared between donor and recipient; Coexistence of donor and recipient strains (shared species); Species showing resistance to donor strains; Species showing donor-recipient strain coexistence,%; %; %; %; %; %; %; %; %,69.3 ± 21.8 (day 2); 37.6 ± 16.6 (3 months); 11.9; not clearly separated from placebo/healthy fluctuation range in 4/5 cases; 20.8 ± 5.5; 17.7 ± 10.9; 64.5 ± 6.0; 50.7 ± 10.1; 39 ± 23; 44 ± 14,feces,2009/2010,Netherlands,Metabolic syndrome,Metabolic syndrome,Species composition change above range of temporal variation (Euclidean distance); Higher single-site allelic variation in allogenic FMT vs placebo/healthy,FMT1; FMT2; FMT3; FMT4; FMT5; SELF1; SELF2; SELF3; SELF4; SELF5,Homo sapiens,ERR1297835,SAMEA3882551,Illumina HiSeq 2000,allogenic FMT / placebo (autologous) FMT / healthy control,FAT_024-22-42-0,metabolic syndrome,Fecal microbiota transplantation,"Cohort of 10 subjects: 5 allogenic FMT (from one of three lean donors), 5 autologous (placebo) FMT; 55 fecal metagenomes sequenced from FMT study; 164 total metagenomes across three study groups; Comparison cohort: 109 metagenomes from 48 healthy FMT-naive individuals including Human Microbiome Project data; 1105 detected prokaryotic species; 11.8 million variant positions identified; 42 species across five phyla used for confident SNV tracking; Subjects had not used antibiotics or other medication for at least 3 months before or during treatment"
27126044,No,3,Month,Donor-specific SNV retention (determinant positions); SNV assignment error rate; Proportion of acquired donor-specific species (allogenic FMT); Proportion of newly detected species (placebo); Proportion of newly detected species (healthy); Species shared between donor and recipient; Coexistence of donor and recipient strains (shared species); Species showing resistance to donor strains; Species showing donor-recipient strain coexistence,%; %; %; %; %; %; %; %; %,69.3 ± 21.8 (day 2); 37.6 ± 16.6 (3 months); 11.9; not clearly separated from placebo/healthy fluctuation range in 4/5 cases; 20.8 ± 5.5; 17.7 ± 10.9; 64.5 ± 6.0; 50.7 ± 10.1; 39 ± 23; 44 ± 14,feces,2009/2010,Netherlands,Metabolic syndrome,Metabolic syndrome,Species composition change above range of temporal variation (Euclidean distance); Higher single-site allelic variation in allogenic FMT vs placebo/healthy,FMT1; FMT2; FMT3; FMT4; FMT5; SELF1; SELF2; SELF3; SELF4; SELF5,Homo sapiens,ERR1297497,SAMEA3882518,Illumina HiSeq 2000,allogenic FMT / placebo (autologous) FMT / healthy control,FAT_012-22-0-0,metabolic syndrome,Fecal microbiota transplantation,"Cohort of 10 subjects: 5 allogenic FMT (from one of three lean donors), 5 autologous (placebo) FMT; 55 fecal metagenomes sequenced from FMT study; 164 total metagenomes across three study groups; Comparison cohort: 109 metagenomes from 48 healthy FMT-naive individuals including Human Microbiome Project data; 1105 detected prokaryotic species; 11.8 million variant positions identified; 42 species across five phyla used for confident SNV tracking; Subjects had not used antibiotics or other medication for at least 3 months before or during treatment"
27126044,No,3,Month,Donor-specific SNV retention (determinant positions); SNV assignment error rate; Proportion of acquired donor-specific species (allogenic FMT); Proportion of newly detected species (placebo); Proportion of newly detected species (healthy); Species shared between donor and recipient; Coexistence of donor and recipient strains (shared species); Species showing resistance to donor strains; Species showing donor-recipient strain coexistence,%; %; %; %; %; %; %; %; %,69.3 ± 21.8 (day 2); 37.6 ± 16.6 (3 months); 11.9; not clearly separated from placebo/healthy fluctuation range in 4/5 cases; 20.8 ± 5.5; 17.7 ± 10.9; 64.5 ± 6.0; 50.7 ± 10.1; 39 ± 23; 44 ± 14,feces,2009/2010,Netherlands,Metabolic syndrome,Metabolic syndrome,Species composition change above range of temporal variation (Euclidean distance); Higher single-site allelic variation in allogenic FMT vs placebo/healthy,FMT1; FMT2; FMT3; FMT4; FMT5; SELF1; SELF2; SELF3; SELF4; SELF5,Homo sapiens,ERR1297837,SAMEA3882534,Illumina HiSeq 2000,allogenic FMT / placebo (autologous) FMT / healthy control,FAT_017-22-14-0,metabolic syndrome,Fecal microbiota transplantation,"Cohort of 10 subjects: 5 allogenic FMT (from one of three lean donors), 5 autologous (placebo) FMT; 55 fecal metagenomes sequenced from FMT study; 164 total metagenomes across three study groups; Comparison cohort: 109 metagenomes from 48 healthy FMT-naive individuals including Human Microbiome Project data; 1105 detected prokaryotic species; 11.8 million variant positions identified; 42 species across five phyla used for confident SNV tracking; Subjects had not used antibiotics or other medication for at least 3 months before or during treatment"
27126044,No,3,Month,Donor-specific SNV retention (determinant positions); SNV assignment error rate; Proportion of acquired donor-specific species (allogenic FMT); Proportion of newly detected species (placebo); Proportion of newly detected species (healthy); Species shared between donor and recipient; Coexistence of donor and recipient strains (shared species); Species showing resistance to donor strains; Species showing donor-recipient strain coexistence,%; %; %; %; %; %; %; %; %,69.3 ± 21.8 (day 2); 37.6 ± 16.6 (3 months); 11.9; not clearly separated from placebo/healthy fluctuation range in 4/5 cases; 20.8 ± 5.5; 17.7 ± 10.9; 64.5 ± 6.0; 50.7 ± 10.1; 39 ± 23; 44 ± 14,feces,2009/2010,Netherlands,Metabolic syndrome,Metabolic syndrome,Species composition change above range of temporal variation (Euclidean distance); Higher single-site allelic variation in allogenic FMT vs placebo/healthy,FMT1; FMT2; FMT3; FMT4; FMT5; SELF1; SELF2; SELF3; SELF4; SELF5,Homo sapiens,ERR1297498,SAMEA3882526,Illumina HiSeq 2000,allogenic FMT / placebo (autologous) FMT / healthy control,FAT_014-22-42-0,metabolic syndrome,Fecal microbiota transplantation,"Cohort of 10 subjects: 5 allogenic FMT (from one of three lean donors), 5 autologous (placebo) FMT; 55 fecal metagenomes sequenced from FMT study; 164 total metagenomes across three study groups; Comparison cohort: 109 metagenomes from 48 healthy FMT-naive individuals including Human Microbiome Project data; 1105 detected prokaryotic species; 11.8 million variant positions identified; 42 species across five phyla used for confident SNV tracking; Subjects had not used antibiotics or other medication for at least 3 months before or during treatment"
27126044,No,3,Month,Donor-specific SNV retention (determinant positions); SNV assignment error rate; Proportion of acquired donor-specific species (allogenic FMT); Proportion of newly detected species (placebo); Proportion of newly detected species (healthy); Species shared between donor and recipient; Coexistence of donor and recipient strains (shared species); Species showing resistance to donor strains; Species showing donor-recipient strain coexistence,%; %; %; %; %; %; %; %; %,69.3 ± 21.8 (day 2); 37.6 ± 16.6 (3 months); 11.9; not clearly separated from placebo/healthy fluctuation range in 4/5 cases; 20.8 ± 5.5; 17.7 ± 10.9; 64.5 ± 6.0; 50.7 ± 10.1; 39 ± 23; 44 ± 14,feces,2009/2010,Netherlands,Metabolic syndrome,Metabolic syndrome,Species composition change above range of temporal variation (Euclidean distance); Higher single-site allelic variation in allogenic FMT vs placebo/healthy,FMT1; FMT2; FMT3; FMT4; FMT5; SELF1; SELF2; SELF3; SELF4; SELF5,Homo sapiens,ERR1297839,SAMEA3882517,Illumina HiSeq 2000,allogenic FMT / placebo (autologous) FMT / healthy control,FAT_010-22-84-0,metabolic syndrome,Fecal microbiota transplantation,"Cohort of 10 subjects: 5 allogenic FMT (from one of three lean donors), 5 autologous (placebo) FMT; 55 fecal metagenomes sequenced from FMT study; 164 total metagenomes across three study groups; Comparison cohort: 109 metagenomes from 48 healthy FMT-naive individuals including Human Microbiome Project data; 1105 detected prokaryotic species; 11.8 million variant positions identified; 42 species across five phyla used for confident SNV tracking; Subjects had not used antibiotics or other medication for at least 3 months before or during treatment"
27126044,No,3,Month,Donor-specific SNV retention (determinant positions); SNV assignment error rate; Proportion of acquired donor-specific species (allogenic FMT); Proportion of newly detected species (placebo); Proportion of newly detected species (healthy); Species shared between donor and recipient; Coexistence of donor and recipient strains (shared species); Species showing resistance to donor strains; Species showing donor-recipient strain coexistence,%; %; %; %; %; %; %; %; %,69.3 ± 21.8 (day 2); 37.6 ± 16.6 (3 months); 11.9; not clearly separated from placebo/healthy fluctuation range in 4/5 cases; 20.8 ± 5.5; 17.7 ± 10.9; 64.5 ± 6.0; 50.7 ± 10.1; 39 ± 23; 44 ± 14,feces,2009/2010,Netherlands,Metabolic syndrome,Metabolic syndrome,Species composition change above range of temporal variation (Euclidean distance); Higher single-site allelic variation in allogenic FMT vs placebo/healthy,FMT1; FMT2; FMT3; FMT4; FMT5; SELF1; SELF2; SELF3; SELF4; SELF5,Homo sapiens,ERR1297502,SAMEA3882503,Illumina HiSeq 2000,allogenic FMT / placebo (autologous) FMT / healthy control,FAT_006-22-0-0,metabolic syndrome,Fecal microbiota transplantation,"Cohort of 10 subjects: 5 allogenic FMT (from one of three lean donors), 5 autologous (placebo) FMT; 55 fecal metagenomes sequenced from FMT study; 164 total metagenomes across three study groups; Comparison cohort: 109 metagenomes from 48 healthy FMT-naive individuals including Human Microbiome Project data; 1105 detected prokaryotic species; 11.8 million variant positions identified; 42 species across five phyla used for confident SNV tracking; Subjects had not used antibiotics or other medication for at least 3 months before or during treatment"
27126044,No,3,Month,Donor-specific SNV retention (determinant positions); SNV assignment error rate; Proportion of acquired donor-specific species (allogenic FMT); Proportion of newly detected species (placebo); Proportion of newly detected species (healthy); Species shared between donor and recipient; Coexistence of donor and recipient strains (shared species); Species showing resistance to donor strains; Species showing donor-recipient strain coexistence,%; %; %; %; %; %; %; %; %,69.3 ± 21.8 (day 2); 37.6 ± 16.6 (3 months); 11.9; not clearly separated from placebo/healthy fluctuation range in 4/5 cases; 20.8 ± 5.5; 17.7 ± 10.9; 64.5 ± 6.0; 50.7 ± 10.1; 39 ± 23; 44 ± 14,feces,2009/2010,Netherlands,Metabolic syndrome,Metabolic syndrome,Species composition change above range of temporal variation (Euclidean distance); Higher single-site allelic variation in allogenic FMT vs placebo/healthy,FMT1; FMT2; FMT3; FMT4; FMT5; SELF1; SELF2; SELF3; SELF4; SELF5,Homo sapiens,ERR1297840,SAMEA3882545,Illumina HiSeq 2000,allogenic FMT / placebo (autologous) FMT / healthy control,FAT_023-22-2-0,metabolic syndrome,Fecal microbiota transplantation,"Cohort of 10 subjects: 5 allogenic FMT (from one of three lean donors), 5 autologous (placebo) FMT; 55 fecal metagenomes sequenced from FMT study; 164 total metagenomes across three study groups; Comparison cohort: 109 metagenomes from 48 healthy FMT-naive individuals including Human Microbiome Project data; 1105 detected prokaryotic species; 11.8 million variant positions identified; 42 species across five phyla used for confident SNV tracking; Subjects had not used antibiotics or other medication for at least 3 months before or during treatment"
27126044,No,3,Month,Donor-specific SNV retention (determinant positions); SNV assignment error rate; Proportion of acquired donor-specific species (allogenic FMT); Proportion of newly detected species (placebo); Proportion of newly detected species (healthy); Species shared between donor and recipient; Coexistence of donor and recipient strains (shared species); Species showing resistance to donor strains; Species showing donor-recipient strain coexistence,%; %; %; %; %; %; %; %; %,69.3 ± 21.8 (day 2); 37.6 ± 16.6 (3 months); 11.9; not clearly separated from placebo/healthy fluctuation range in 4/5 cases; 20.8 ± 5.5; 17.7 ± 10.9; 64.5 ± 6.0; 50.7 ± 10.1; 39 ± 23; 44 ± 14,feces,2009/2010,Netherlands,Metabolic syndrome,Metabolic syndrome,Species composition change above range of temporal variation (Euclidean distance); Higher single-site allelic variation in allogenic FMT vs placebo/healthy,FMT1; FMT2; FMT3; FMT4; FMT5; SELF1; SELF2; SELF3; SELF4; SELF5,Homo sapiens,ERR1297504,SAMEA3882525,Illumina HiSeq 2000,allogenic FMT / placebo (autologous) FMT / healthy control,FAT_014-22-2-0,metabolic syndrome,Fecal microbiota transplantation,"Cohort of 10 subjects: 5 allogenic FMT (from one of three lean donors), 5 autologous (placebo) FMT; 55 fecal metagenomes sequenced from FMT study; 164 total metagenomes across three study groups; Comparison cohort: 109 metagenomes from 48 healthy FMT-naive individuals including Human Microbiome Project data; 1105 detected prokaryotic species; 11.8 million variant positions identified; 42 species across five phyla used for confident SNV tracking; Subjects had not used antibiotics or other medication for at least 3 months before or during treatment"
27126044,No,3,Month,Donor-specific SNV retention (determinant positions); SNV assignment error rate; Proportion of acquired donor-specific species (allogenic FMT); Proportion of newly detected species (placebo); Proportion of newly detected species (healthy); Species shared between donor and recipient; Coexistence of donor and recipient strains (shared species); Species showing resistance to donor strains; Species showing donor-recipient strain coexistence,%; %; %; %; %; %; %; %; %,69.3 ± 21.8 (day 2); 37.6 ± 16.6 (3 months); 11.9; not clearly separated from placebo/healthy fluctuation range in 4/5 cases; 20.8 ± 5.5; 17.7 ± 10.9; 64.5 ± 6.0; 50.7 ± 10.1; 39 ± 23; 44 ± 14,feces,2009/2010,Netherlands,Metabolic syndrome,Metabolic syndrome,Species composition change above range of temporal variation (Euclidean distance); Higher single-site allelic variation in allogenic FMT vs placebo/healthy,FMT1; FMT2; FMT3; FMT4; FMT5; SELF1; SELF2; SELF3; SELF4; SELF5,Homo sapiens,ERR1297841,SAMEA3882525,Illumina HiSeq 2000,allogenic FMT / placebo (autologous) FMT / healthy control,FAT_014-22-2-0,metabolic syndrome,Fecal microbiota transplantation,"Cohort of 10 subjects: 5 allogenic FMT (from one of three lean donors), 5 autologous (placebo) FMT; 55 fecal metagenomes sequenced from FMT study; 164 total metagenomes across three study groups; Comparison cohort: 109 metagenomes from 48 healthy FMT-naive individuals including Human Microbiome Project data; 1105 detected prokaryotic species; 11.8 million variant positions identified; 42 species across five phyla used for confident SNV tracking; Subjects had not used antibiotics or other medication for at least 3 months before or during treatment"
27126044,No,3,Month,Donor-specific SNV retention (determinant positions); SNV assignment error rate; Proportion of acquired donor-specific species (allogenic FMT); Proportion of newly detected species (placebo); Proportion of newly detected species (healthy); Species shared between donor and recipient; Coexistence of donor and recipient strains (shared species); Species showing resistance to donor strains; Species showing donor-recipient strain coexistence,%; %; %; %; %; %; %; %; %,69.3 ± 21.8 (day 2); 37.6 ± 16.6 (3 months); 11.9; not clearly separated from placebo/healthy fluctuation range in 4/5 cases; 20.8 ± 5.5; 17.7 ± 10.9; 64.5 ± 6.0; 50.7 ± 10.1; 39 ± 23; 44 ± 14,feces,2009/2010,Netherlands,Metabolic syndrome,Metabolic syndrome,Species composition change above range of temporal variation (Euclidean distance); Higher single-site allelic variation in allogenic FMT vs placebo/healthy,FMT1; FMT2; FMT3; FMT4; FMT5; SELF1; SELF2; SELF3; SELF4; SELF5,Homo sapiens,ERR1297842,SAMEA3882543,Illumina HiSeq 2000,allogenic FMT / placebo (autologous) FMT / healthy control,FAT_023-22-0-0,metabolic syndrome,Fecal microbiota transplantation,"Cohort of 10 subjects: 5 allogenic FMT (from one of three lean donors), 5 autologous (placebo) FMT; 55 fecal metagenomes sequenced from FMT study; 164 total metagenomes across three study groups; Comparison cohort: 109 metagenomes from 48 healthy FMT-naive individuals including Human Microbiome Project data; 1105 detected prokaryotic species; 11.8 million variant positions identified; 42 species across five phyla used for confident SNV tracking; Subjects had not used antibiotics or other medication for at least 3 months before or during treatment"
27126044,No,3,Month,Donor-specific SNV retention (determinant positions); SNV assignment error rate; Proportion of acquired donor-specific species (allogenic FMT); Proportion of newly detected species (placebo); Proportion of newly detected species (healthy); Species shared between donor and recipient; Coexistence of donor and recipient strains (shared species); Species showing resistance to donor strains; Species showing donor-recipient strain coexistence,%; %; %; %; %; %; %; %; %,69.3 ± 21.8 (day 2); 37.6 ± 16.6 (3 months); 11.9; not clearly separated from placebo/healthy fluctuation range in 4/5 cases; 20.8 ± 5.5; 17.7 ± 10.9; 64.5 ± 6.0; 50.7 ± 10.1; 39 ± 23; 44 ± 14,feces,2009/2010,Netherlands,Metabolic syndrome,Metabolic syndrome,Species composition change above range of temporal variation (Euclidean distance); Higher single-site allelic variation in allogenic FMT vs placebo/healthy,FMT1; FMT2; FMT3; FMT4; FMT5; SELF1; SELF2; SELF3; SELF4; SELF5,Homo sapiens,ERR1297509,SAMEA3882525,Illumina HiSeq 2000,allogenic FMT / placebo (autologous) FMT / healthy control,FAT_014-22-2-0,metabolic syndrome,Fecal microbiota transplantation,"Cohort of 10 subjects: 5 allogenic FMT (from one of three lean donors), 5 autologous (placebo) FMT; 55 fecal metagenomes sequenced from FMT study; 164 total metagenomes across three study groups; Comparison cohort: 109 metagenomes from 48 healthy FMT-naive individuals including Human Microbiome Project data; 1105 detected prokaryotic species; 11.8 million variant positions identified; 42 species across five phyla used for confident SNV tracking; Subjects had not used antibiotics or other medication for at least 3 months before or during treatment"
27126044,No,3,Month,Donor-specific SNV retention (determinant positions); SNV assignment error rate; Proportion of acquired donor-specific species (allogenic FMT); Proportion of newly detected species (placebo); Proportion of newly detected species (healthy); Species shared between donor and recipient; Coexistence of donor and recipient strains (shared species); Species showing resistance to donor strains; Species showing donor-recipient strain coexistence,%; %; %; %; %; %; %; %; %,69.3 ± 21.8 (day 2); 37.6 ± 16.6 (3 months); 11.9; not clearly separated from placebo/healthy fluctuation range in 4/5 cases; 20.8 ± 5.5; 17.7 ± 10.9; 64.5 ± 6.0; 50.7 ± 10.1; 39 ± 23; 44 ± 14,feces,2009/2010,Netherlands,Metabolic syndrome,Metabolic syndrome,Species composition change above range of temporal variation (Euclidean distance); Higher single-site allelic variation in allogenic FMT vs placebo/healthy,FMT1; FMT2; FMT3; FMT4; FMT5; SELF1; SELF2; SELF3; SELF4; SELF5,Homo sapiens,ERR1297843,SAMEA3882554,Illumina HiSeq 2000,allogenic FMT / placebo (autologous) FMT / healthy control,FAT_DON_11-22-0-5,metabolic syndrome,Fecal microbiota transplantation,"Cohort of 10 subjects: 5 allogenic FMT (from one of three lean donors), 5 autologous (placebo) FMT; 55 fecal metagenomes sequenced from FMT study; 164 total metagenomes across three study groups; Comparison cohort: 109 metagenomes from 48 healthy FMT-naive individuals including Human Microbiome Project data; 1105 detected prokaryotic species; 11.8 million variant positions identified; 42 species across five phyla used for confident SNV tracking; Subjects had not used antibiotics or other medication for at least 3 months before or during treatment"
27126044,No,3,Month,Donor-specific SNV retention (determinant positions); SNV assignment error rate; Proportion of acquired donor-specific species (allogenic FMT); Proportion of newly detected species (placebo); Proportion of newly detected species (healthy); Species shared between donor and recipient; Coexistence of donor and recipient strains (shared species); Species showing resistance to donor strains; Species showing donor-recipient strain coexistence,%; %; %; %; %; %; %; %; %,69.3 ± 21.8 (day 2); 37.6 ± 16.6 (3 months); 11.9; not clearly separated from placebo/healthy fluctuation range in 4/5 cases; 20.8 ± 5.5; 17.7 ± 10.9; 64.5 ± 6.0; 50.7 ± 10.1; 39 ± 23; 44 ± 14,feces,2009/2010,Netherlands,Metabolic syndrome,Metabolic syndrome,Species composition change above range of temporal variation (Euclidean distance); Higher single-site allelic variation in allogenic FMT vs placebo/healthy,FMT1; FMT2; FMT3; FMT4; FMT5; SELF1; SELF2; SELF3; SELF4; SELF5,Homo sapiens,ERR1297514,SAMEA3882532,Illumina HiSeq 2000,allogenic FMT / placebo (autologous) FMT / healthy control,FAT_015-22-84-0,metabolic syndrome,Fecal microbiota transplantation,"Cohort of 10 subjects: 5 allogenic FMT (from one of three lean donors), 5 autologous (placebo) FMT; 55 fecal metagenomes sequenced from FMT study; 164 total metagenomes across three study groups; Comparison cohort: 109 metagenomes from 48 healthy FMT-naive individuals including Human Microbiome Project data; 1105 detected prokaryotic species; 11.8 million variant positions identified; 42 species across five phyla used for confident SNV tracking; Subjects had not used antibiotics or other medication for at least 3 months before or during treatment"
27126044,No,3,Month,Donor-specific SNV retention (determinant positions); SNV assignment error rate; Proportion of acquired donor-specific species (allogenic FMT); Proportion of newly detected species (placebo); Proportion of newly detected species (healthy); Species shared between donor and recipient; Coexistence of donor and recipient strains (shared species); Species showing resistance to donor strains; Species showing donor-recipient strain coexistence,%; %; %; %; %; %; %; %; %,69.3 ± 21.8 (day 2); 37.6 ± 16.6 (3 months); 11.9; not clearly separated from placebo/healthy fluctuation range in 4/5 cases; 20.8 ± 5.5; 17.7 ± 10.9; 64.5 ± 6.0; 50.7 ± 10.1; 39 ± 23; 44 ± 14,feces,2009/2010,Netherlands,Metabolic syndrome,Metabolic syndrome,Species composition change above range of temporal variation (Euclidean distance); Higher single-site allelic variation in allogenic FMT vs placebo/healthy,FMT1; FMT2; FMT3; FMT4; FMT5; SELF1; SELF2; SELF3; SELF4; SELF5,Homo sapiens,ERR1297515,SAMEA3882538,Illumina HiSeq 2000,allogenic FMT / placebo (autologous) FMT / healthy control,FAT_020-22-0-0,metabolic syndrome,Fecal microbiota transplantation,"Cohort of 10 subjects: 5 allogenic FMT (from one of three lean donors), 5 autologous (placebo) FMT; 55 fecal metagenomes sequenced from FMT study; 164 total metagenomes across three study groups; Comparison cohort: 109 metagenomes from 48 healthy FMT-naive individuals including Human Microbiome Project data; 1105 detected prokaryotic species; 11.8 million variant positions identified; 42 species across five phyla used for confident SNV tracking; Subjects had not used antibiotics or other medication for at least 3 months before or during treatment"
27126044,No,3,Month,Donor-specific SNV retention (determinant positions); SNV assignment error rate; Proportion of acquired donor-specific species (allogenic FMT); Proportion of newly detected species (placebo); Proportion of newly detected species (healthy); Species shared between donor and recipient; Coexistence of donor and recipient strains (shared species); Species showing resistance to donor strains; Species showing donor-recipient strain coexistence,%; %; %; %; %; %; %; %; %,69.3 ± 21.8 (day 2); 37.6 ± 16.6 (3 months); 11.9; not clearly separated from placebo/healthy fluctuation range in 4/5 cases; 20.8 ± 5.5; 17.7 ± 10.9; 64.5 ± 6.0; 50.7 ± 10.1; 39 ± 23; 44 ± 14,feces,2009/2010,Netherlands,Metabolic syndrome,Metabolic syndrome,Species composition change above range of temporal variation (Euclidean distance); Higher single-site allelic variation in allogenic FMT vs placebo/healthy,FMT1; FMT2; FMT3; FMT4; FMT5; SELF1; SELF2; SELF3; SELF4; SELF5,Homo sapiens,ERR1297844,SAMEA3882549,Illumina HiSeq 2000,allogenic FMT / placebo (autologous) FMT / healthy control,FAT_024-22-14-0,metabolic syndrome,Fecal microbiota transplantation,"Cohort of 10 subjects: 5 allogenic FMT (from one of three lean donors), 5 autologous (placebo) FMT; 55 fecal metagenomes sequenced from FMT study; 164 total metagenomes across three study groups; Comparison cohort: 109 metagenomes from 48 healthy FMT-naive individuals including Human Microbiome Project data; 1105 detected prokaryotic species; 11.8 million variant positions identified; 42 species across five phyla used for confident SNV tracking; Subjects had not used antibiotics or other medication for at least 3 months before or during treatment"
27126044,No,3,Month,Donor-specific SNV retention (determinant positions); SNV assignment error rate; Proportion of acquired donor-specific species (allogenic FMT); Proportion of newly detected species (placebo); Proportion of newly detected species (healthy); Species shared between donor and recipient; Coexistence of donor and recipient strains (shared species); Species showing resistance to donor strains; Species showing donor-recipient strain coexistence,%; %; %; %; %; %; %; %; %,69.3 ± 21.8 (day 2); 37.6 ± 16.6 (3 months); 11.9; not clearly separated from placebo/healthy fluctuation range in 4/5 cases; 20.8 ± 5.5; 17.7 ± 10.9; 64.5 ± 6.0; 50.7 ± 10.1; 39 ± 23; 44 ± 14,feces,2009/2010,Netherlands,Metabolic syndrome,Metabolic syndrome,Species composition change above range of temporal variation (Euclidean distance); Higher single-site allelic variation in allogenic FMT vs placebo/healthy,FMT1; FMT2; FMT3; FMT4; FMT5; SELF1; SELF2; SELF3; SELF4; SELF5,Homo sapiens,ERR1297852,SAMEA3882549,Illumina HiSeq 2000,allogenic FMT / placebo (autologous) FMT / healthy control,FAT_024-22-14-0,metabolic syndrome,Fecal microbiota transplantation,"Cohort of 10 subjects: 5 allogenic FMT (from one of three lean donors), 5 autologous (placebo) FMT; 55 fecal metagenomes sequenced from FMT study; 164 total metagenomes across three study groups; Comparison cohort: 109 metagenomes from 48 healthy FMT-naive individuals including Human Microbiome Project data; 1105 detected prokaryotic species; 11.8 million variant positions identified; 42 species across five phyla used for confident SNV tracking; Subjects had not used antibiotics or other medication for at least 3 months before or during treatment"
27126044,No,3,Month,Donor-specific SNV retention (determinant positions); SNV assignment error rate; Proportion of acquired donor-specific species (allogenic FMT); Proportion of newly detected species (placebo); Proportion of newly detected species (healthy); Species shared between donor and recipient; Coexistence of donor and recipient strains (shared species); Species showing resistance to donor strains; Species showing donor-recipient strain coexistence,%; %; %; %; %; %; %; %; %,69.3 ± 21.8 (day 2); 37.6 ± 16.6 (3 months); 11.9; not clearly separated from placebo/healthy fluctuation range in 4/5 cases; 20.8 ± 5.5; 17.7 ± 10.9; 64.5 ± 6.0; 50.7 ± 10.1; 39 ± 23; 44 ± 14,feces,2009/2010,Netherlands,Metabolic syndrome,Metabolic syndrome,Species composition change above range of temporal variation (Euclidean distance); Higher single-site allelic variation in allogenic FMT vs placebo/healthy,FMT1; FMT2; FMT3; FMT4; FMT5; SELF1; SELF2; SELF3; SELF4; SELF5,Homo sapiens,ERR1297518,SAMEA3882549,Illumina HiSeq 2000,allogenic FMT / placebo (autologous) FMT / healthy control,FAT_024-22-14-0,metabolic syndrome,Fecal microbiota transplantation,"Cohort of 10 subjects: 5 allogenic FMT (from one of three lean donors), 5 autologous (placebo) FMT; 55 fecal metagenomes sequenced from FMT study; 164 total metagenomes across three study groups; Comparison cohort: 109 metagenomes from 48 healthy FMT-naive individuals including Human Microbiome Project data; 1105 detected prokaryotic species; 11.8 million variant positions identified; 42 species across five phyla used for confident SNV tracking; Subjects had not used antibiotics or other medication for at least 3 months before or during treatment"
27126044,No,3,Month,Donor-specific SNV retention (determinant positions); SNV assignment error rate; Proportion of acquired donor-specific species (allogenic FMT); Proportion of newly detected species (placebo); Proportion of newly detected species (healthy); Species shared between donor and recipient; Coexistence of donor and recipient strains (shared species); Species showing resistance to donor strains; Species showing donor-recipient strain coexistence,%; %; %; %; %; %; %; %; %,69.3 ± 21.8 (day 2); 37.6 ± 16.6 (3 months); 11.9; not clearly separated from placebo/healthy fluctuation range in 4/5 cases; 20.8 ± 5.5; 17.7 ± 10.9; 64.5 ± 6.0; 50.7 ± 10.1; 39 ± 23; 44 ± 14,feces,2009/2010,Netherlands,Metabolic syndrome,Metabolic syndrome,Species composition change above range of temporal variation (Euclidean distance); Higher single-site allelic variation in allogenic FMT vs placebo/healthy,FMT1; FMT2; FMT3; FMT4; FMT5; SELF1; SELF2; SELF3; SELF4; SELF5,Homo sapiens,ERR1297522,SAMEA3882545,Illumina HiSeq 2000,allogenic FMT / placebo (autologous) FMT / healthy control,FAT_023-22-2-0,metabolic syndrome,Fecal microbiota transplantation,"Cohort of 10 subjects: 5 allogenic FMT (from one of three lean donors), 5 autologous (placebo) FMT; 55 fecal metagenomes sequenced from FMT study; 164 total metagenomes across three study groups; Comparison cohort: 109 metagenomes from 48 healthy FMT-naive individuals including Human Microbiome Project data; 1105 detected prokaryotic species; 11.8 million variant positions identified; 42 species across five phyla used for confident SNV tracking; Subjects had not used antibiotics or other medication for at least 3 months before or during treatment"
27126044,No,3,Month,Donor-specific SNV retention (determinant positions); SNV assignment error rate; Proportion of acquired donor-specific species (allogenic FMT); Proportion of newly detected species (placebo); Proportion of newly detected species (healthy); Species shared between donor and recipient; Coexistence of donor and recipient strains (shared species); Species showing resistance to donor strains; Species showing donor-recipient strain coexistence,%; %; %; %; %; %; %; %; %,69.3 ± 21.8 (day 2); 37.6 ± 16.6 (3 months); 11.9; not clearly separated from placebo/healthy fluctuation range in 4/5 cases; 20.8 ± 5.5; 17.7 ± 10.9; 64.5 ± 6.0; 50.7 ± 10.1; 39 ± 23; 44 ± 14,feces,2009/2010,Netherlands,Metabolic syndrome,Metabolic syndrome,Species composition change above range of temporal variation (Euclidean distance); Higher single-site allelic variation in allogenic FMT vs placebo/healthy,FMT1; FMT2; FMT3; FMT4; FMT5; SELF1; SELF2; SELF3; SELF4; SELF5,Homo sapiens,ERR1297523,SAMEA3882518,Illumina HiSeq 2000,allogenic FMT / placebo (autologous) FMT / healthy control,FAT_012-22-0-0,metabolic syndrome,Fecal microbiota transplantation,"Cohort of 10 subjects: 5 allogenic FMT (from one of three lean donors), 5 autologous (placebo) FMT; 55 fecal metagenomes sequenced from FMT study; 164 total metagenomes across three study groups; Comparison cohort: 109 metagenomes from 48 healthy FMT-naive individuals including Human Microbiome Project data; 1105 detected prokaryotic species; 11.8 million variant positions identified; 42 species across five phyla used for confident SNV tracking; Subjects had not used antibiotics or other medication for at least 3 months before or during treatment"
27126044,No,3,Month,Donor-specific SNV retention (determinant positions); SNV assignment error rate; Proportion of acquired donor-specific species (allogenic FMT); Proportion of newly detected species (placebo); Proportion of newly detected species (healthy); Species shared between donor and recipient; Coexistence of donor and recipient strains (shared species); Species showing resistance to donor strains; Species showing donor-recipient strain coexistence,%; %; %; %; %; %; %; %; %,69.3 ± 21.8 (day 2); 37.6 ± 16.6 (3 months); 11.9; not clearly separated from placebo/healthy fluctuation range in 4/5 cases; 20.8 ± 5.5; 17.7 ± 10.9; 64.5 ± 6.0; 50.7 ± 10.1; 39 ± 23; 44 ± 14,feces,2009/2010,Netherlands,Metabolic syndrome,Metabolic syndrome,Species composition change above range of temporal variation (Euclidean distance); Higher single-site allelic variation in allogenic FMT vs placebo/healthy,FMT1; FMT2; FMT3; FMT4; FMT5; SELF1; SELF2; SELF3; SELF4; SELF5,Homo sapiens,ERR1297526,SAMEA3882513,Illumina HiSeq 2000,allogenic FMT / placebo (autologous) FMT / healthy control,FAT_010-22-0-0,metabolic syndrome,Fecal microbiota transplantation,"Cohort of 10 subjects: 5 allogenic FMT (from one of three lean donors), 5 autologous (placebo) FMT; 55 fecal metagenomes sequenced from FMT study; 164 total metagenomes across three study groups; Comparison cohort: 109 metagenomes from 48 healthy FMT-naive individuals including Human Microbiome Project data; 1105 detected prokaryotic species; 11.8 million variant positions identified; 42 species across five phyla used for confident SNV tracking; Subjects had not used antibiotics or other medication for at least 3 months before or during treatment"
27126044,No,3,Month,Donor-specific SNV retention (determinant positions); SNV assignment error rate; Proportion of acquired donor-specific species (allogenic FMT); Proportion of newly detected species (placebo); Proportion of newly detected species (healthy); Species shared between donor and recipient; Coexistence of donor and recipient strains (shared species); Species showing resistance to donor strains; Species showing donor-recipient strain coexistence,%; %; %; %; %; %; %; %; %,69.3 ± 21.8 (day 2); 37.6 ± 16.6 (3 months); 11.9; not clearly separated from placebo/healthy fluctuation range in 4/5 cases; 20.8 ± 5.5; 17.7 ± 10.9; 64.5 ± 6.0; 50.7 ± 10.1; 39 ± 23; 44 ± 14,feces,2009/2010,Netherlands,Metabolic syndrome,Metabolic syndrome,Species composition change above range of temporal variation (Euclidean distance); Higher single-site allelic variation in allogenic FMT vs placebo/healthy,FMT1; FMT2; FMT3; FMT4; FMT5; SELF1; SELF2; SELF3; SELF4; SELF5,Homo sapiens,ERR1297527,SAMEA3882555,Illumina HiSeq 2000,allogenic FMT / placebo (autologous) FMT / healthy control,FAT_DON_11-22-0-6,metabolic syndrome,Fecal microbiota transplantation,"Cohort of 10 subjects: 5 allogenic FMT (from one of three lean donors), 5 autologous (placebo) FMT; 55 fecal metagenomes sequenced from FMT study; 164 total metagenomes across three study groups; Comparison cohort: 109 metagenomes from 48 healthy FMT-naive individuals including Human Microbiome Project data; 1105 detected prokaryotic species; 11.8 million variant positions identified; 42 species across five phyla used for confident SNV tracking; Subjects had not used antibiotics or other medication for at least 3 months before or during treatment"
27126044,No,3,Month,Donor-specific SNV retention (determinant positions); SNV assignment error rate; Proportion of acquired donor-specific species (allogenic FMT); Proportion of newly detected species (placebo); Proportion of newly detected species (healthy); Species shared between donor and recipient; Coexistence of donor and recipient strains (shared species); Species showing resistance to donor strains; Species showing donor-recipient strain coexistence,%; %; %; %; %; %; %; %; %,69.3 ± 21.8 (day 2); 37.6 ± 16.6 (3 months); 11.9; not clearly separated from placebo/healthy fluctuation range in 4/5 cases; 20.8 ± 5.5; 17.7 ± 10.9; 64.5 ± 6.0; 50.7 ± 10.1; 39 ± 23; 44 ± 14,feces,2009/2010,Netherlands,Metabolic syndrome,Metabolic syndrome,Species composition change above range of temporal variation (Euclidean distance); Higher single-site allelic variation in allogenic FMT vs placebo/healthy,FMT1; FMT2; FMT3; FMT4; FMT5; SELF1; SELF2; SELF3; SELF4; SELF5,Homo sapiens,ERR1297529,SAMEA3882548,Illumina HiSeq 2000,allogenic FMT / placebo (autologous) FMT / healthy control,FAT_024-22-0-0,metabolic syndrome,Fecal microbiota transplantation,"Cohort of 10 subjects: 5 allogenic FMT (from one of three lean donors), 5 autologous (placebo) FMT; 55 fecal metagenomes sequenced from FMT study; 164 total metagenomes across three study groups; Comparison cohort: 109 metagenomes from 48 healthy FMT-naive individuals including Human Microbiome Project data; 1105 detected prokaryotic species; 11.8 million variant positions identified; 42 species across five phyla used for confident SNV tracking; Subjects had not used antibiotics or other medication for at least 3 months before or during treatment"
27126044,No,3,Month,Donor-specific SNV retention (determinant positions); SNV assignment error rate; Proportion of acquired donor-specific species (allogenic FMT); Proportion of newly detected species (placebo); Proportion of newly detected species (healthy); Species shared between donor and recipient; Coexistence of donor and recipient strains (shared species); Species showing resistance to donor strains; Species showing donor-recipient strain coexistence,%; %; %; %; %; %; %; %; %,69.3 ± 21.8 (day 2); 37.6 ± 16.6 (3 months); 11.9; not clearly separated from placebo/healthy fluctuation range in 4/5 cases; 20.8 ± 5.5; 17.7 ± 10.9; 64.5 ± 6.0; 50.7 ± 10.1; 39 ± 23; 44 ± 14,feces,2009/2010,Netherlands,Metabolic syndrome,Metabolic syndrome,Species composition change above range of temporal variation (Euclidean distance); Higher single-site allelic variation in allogenic FMT vs placebo/healthy,FMT1; FMT2; FMT3; FMT4; FMT5; SELF1; SELF2; SELF3; SELF4; SELF5,Homo sapiens,ERR1297530,SAMEA3882532,Illumina HiSeq 2000,allogenic FMT / placebo (autologous) FMT / healthy control,FAT_015-22-84-0,metabolic syndrome,Fecal microbiota transplantation,"Cohort of 10 subjects: 5 allogenic FMT (from one of three lean donors), 5 autologous (placebo) FMT; 55 fecal metagenomes sequenced from FMT study; 164 total metagenomes across three study groups; Comparison cohort: 109 metagenomes from 48 healthy FMT-naive individuals including Human Microbiome Project data; 1105 detected prokaryotic species; 11.8 million variant positions identified; 42 species across five phyla used for confident SNV tracking; Subjects had not used antibiotics or other medication for at least 3 months before or during treatment"
27126044,No,3,Month,Donor-specific SNV retention (determinant positions); SNV assignment error rate; Proportion of acquired donor-specific species (allogenic FMT); Proportion of newly detected species (placebo); Proportion of newly detected species (healthy); Species shared between donor and recipient; Coexistence of donor and recipient strains (shared species); Species showing resistance to donor strains; Species showing donor-recipient strain coexistence,%; %; %; %; %; %; %; %; %,69.3 ± 21.8 (day 2); 37.6 ± 16.6 (3 months); 11.9; not clearly separated from placebo/healthy fluctuation range in 4/5 cases; 20.8 ± 5.5; 17.7 ± 10.9; 64.5 ± 6.0; 50.7 ± 10.1; 39 ± 23; 44 ± 14,feces,2009/2010,Netherlands,Metabolic syndrome,Metabolic syndrome,Species composition change above range of temporal variation (Euclidean distance); Higher single-site allelic variation in allogenic FMT vs placebo/healthy,FMT1; FMT2; FMT3; FMT4; FMT5; SELF1; SELF2; SELF3; SELF4; SELF5,Homo sapiens,ERR1297532,SAMEA3882537,Illumina HiSeq 2000,allogenic FMT / placebo (autologous) FMT / healthy control,FAT_017-22-84-0,metabolic syndrome,Fecal microbiota transplantation,"Cohort of 10 subjects: 5 allogenic FMT (from one of three lean donors), 5 autologous (placebo) FMT; 55 fecal metagenomes sequenced from FMT study; 164 total metagenomes across three study groups; Comparison cohort: 109 metagenomes from 48 healthy FMT-naive individuals including Human Microbiome Project data; 1105 detected prokaryotic species; 11.8 million variant positions identified; 42 species across five phyla used for confident SNV tracking; Subjects had not used antibiotics or other medication for at least 3 months before or during treatment"
27126044,No,3,Month,Donor-specific SNV retention (determinant positions); SNV assignment error rate; Proportion of acquired donor-specific species (allogenic FMT); Proportion of newly detected species (placebo); Proportion of newly detected species (healthy); Species shared between donor and recipient; Coexistence of donor and recipient strains (shared species); Species showing resistance to donor strains; Species showing donor-recipient strain coexistence,%; %; %; %; %; %; %; %; %,69.3 ± 21.8 (day 2); 37.6 ± 16.6 (3 months); 11.9; not clearly separated from placebo/healthy fluctuation range in 4/5 cases; 20.8 ± 5.5; 17.7 ± 10.9; 64.5 ± 6.0; 50.7 ± 10.1; 39 ± 23; 44 ± 14,feces,2009/2010,Netherlands,Metabolic syndrome,Metabolic syndrome,Species composition change above range of temporal variation (Euclidean distance); Higher single-site allelic variation in allogenic FMT vs placebo/healthy,FMT1; FMT2; FMT3; FMT4; FMT5; SELF1; SELF2; SELF3; SELF4; SELF5,Homo sapiens,ERR1297536,SAMEA3882552,Illumina HiSeq 2000,allogenic FMT / placebo (autologous) FMT / healthy control,FAT_024-22-84-0,metabolic syndrome,Fecal microbiota transplantation,"Cohort of 10 subjects: 5 allogenic FMT (from one of three lean donors), 5 autologous (placebo) FMT; 55 fecal metagenomes sequenced from FMT study; 164 total metagenomes across three study groups; Comparison cohort: 109 metagenomes from 48 healthy FMT-naive individuals including Human Microbiome Project data; 1105 detected prokaryotic species; 11.8 million variant positions identified; 42 species across five phyla used for confident SNV tracking; Subjects had not used antibiotics or other medication for at least 3 months before or during treatment"
27126044,No,3,Month,Donor-specific SNV retention (determinant positions); SNV assignment error rate; Proportion of acquired donor-specific species (allogenic FMT); Proportion of newly detected species (placebo); Proportion of newly detected species (healthy); Species shared between donor and recipient; Coexistence of donor and recipient strains (shared species); Species showing resistance to donor strains; Species showing donor-recipient strain coexistence,%; %; %; %; %; %; %; %; %,69.3 ± 21.8 (day 2); 37.6 ± 16.6 (3 months); 11.9; not clearly separated from placebo/healthy fluctuation range in 4/5 cases; 20.8 ± 5.5; 17.7 ± 10.9; 64.5 ± 6.0; 50.7 ± 10.1; 39 ± 23; 44 ± 14,feces,2009/2010,Netherlands,Metabolic syndrome,Metabolic syndrome,Species composition change above range of temporal variation (Euclidean distance); Higher single-site allelic variation in allogenic FMT vs placebo/healthy,FMT1; FMT2; FMT3; FMT4; FMT5; SELF1; SELF2; SELF3; SELF4; SELF5,Homo sapiens,ERR1297540,SAMEA3882543,Illumina HiSeq 2000,allogenic FMT / placebo (autologous) FMT / healthy control,FAT_023-22-0-0,metabolic syndrome,Fecal microbiota transplantation,"Cohort of 10 subjects: 5 allogenic FMT (from one of three lean donors), 5 autologous (placebo) FMT; 55 fecal metagenomes sequenced from FMT study; 164 total metagenomes across three study groups; Comparison cohort: 109 metagenomes from 48 healthy FMT-naive individuals including Human Microbiome Project data; 1105 detected prokaryotic species; 11.8 million variant positions identified; 42 species across five phyla used for confident SNV tracking; Subjects had not used antibiotics or other medication for at least 3 months before or during treatment"
27126044,No,3,Month,Donor-specific SNV retention (determinant positions); SNV assignment error rate; Proportion of acquired donor-specific species (allogenic FMT); Proportion of newly detected species (placebo); Proportion of newly detected species (healthy); Species shared between donor and recipient; Coexistence of donor and recipient strains (shared species); Species showing resistance to donor strains; Species showing donor-recipient strain coexistence,%; %; %; %; %; %; %; %; %,69.3 ± 21.8 (day 2); 37.6 ± 16.6 (3 months); 11.9; not clearly separated from placebo/healthy fluctuation range in 4/5 cases; 20.8 ± 5.5; 17.7 ± 10.9; 64.5 ± 6.0; 50.7 ± 10.1; 39 ± 23; 44 ± 14,feces,2009/2010,Netherlands,Metabolic syndrome,Metabolic syndrome,Species composition change above range of temporal variation (Euclidean distance); Higher single-site allelic variation in allogenic FMT vs placebo/healthy,FMT1; FMT2; FMT3; FMT4; FMT5; SELF1; SELF2; SELF3; SELF4; SELF5,Homo sapiens,ERR1297541,SAMEA3882520,Illumina HiSeq 2000,allogenic FMT / placebo (autologous) FMT / healthy control,FAT_012-22-2-0,metabolic syndrome,Fecal microbiota transplantation,"Cohort of 10 subjects: 5 allogenic FMT (from one of three lean donors), 5 autologous (placebo) FMT; 55 fecal metagenomes sequenced from FMT study; 164 total metagenomes across three study groups; Comparison cohort: 109 metagenomes from 48 healthy FMT-naive individuals including Human Microbiome Project data; 1105 detected prokaryotic species; 11.8 million variant positions identified; 42 species across five phyla used for confident SNV tracking; Subjects had not used antibiotics or other medication for at least 3 months before or during treatment"
27126044,No,3,Month,Donor-specific SNV retention (determinant positions); SNV assignment error rate; Proportion of acquired donor-specific species (allogenic FMT); Proportion of newly detected species (placebo); Proportion of newly detected species (healthy); Species shared between donor and recipient; Coexistence of donor and recipient strains (shared species); Species showing resistance to donor strains; Species showing donor-recipient strain coexistence,%; %; %; %; %; %; %; %; %,69.3 ± 21.8 (day 2); 37.6 ± 16.6 (3 months); 11.9; not clearly separated from placebo/healthy fluctuation range in 4/5 cases; 20.8 ± 5.5; 17.7 ± 10.9; 64.5 ± 6.0; 50.7 ± 10.1; 39 ± 23; 44 ± 14,feces,2009/2010,Netherlands,Metabolic syndrome,Metabolic syndrome,Species composition change above range of temporal variation (Euclidean distance); Higher single-site allelic variation in allogenic FMT vs placebo/healthy,FMT1; FMT2; FMT3; FMT4; FMT5; SELF1; SELF2; SELF3; SELF4; SELF5,Homo sapiens,ERR1297543,SAMEA3882547,Illumina HiSeq 2000,allogenic FMT / placebo (autologous) FMT / healthy control,FAT_023-22-84-0,metabolic syndrome,Fecal microbiota transplantation,"Cohort of 10 subjects: 5 allogenic FMT (from one of three lean donors), 5 autologous (placebo) FMT; 55 fecal metagenomes sequenced from FMT study; 164 total metagenomes across three study groups; Comparison cohort: 109 metagenomes from 48 healthy FMT-naive individuals including Human Microbiome Project data; 1105 detected prokaryotic species; 11.8 million variant positions identified; 42 species across five phyla used for confident SNV tracking; Subjects had not used antibiotics or other medication for at least 3 months before or during treatment"
27126044,No,3,Month,Donor-specific SNV retention (determinant positions); SNV assignment error rate; Proportion of acquired donor-specific species (allogenic FMT); Proportion of newly detected species (placebo); Proportion of newly detected species (healthy); Species shared between donor and recipient; Coexistence of donor and recipient strains (shared species); Species showing resistance to donor strains; Species showing donor-recipient strain coexistence,%; %; %; %; %; %; %; %; %,69.3 ± 21.8 (day 2); 37.6 ± 16.6 (3 months); 11.9; not clearly separated from placebo/healthy fluctuation range in 4/5 cases; 20.8 ± 5.5; 17.7 ± 10.9; 64.5 ± 6.0; 50.7 ± 10.1; 39 ± 23; 44 ± 14,feces,2009/2010,Netherlands,Metabolic syndrome,Metabolic syndrome,Species composition change above range of temporal variation (Euclidean distance); Higher single-site allelic variation in allogenic FMT vs placebo/healthy,FMT1; FMT2; FMT3; FMT4; FMT5; SELF1; SELF2; SELF3; SELF4; SELF5,Homo sapiens,ERR1297544,SAMEA3882506,Illumina HiSeq 2000,allogenic FMT / placebo (autologous) FMT / healthy control,FAT_006-22-42-0,metabolic syndrome,Fecal microbiota transplantation,"Cohort of 10 subjects: 5 allogenic FMT (from one of three lean donors), 5 autologous (placebo) FMT; 55 fecal metagenomes sequenced from FMT study; 164 total metagenomes across three study groups; Comparison cohort: 109 metagenomes from 48 healthy FMT-naive individuals including Human Microbiome Project data; 1105 detected prokaryotic species; 11.8 million variant positions identified; 42 species across five phyla used for confident SNV tracking; Subjects had not used antibiotics or other medication for at least 3 months before or during treatment"
27126044,No,3,Month,Donor-specific SNV retention (determinant positions); SNV assignment error rate; Proportion of acquired donor-specific species (allogenic FMT); Proportion of newly detected species (placebo); Proportion of newly detected species (healthy); Species shared between donor and recipient; Coexistence of donor and recipient strains (shared species); Species showing resistance to donor strains; Species showing donor-recipient strain coexistence,%; %; %; %; %; %; %; %; %,69.3 ± 21.8 (day 2); 37.6 ± 16.6 (3 months); 11.9; not clearly separated from placebo/healthy fluctuation range in 4/5 cases; 20.8 ± 5.5; 17.7 ± 10.9; 64.5 ± 6.0; 50.7 ± 10.1; 39 ± 23; 44 ± 14,feces,2009/2010,Netherlands,Metabolic syndrome,Metabolic syndrome,Species composition change above range of temporal variation (Euclidean distance); Higher single-site allelic variation in allogenic FMT vs placebo/healthy,FMT1; FMT2; FMT3; FMT4; FMT5; SELF1; SELF2; SELF3; SELF4; SELF5,Homo sapiens,ERR1297548,SAMEA3882536,Illumina HiSeq 2000,allogenic FMT / placebo (autologous) FMT / healthy control,FAT_017-22-42-0,metabolic syndrome,Fecal microbiota transplantation,"Cohort of 10 subjects: 5 allogenic FMT (from one of three lean donors), 5 autologous (placebo) FMT; 55 fecal metagenomes sequenced from FMT study; 164 total metagenomes across three study groups; Comparison cohort: 109 metagenomes from 48 healthy FMT-naive individuals including Human Microbiome Project data; 1105 detected prokaryotic species; 11.8 million variant positions identified; 42 species across five phyla used for confident SNV tracking; Subjects had not used antibiotics or other medication for at least 3 months before or during treatment"
27126044,No,3,Month,Donor-specific SNV retention (determinant positions); SNV assignment error rate; Proportion of acquired donor-specific species (allogenic FMT); Proportion of newly detected species (placebo); Proportion of newly detected species (healthy); Species shared between donor and recipient; Coexistence of donor and recipient strains (shared species); Species showing resistance to donor strains; Species showing donor-recipient strain coexistence,%; %; %; %; %; %; %; %; %,69.3 ± 21.8 (day 2); 37.6 ± 16.6 (3 months); 11.9; not clearly separated from placebo/healthy fluctuation range in 4/5 cases; 20.8 ± 5.5; 17.7 ± 10.9; 64.5 ± 6.0; 50.7 ± 10.1; 39 ± 23; 44 ± 14,feces,2009/2010,Netherlands,Metabolic syndrome,Metabolic syndrome,Species composition change above range of temporal variation (Euclidean distance); Higher single-site allelic variation in allogenic FMT vs placebo/healthy,FMT1; FMT2; FMT3; FMT4; FMT5; SELF1; SELF2; SELF3; SELF4; SELF5,Homo sapiens,ERR1297552,SAMEA3882517,Illumina HiSeq 2000,allogenic FMT / placebo (autologous) FMT / healthy control,FAT_010-22-84-0,metabolic syndrome,Fecal microbiota transplantation,"Cohort of 10 subjects: 5 allogenic FMT (from one of three lean donors), 5 autologous (placebo) FMT; 55 fecal metagenomes sequenced from FMT study; 164 total metagenomes across three study groups; Comparison cohort: 109 metagenomes from 48 healthy FMT-naive individuals including Human Microbiome Project data; 1105 detected prokaryotic species; 11.8 million variant positions identified; 42 species across five phyla used for confident SNV tracking; Subjects had not used antibiotics or other medication for at least 3 months before or during treatment"
27126044,No,3,Month,Donor-specific SNV retention (determinant positions); SNV assignment error rate; Proportion of acquired donor-specific species (allogenic FMT); Proportion of newly detected species (placebo); Proportion of newly detected species (healthy); Species shared between donor and recipient; Coexistence of donor and recipient strains (shared species); Species showing resistance to donor strains; Species showing donor-recipient strain coexistence,%; %; %; %; %; %; %; %; %,69.3 ± 21.8 (day 2); 37.6 ± 16.6 (3 months); 11.9; not clearly separated from placebo/healthy fluctuation range in 4/5 cases; 20.8 ± 5.5; 17.7 ± 10.9; 64.5 ± 6.0; 50.7 ± 10.1; 39 ± 23; 44 ± 14,feces,2009/2010,Netherlands,Metabolic syndrome,Metabolic syndrome,Species composition change above range of temporal variation (Euclidean distance); Higher single-site allelic variation in allogenic FMT vs placebo/healthy,FMT1; FMT2; FMT3; FMT4; FMT5; SELF1; SELF2; SELF3; SELF4; SELF5,Homo sapiens,ERR1297558,SAMEA3882520,Illumina HiSeq 2000,allogenic FMT / placebo (autologous) FMT / healthy control,FAT_012-22-2-0,metabolic syndrome,Fecal microbiota transplantation,"Cohort of 10 subjects: 5 allogenic FMT (from one of three lean donors), 5 autologous (placebo) FMT; 55 fecal metagenomes sequenced from FMT study; 164 total metagenomes across three study groups; Comparison cohort: 109 metagenomes from 48 healthy FMT-naive individuals including Human Microbiome Project data; 1105 detected prokaryotic species; 11.8 million variant positions identified; 42 species across five phyla used for confident SNV tracking; Subjects had not used antibiotics or other medication for at least 3 months before or during treatment"
27126044,No,3,Month,Donor-specific SNV retention (determinant positions); SNV assignment error rate; Proportion of acquired donor-specific species (allogenic FMT); Proportion of newly detected species (placebo); Proportion of newly detected species (healthy); Species shared between donor and recipient; Coexistence of donor and recipient strains (shared species); Species showing resistance to donor strains; Species showing donor-recipient strain coexistence,%; %; %; %; %; %; %; %; %,69.3 ± 21.8 (day 2); 37.6 ± 16.6 (3 months); 11.9; not clearly separated from placebo/healthy fluctuation range in 4/5 cases; 20.8 ± 5.5; 17.7 ± 10.9; 64.5 ± 6.0; 50.7 ± 10.1; 39 ± 23; 44 ± 14,feces,2009/2010,Netherlands,Metabolic syndrome,Metabolic syndrome,Species composition change above range of temporal variation (Euclidean distance); Higher single-site allelic variation in allogenic FMT vs placebo/healthy,FMT1; FMT2; FMT3; FMT4; FMT5; SELF1; SELF2; SELF3; SELF4; SELF5,Homo sapiens,ERR1297560,SAMEA3882534,Illumina HiSeq 2000,allogenic FMT / placebo (autologous) FMT / healthy control,FAT_017-22-14-0,metabolic syndrome,Fecal microbiota transplantation,"Cohort of 10 subjects: 5 allogenic FMT (from one of three lean donors), 5 autologous (placebo) FMT; 55 fecal metagenomes sequenced from FMT study; 164 total metagenomes across three study groups; Comparison cohort: 109 metagenomes from 48 healthy FMT-naive individuals including Human Microbiome Project data; 1105 detected prokaryotic species; 11.8 million variant positions identified; 42 species across five phyla used for confident SNV tracking; Subjects had not used antibiotics or other medication for at least 3 months before or during treatment"
27126044,No,3,Month,Donor-specific SNV retention (determinant positions); SNV assignment error rate; Proportion of acquired donor-specific species (allogenic FMT); Proportion of newly detected species (placebo); Proportion of newly detected species (healthy); Species shared between donor and recipient; Coexistence of donor and recipient strains (shared species); Species showing resistance to donor strains; Species showing donor-recipient strain coexistence,%; %; %; %; %; %; %; %; %,69.3 ± 21.8 (day 2); 37.6 ± 16.6 (3 months); 11.9; not clearly separated from placebo/healthy fluctuation range in 4/5 cases; 20.8 ± 5.5; 17.7 ± 10.9; 64.5 ± 6.0; 50.7 ± 10.1; 39 ± 23; 44 ± 14,feces,2009/2010,Netherlands,Metabolic syndrome,Metabolic syndrome,Species composition change above range of temporal variation (Euclidean distance); Higher single-site allelic variation in allogenic FMT vs placebo/healthy,FMT1; FMT2; FMT3; FMT4; FMT5; SELF1; SELF2; SELF3; SELF4; SELF5,Homo sapiens,ERR1297561,SAMEA3882519,Illumina HiSeq 2000,allogenic FMT / placebo (autologous) FMT / healthy control,FAT_012-22-14-0,metabolic syndrome,Fecal microbiota transplantation,"Cohort of 10 subjects: 5 allogenic FMT (from one of three lean donors), 5 autologous (placebo) FMT; 55 fecal metagenomes sequenced from FMT study; 164 total metagenomes across three study groups; Comparison cohort: 109 metagenomes from 48 healthy FMT-naive individuals including Human Microbiome Project data; 1105 detected prokaryotic species; 11.8 million variant positions identified; 42 species across five phyla used for confident SNV tracking; Subjects had not used antibiotics or other medication for at least 3 months before or during treatment"
27126044,No,3,Month,Donor-specific SNV retention (determinant positions); SNV assignment error rate; Proportion of acquired donor-specific species (allogenic FMT); Proportion of newly detected species (placebo); Proportion of newly detected species (healthy); Species shared between donor and recipient; Coexistence of donor and recipient strains (shared species); Species showing resistance to donor strains; Species showing donor-recipient strain coexistence,%; %; %; %; %; %; %; %; %,69.3 ± 21.8 (day 2); 37.6 ± 16.6 (3 months); 11.9; not clearly separated from placebo/healthy fluctuation range in 4/5 cases; 20.8 ± 5.5; 17.7 ± 10.9; 64.5 ± 6.0; 50.7 ± 10.1; 39 ± 23; 44 ± 14,feces,2009/2010,Netherlands,Metabolic syndrome,Metabolic syndrome,Species composition change above range of temporal variation (Euclidean distance); Higher single-site allelic variation in allogenic FMT vs placebo/healthy,FMT1; FMT2; FMT3; FMT4; FMT5; SELF1; SELF2; SELF3; SELF4; SELF5,Homo sapiens,ERR1297564,SAMEA3882525,Illumina HiSeq 2000,allogenic FMT / placebo (autologous) FMT / healthy control,FAT_014-22-2-0,metabolic syndrome,Fecal microbiota transplantation,"Cohort of 10 subjects: 5 allogenic FMT (from one of three lean donors), 5 autologous (placebo) FMT; 55 fecal metagenomes sequenced from FMT study; 164 total metagenomes across three study groups; Comparison cohort: 109 metagenomes from 48 healthy FMT-naive individuals including Human Microbiome Project data; 1105 detected prokaryotic species; 11.8 million variant positions identified; 42 species across five phyla used for confident SNV tracking; Subjects had not used antibiotics or other medication for at least 3 months before or during treatment"
27126044,No,3,Month,Donor-specific SNV retention (determinant positions); SNV assignment error rate; Proportion of acquired donor-specific species (allogenic FMT); Proportion of newly detected species (placebo); Proportion of newly detected species (healthy); Species shared between donor and recipient; Coexistence of donor and recipient strains (shared species); Species showing resistance to donor strains; Species showing donor-recipient strain coexistence,%; %; %; %; %; %; %; %; %,69.3 ± 21.8 (day 2); 37.6 ± 16.6 (3 months); 11.9; not clearly separated from placebo/healthy fluctuation range in 4/5 cases; 20.8 ± 5.5; 17.7 ± 10.9; 64.5 ± 6.0; 50.7 ± 10.1; 39 ± 23; 44 ± 14,feces,2009/2010,Netherlands,Metabolic syndrome,Metabolic syndrome,Species composition change above range of temporal variation (Euclidean distance); Higher single-site allelic variation in allogenic FMT vs placebo/healthy,FMT1; FMT2; FMT3; FMT4; FMT5; SELF1; SELF2; SELF3; SELF4; SELF5,Homo sapiens,ERR1297565,SAMEA3882551,Illumina HiSeq 2000,allogenic FMT / placebo (autologous) FMT / healthy control,FAT_024-22-42-0,metabolic syndrome,Fecal microbiota transplantation,"Cohort of 10 subjects: 5 allogenic FMT (from one of three lean donors), 5 autologous (placebo) FMT; 55 fecal metagenomes sequenced from FMT study; 164 total metagenomes across three study groups; Comparison cohort: 109 metagenomes from 48 healthy FMT-naive individuals including Human Microbiome Project data; 1105 detected prokaryotic species; 11.8 million variant positions identified; 42 species across five phyla used for confident SNV tracking; Subjects had not used antibiotics or other medication for at least 3 months before or during treatment"
27126044,No,3,Month,Donor-specific SNV retention (determinant positions); SNV assignment error rate; Proportion of acquired donor-specific species (allogenic FMT); Proportion of newly detected species (placebo); Proportion of newly detected species (healthy); Species shared between donor and recipient; Coexistence of donor and recipient strains (shared species); Species showing resistance to donor strains; Species showing donor-recipient strain coexistence,%; %; %; %; %; %; %; %; %,69.3 ± 21.8 (day 2); 37.6 ± 16.6 (3 months); 11.9; not clearly separated from placebo/healthy fluctuation range in 4/5 cases; 20.8 ± 5.5; 17.7 ± 10.9; 64.5 ± 6.0; 50.7 ± 10.1; 39 ± 23; 44 ± 14,feces,2009/2010,Netherlands,Metabolic syndrome,Metabolic syndrome,Species composition change above range of temporal variation (Euclidean distance); Higher single-site allelic variation in allogenic FMT vs placebo/healthy,FMT1; FMT2; FMT3; FMT4; FMT5; SELF1; SELF2; SELF3; SELF4; SELF5,Homo sapiens,ERR1297566,SAMEA3882522,Illumina HiSeq 2000,allogenic FMT / placebo (autologous) FMT / healthy control,FAT_012-22-84-0,metabolic syndrome,Fecal microbiota transplantation,"Cohort of 10 subjects: 5 allogenic FMT (from one of three lean donors), 5 autologous (placebo) FMT; 55 fecal metagenomes sequenced from FMT study; 164 total metagenomes across three study groups; Comparison cohort: 109 metagenomes from 48 healthy FMT-naive individuals including Human Microbiome Project data; 1105 detected prokaryotic species; 11.8 million variant positions identified; 42 species across five phyla used for confident SNV tracking; Subjects had not used antibiotics or other medication for at least 3 months before or during treatment"
27126044,No,3,Month,Donor-specific SNV retention (determinant positions); SNV assignment error rate; Proportion of acquired donor-specific species (allogenic FMT); Proportion of newly detected species (placebo); Proportion of newly detected species (healthy); Species shared between donor and recipient; Coexistence of donor and recipient strains (shared species); Species showing resistance to donor strains; Species showing donor-recipient strain coexistence,%; %; %; %; %; %; %; %; %,69.3 ± 21.8 (day 2); 37.6 ± 16.6 (3 months); 11.9; not clearly separated from placebo/healthy fluctuation range in 4/5 cases; 20.8 ± 5.5; 17.7 ± 10.9; 64.5 ± 6.0; 50.7 ± 10.1; 39 ± 23; 44 ± 14,feces,2009/2010,Netherlands,Metabolic syndrome,Metabolic syndrome,Species composition change above range of temporal variation (Euclidean distance); Higher single-site allelic variation in allogenic FMT vs placebo/healthy,FMT1; FMT2; FMT3; FMT4; FMT5; SELF1; SELF2; SELF3; SELF4; SELF5,Homo sapiens,ERR1297570,SAMEA3882508,Illumina HiSeq 2000,allogenic FMT / placebo (autologous) FMT / healthy control,FAT_008-22-0-0,metabolic syndrome,Fecal microbiota transplantation,"Cohort of 10 subjects: 5 allogenic FMT (from one of three lean donors), 5 autologous (placebo) FMT; 55 fecal metagenomes sequenced from FMT study; 164 total metagenomes across three study groups; Comparison cohort: 109 metagenomes from 48 healthy FMT-naive individuals including Human Microbiome Project data; 1105 detected prokaryotic species; 11.8 million variant positions identified; 42 species across five phyla used for confident SNV tracking; Subjects had not used antibiotics or other medication for at least 3 months before or during treatment"
27126044,No,3,Month,Donor-specific SNV retention (determinant positions); SNV assignment error rate; Proportion of acquired donor-specific species (allogenic FMT); Proportion of newly detected species (placebo); Proportion of newly detected species (healthy); Species shared between donor and recipient; Coexistence of donor and recipient strains (shared species); Species showing resistance to donor strains; Species showing donor-recipient strain coexistence,%; %; %; %; %; %; %; %; %,69.3 ± 21.8 (day 2); 37.6 ± 16.6 (3 months); 11.9; not clearly separated from placebo/healthy fluctuation range in 4/5 cases; 20.8 ± 5.5; 17.7 ± 10.9; 64.5 ± 6.0; 50.7 ± 10.1; 39 ± 23; 44 ± 14,feces,2009/2010,Netherlands,Metabolic syndrome,Metabolic syndrome,Species composition change above range of temporal variation (Euclidean distance); Higher single-site allelic variation in allogenic FMT vs placebo/healthy,FMT1; FMT2; FMT3; FMT4; FMT5; SELF1; SELF2; SELF3; SELF4; SELF5,Homo sapiens,ERR1297572,SAMEA3882540,Illumina HiSeq 2000,allogenic FMT / placebo (autologous) FMT / healthy control,FAT_020-22-2-0,metabolic syndrome,Fecal microbiota transplantation,"Cohort of 10 subjects: 5 allogenic FMT (from one of three lean donors), 5 autologous (placebo) FMT; 55 fecal metagenomes sequenced from FMT study; 164 total metagenomes across three study groups; Comparison cohort: 109 metagenomes from 48 healthy FMT-naive individuals including Human Microbiome Project data; 1105 detected prokaryotic species; 11.8 million variant positions identified; 42 species across five phyla used for confident SNV tracking; Subjects had not used antibiotics or other medication for at least 3 months before or during treatment"
27126044,No,3,Month,Donor-specific SNV retention (determinant positions); SNV assignment error rate; Proportion of acquired donor-specific species (allogenic FMT); Proportion of newly detected species (placebo); Proportion of newly detected species (healthy); Species shared between donor and recipient; Coexistence of donor and recipient strains (shared species); Species showing resistance to donor strains; Species showing donor-recipient strain coexistence,%; %; %; %; %; %; %; %; %,69.3 ± 21.8 (day 2); 37.6 ± 16.6 (3 months); 11.9; not clearly separated from placebo/healthy fluctuation range in 4/5 cases; 20.8 ± 5.5; 17.7 ± 10.9; 64.5 ± 6.0; 50.7 ± 10.1; 39 ± 23; 44 ± 14,feces,2009/2010,Netherlands,Metabolic syndrome,Metabolic syndrome,Species composition change above range of temporal variation (Euclidean distance); Higher single-site allelic variation in allogenic FMT vs placebo/healthy,FMT1; FMT2; FMT3; FMT4; FMT5; SELF1; SELF2; SELF3; SELF4; SELF5,Homo sapiens,ERR1297575,SAMEA3882506,Illumina HiSeq 2000,allogenic FMT / placebo (autologous) FMT / healthy control,FAT_006-22-42-0,metabolic syndrome,Fecal microbiota transplantation,"Cohort of 10 subjects: 5 allogenic FMT (from one of three lean donors), 5 autologous (placebo) FMT; 55 fecal metagenomes sequenced from FMT study; 164 total metagenomes across three study groups; Comparison cohort: 109 metagenomes from 48 healthy FMT-naive individuals including Human Microbiome Project data; 1105 detected prokaryotic species; 11.8 million variant positions identified; 42 species across five phyla used for confident SNV tracking; Subjects had not used antibiotics or other medication for at least 3 months before or during treatment"
27126044,No,3,Month,Donor-specific SNV retention (determinant positions); SNV assignment error rate; Proportion of acquired donor-specific species (allogenic FMT); Proportion of newly detected species (placebo); Proportion of newly detected species (healthy); Species shared between donor and recipient; Coexistence of donor and recipient strains (shared species); Species showing resistance to donor strains; Species showing donor-recipient strain coexistence,%; %; %; %; %; %; %; %; %,69.3 ± 21.8 (day 2); 37.6 ± 16.6 (3 months); 11.9; not clearly separated from placebo/healthy fluctuation range in 4/5 cases; 20.8 ± 5.5; 17.7 ± 10.9; 64.5 ± 6.0; 50.7 ± 10.1; 39 ± 23; 44 ± 14,feces,2009/2010,Netherlands,Metabolic syndrome,Metabolic syndrome,Species composition change above range of temporal variation (Euclidean distance); Higher single-site allelic variation in allogenic FMT vs placebo/healthy,FMT1; FMT2; FMT3; FMT4; FMT5; SELF1; SELF2; SELF3; SELF4; SELF5,Homo sapiens,ERR1297578,SAMEA3882541,Illumina HiSeq 2000,allogenic FMT / placebo (autologous) FMT / healthy control,FAT_020-22-42-0,metabolic syndrome,Fecal microbiota transplantation,"Cohort of 10 subjects: 5 allogenic FMT (from one of three lean donors), 5 autologous (placebo) FMT; 55 fecal metagenomes sequenced from FMT study; 164 total metagenomes across three study groups; Comparison cohort: 109 metagenomes from 48 healthy FMT-naive individuals including Human Microbiome Project data; 1105 detected prokaryotic species; 11.8 million variant positions identified; 42 species across five phyla used for confident SNV tracking; Subjects had not used antibiotics or other medication for at least 3 months before or during treatment"
27126044,No,3,Month,Donor-specific SNV retention (determinant positions); SNV assignment error rate; Proportion of acquired donor-specific species (allogenic FMT); Proportion of newly detected species (placebo); Proportion of newly detected species (healthy); Species shared between donor and recipient; Coexistence of donor and recipient strains (shared species); Species showing resistance to donor strains; Species showing donor-recipient strain coexistence,%; %; %; %; %; %; %; %; %,69.3 ± 21.8 (day 2); 37.6 ± 16.6 (3 months); 11.9; not clearly separated from placebo/healthy fluctuation range in 4/5 cases; 20.8 ± 5.5; 17.7 ± 10.9; 64.5 ± 6.0; 50.7 ± 10.1; 39 ± 23; 44 ± 14,feces,2009/2010,Netherlands,Metabolic syndrome,Metabolic syndrome,Species composition change above range of temporal variation (Euclidean distance); Higher single-site allelic variation in allogenic FMT vs placebo/healthy,FMT1; FMT2; FMT3; FMT4; FMT5; SELF1; SELF2; SELF3; SELF4; SELF5,Homo sapiens,ERR1297579,SAMEA3882519,Illumina HiSeq 2000,allogenic FMT / placebo (autologous) FMT / healthy control,FAT_012-22-14-0,metabolic syndrome,Fecal microbiota transplantation,"Cohort of 10 subjects: 5 allogenic FMT (from one of three lean donors), 5 autologous (placebo) FMT; 55 fecal metagenomes sequenced from FMT study; 164 total metagenomes across three study groups; Comparison cohort: 109 metagenomes from 48 healthy FMT-naive individuals including Human Microbiome Project data; 1105 detected prokaryotic species; 11.8 million variant positions identified; 42 species across five phyla used for confident SNV tracking; Subjects had not used antibiotics or other medication for at least 3 months before or during treatment"
27126044,No,3,Month,Donor-specific SNV retention (determinant positions); SNV assignment error rate; Proportion of acquired donor-specific species (allogenic FMT); Proportion of newly detected species (placebo); Proportion of newly detected species (healthy); Species shared between donor and recipient; Coexistence of donor and recipient strains (shared species); Species showing resistance to donor strains; Species showing donor-recipient strain coexistence,%; %; %; %; %; %; %; %; %,69.3 ± 21.8 (day 2); 37.6 ± 16.6 (3 months); 11.9; not clearly separated from placebo/healthy fluctuation range in 4/5 cases; 20.8 ± 5.5; 17.7 ± 10.9; 64.5 ± 6.0; 50.7 ± 10.1; 39 ± 23; 44 ± 14,feces,2009/2010,Netherlands,Metabolic syndrome,Metabolic syndrome,Species composition change above range of temporal variation (Euclidean distance); Higher single-site allelic variation in allogenic FMT vs placebo/healthy,FMT1; FMT2; FMT3; FMT4; FMT5; SELF1; SELF2; SELF3; SELF4; SELF5,Homo sapiens,ERR1297580,SAMEA3882514,Illumina HiSeq 2000,allogenic FMT / placebo (autologous) FMT / healthy control,FAT_010-22-14-0,metabolic syndrome,Fecal microbiota transplantation,"Cohort of 10 subjects: 5 allogenic FMT (from one of three lean donors), 5 autologous (placebo) FMT; 55 fecal metagenomes sequenced from FMT study; 164 total metagenomes across three study groups; Comparison cohort: 109 metagenomes from 48 healthy FMT-naive individuals including Human Microbiome Project data; 1105 detected prokaryotic species; 11.8 million variant positions identified; 42 species across five phyla used for confident SNV tracking; Subjects had not used antibiotics or other medication for at least 3 months before or during treatment"
27126044,No,3,Month,Donor-specific SNV retention (determinant positions); SNV assignment error rate; Proportion of acquired donor-specific species (allogenic FMT); Proportion of newly detected species (placebo); Proportion of newly detected species (healthy); Species shared between donor and recipient; Coexistence of donor and recipient strains (shared species); Species showing resistance to donor strains; Species showing donor-recipient strain coexistence,%; %; %; %; %; %; %; %; %,69.3 ± 21.8 (day 2); 37.6 ± 16.6 (3 months); 11.9; not clearly separated from placebo/healthy fluctuation range in 4/5 cases; 20.8 ± 5.5; 17.7 ± 10.9; 64.5 ± 6.0; 50.7 ± 10.1; 39 ± 23; 44 ± 14,feces,2009/2010,Netherlands,Metabolic syndrome,Metabolic syndrome,Species composition change above range of temporal variation (Euclidean distance); Higher single-site allelic variation in allogenic FMT vs placebo/healthy,FMT1; FMT2; FMT3; FMT4; FMT5; SELF1; SELF2; SELF3; SELF4; SELF5,Homo sapiens,ERR1297582,SAMEA3882514,Illumina HiSeq 2000,allogenic FMT / placebo (autologous) FMT / healthy control,FAT_010-22-14-0,metabolic syndrome,Fecal microbiota transplantation,"Cohort of 10 subjects: 5 allogenic FMT (from one of three lean donors), 5 autologous (placebo) FMT; 55 fecal metagenomes sequenced from FMT study; 164 total metagenomes across three study groups; Comparison cohort: 109 metagenomes from 48 healthy FMT-naive individuals including Human Microbiome Project data; 1105 detected prokaryotic species; 11.8 million variant positions identified; 42 species across five phyla used for confident SNV tracking; Subjects had not used antibiotics or other medication for at least 3 months before or during treatment"
27126044,No,3,Month,Donor-specific SNV retention (determinant positions); SNV assignment error rate; Proportion of acquired donor-specific species (allogenic FMT); Proportion of newly detected species (placebo); Proportion of newly detected species (healthy); Species shared between donor and recipient; Coexistence of donor and recipient strains (shared species); Species showing resistance to donor strains; Species showing donor-recipient strain coexistence,%; %; %; %; %; %; %; %; %,69.3 ± 21.8 (day 2); 37.6 ± 16.6 (3 months); 11.9; not clearly separated from placebo/healthy fluctuation range in 4/5 cases; 20.8 ± 5.5; 17.7 ± 10.9; 64.5 ± 6.0; 50.7 ± 10.1; 39 ± 23; 44 ± 14,feces,2009/2010,Netherlands,Metabolic syndrome,Metabolic syndrome,Species composition change above range of temporal variation (Euclidean distance); Higher single-site allelic variation in allogenic FMT vs placebo/healthy,FMT1; FMT2; FMT3; FMT4; FMT5; SELF1; SELF2; SELF3; SELF4; SELF5,Homo sapiens,ERR1297589,SAMEA3882554,Illumina HiSeq 2000,allogenic FMT / placebo (autologous) FMT / healthy control,FAT_DON_11-22-0-5,metabolic syndrome,Fecal microbiota transplantation,"Cohort of 10 subjects: 5 allogenic FMT (from one of three lean donors), 5 autologous (placebo) FMT; 55 fecal metagenomes sequenced from FMT study; 164 total metagenomes across three study groups; Comparison cohort: 109 metagenomes from 48 healthy FMT-naive individuals including Human Microbiome Project data; 1105 detected prokaryotic species; 11.8 million variant positions identified; 42 species across five phyla used for confident SNV tracking; Subjects had not used antibiotics or other medication for at least 3 months before or during treatment"
27126044,No,3,Month,Donor-specific SNV retention (determinant positions); SNV assignment error rate; Proportion of acquired donor-specific species (allogenic FMT); Proportion of newly detected species (placebo); Proportion of newly detected species (healthy); Species shared between donor and recipient; Coexistence of donor and recipient strains (shared species); Species showing resistance to donor strains; Species showing donor-recipient strain coexistence,%; %; %; %; %; %; %; %; %,69.3 ± 21.8 (day 2); 37.6 ± 16.6 (3 months); 11.9; not clearly separated from placebo/healthy fluctuation range in 4/5 cases; 20.8 ± 5.5; 17.7 ± 10.9; 64.5 ± 6.0; 50.7 ± 10.1; 39 ± 23; 44 ± 14,feces,2009/2010,Netherlands,Metabolic syndrome,Metabolic syndrome,Species composition change above range of temporal variation (Euclidean distance); Higher single-site allelic variation in allogenic FMT vs placebo/healthy,FMT1; FMT2; FMT3; FMT4; FMT5; SELF1; SELF2; SELF3; SELF4; SELF5,Homo sapiens,ERR1297596,SAMEA3882524,Illumina HiSeq 2000,allogenic FMT / placebo (autologous) FMT / healthy control,FAT_014-22-14-0,metabolic syndrome,Fecal microbiota transplantation,"Cohort of 10 subjects: 5 allogenic FMT (from one of three lean donors), 5 autologous (placebo) FMT; 55 fecal metagenomes sequenced from FMT study; 164 total metagenomes across three study groups; Comparison cohort: 109 metagenomes from 48 healthy FMT-naive individuals including Human Microbiome Project data; 1105 detected prokaryotic species; 11.8 million variant positions identified; 42 species across five phyla used for confident SNV tracking; Subjects had not used antibiotics or other medication for at least 3 months before or during treatment"
27126044,No,3,Month,Donor-specific SNV retention (determinant positions); SNV assignment error rate; Proportion of acquired donor-specific species (allogenic FMT); Proportion of newly detected species (placebo); Proportion of newly detected species (healthy); Species shared between donor and recipient; Coexistence of donor and recipient strains (shared species); Species showing resistance to donor strains; Species showing donor-recipient strain coexistence,%; %; %; %; %; %; %; %; %,69.3 ± 21.8 (day 2); 37.6 ± 16.6 (3 months); 11.9; not clearly separated from placebo/healthy fluctuation range in 4/5 cases; 20.8 ± 5.5; 17.7 ± 10.9; 64.5 ± 6.0; 50.7 ± 10.1; 39 ± 23; 44 ± 14,feces,2009/2010,Netherlands,Metabolic syndrome,Metabolic syndrome,Species composition change above range of temporal variation (Euclidean distance); Higher single-site allelic variation in allogenic FMT vs placebo/healthy,FMT1; FMT2; FMT3; FMT4; FMT5; SELF1; SELF2; SELF3; SELF4; SELF5,Homo sapiens,ERR1297597,SAMEA3882526,Illumina HiSeq 2000,allogenic FMT / placebo (autologous) FMT / healthy control,FAT_014-22-42-0,metabolic syndrome,Fecal microbiota transplantation,"Cohort of 10 subjects: 5 allogenic FMT (from one of three lean donors), 5 autologous (placebo) FMT; 55 fecal metagenomes sequenced from FMT study; 164 total metagenomes across three study groups; Comparison cohort: 109 metagenomes from 48 healthy FMT-naive individuals including Human Microbiome Project data; 1105 detected prokaryotic species; 11.8 million variant positions identified; 42 species across five phyla used for confident SNV tracking; Subjects had not used antibiotics or other medication for at least 3 months before or during treatment"
27126044,No,3,Month,Donor-specific SNV retention (determinant positions); SNV assignment error rate; Proportion of acquired donor-specific species (allogenic FMT); Proportion of newly detected species (placebo); Proportion of newly detected species (healthy); Species shared between donor and recipient; Coexistence of donor and recipient strains (shared species); Species showing resistance to donor strains; Species showing donor-recipient strain coexistence,%; %; %; %; %; %; %; %; %,69.3 ± 21.8 (day 2); 37.6 ± 16.6 (3 months); 11.9; not clearly separated from placebo/healthy fluctuation range in 4/5 cases; 20.8 ± 5.5; 17.7 ± 10.9; 64.5 ± 6.0; 50.7 ± 10.1; 39 ± 23; 44 ± 14,feces,2009/2010,Netherlands,Metabolic syndrome,Metabolic syndrome,Species composition change above range of temporal variation (Euclidean distance); Higher single-site allelic variation in allogenic FMT vs placebo/healthy,FMT1; FMT2; FMT3; FMT4; FMT5; SELF1; SELF2; SELF3; SELF4; SELF5,Homo sapiens,ERR1297602,SAMEA3882509,Illumina HiSeq 2000,allogenic FMT / placebo (autologous) FMT / healthy control,FAT_008-22-14-0,metabolic syndrome,Fecal microbiota transplantation,"Cohort of 10 subjects: 5 allogenic FMT (from one of three lean donors), 5 autologous (placebo) FMT; 55 fecal metagenomes sequenced from FMT study; 164 total metagenomes across three study groups; Comparison cohort: 109 metagenomes from 48 healthy FMT-naive individuals including Human Microbiome Project data; 1105 detected prokaryotic species; 11.8 million variant positions identified; 42 species across five phyla used for confident SNV tracking; Subjects had not used antibiotics or other medication for at least 3 months before or during treatment"
27126044,No,3,Month,Donor-specific SNV retention (determinant positions); SNV assignment error rate; Proportion of acquired donor-specific species (allogenic FMT); Proportion of newly detected species (placebo); Proportion of newly detected species (healthy); Species shared between donor and recipient; Coexistence of donor and recipient strains (shared species); Species showing resistance to donor strains; Species showing donor-recipient strain coexistence,%; %; %; %; %; %; %; %; %,69.3 ± 21.8 (day 2); 37.6 ± 16.6 (3 months); 11.9; not clearly separated from placebo/healthy fluctuation range in 4/5 cases; 20.8 ± 5.5; 17.7 ± 10.9; 64.5 ± 6.0; 50.7 ± 10.1; 39 ± 23; 44 ± 14,feces,2009/2010,Netherlands,Metabolic syndrome,Metabolic syndrome,Species composition change above range of temporal variation (Euclidean distance); Higher single-site allelic variation in allogenic FMT vs placebo/healthy,FMT1; FMT2; FMT3; FMT4; FMT5; SELF1; SELF2; SELF3; SELF4; SELF5,Homo sapiens,ERR1297604,SAMEA3882542,Illumina HiSeq 2000,allogenic FMT / placebo (autologous) FMT / healthy control,FAT_020-22-84-0,metabolic syndrome,Fecal microbiota transplantation,"Cohort of 10 subjects: 5 allogenic FMT (from one of three lean donors), 5 autologous (placebo) FMT; 55 fecal metagenomes sequenced from FMT study; 164 total metagenomes across three study groups; Comparison cohort: 109 metagenomes from 48 healthy FMT-naive individuals including Human Microbiome Project data; 1105 detected prokaryotic species; 11.8 million variant positions identified; 42 species across five phyla used for confident SNV tracking; Subjects had not used antibiotics or other medication for at least 3 months before or during treatment"
27126044,No,3,Month,Donor-specific SNV retention (determinant positions); SNV assignment error rate; Proportion of acquired donor-specific species (allogenic FMT); Proportion of newly detected species (placebo); Proportion of newly detected species (healthy); Species shared between donor and recipient; Coexistence of donor and recipient strains (shared species); Species showing resistance to donor strains; Species showing donor-recipient strain coexistence,%; %; %; %; %; %; %; %; %,69.3 ± 21.8 (day 2); 37.6 ± 16.6 (3 months); 11.9; not clearly separated from placebo/healthy fluctuation range in 4/5 cases; 20.8 ± 5.5; 17.7 ± 10.9; 64.5 ± 6.0; 50.7 ± 10.1; 39 ± 23; 44 ± 14,feces,2009/2010,Netherlands,Metabolic syndrome,Metabolic syndrome,Species composition change above range of temporal variation (Euclidean distance); Higher single-site allelic variation in allogenic FMT vs placebo/healthy,FMT1; FMT2; FMT3; FMT4; FMT5; SELF1; SELF2; SELF3; SELF4; SELF5,Homo sapiens,ERR1297606,SAMEA3882519,Illumina HiSeq 2000,allogenic FMT / placebo (autologous) FMT / healthy control,FAT_012-22-14-0,metabolic syndrome,Fecal microbiota transplantation,"Cohort of 10 subjects: 5 allogenic FMT (from one of three lean donors), 5 autologous (placebo) FMT; 55 fecal metagenomes sequenced from FMT study; 164 total metagenomes across three study groups; Comparison cohort: 109 metagenomes from 48 healthy FMT-naive individuals including Human Microbiome Project data; 1105 detected prokaryotic species; 11.8 million variant positions identified; 42 species across five phyla used for confident SNV tracking; Subjects had not used antibiotics or other medication for at least 3 months before or during treatment"
27126044,No,3,Month,Donor-specific SNV retention (determinant positions); SNV assignment error rate; Proportion of acquired donor-specific species (allogenic FMT); Proportion of newly detected species (placebo); Proportion of newly detected species (healthy); Species shared between donor and recipient; Coexistence of donor and recipient strains (shared species); Species showing resistance to donor strains; Species showing donor-recipient strain coexistence,%; %; %; %; %; %; %; %; %,69.3 ± 21.8 (day 2); 37.6 ± 16.6 (3 months); 11.9; not clearly separated from placebo/healthy fluctuation range in 4/5 cases; 20.8 ± 5.5; 17.7 ± 10.9; 64.5 ± 6.0; 50.7 ± 10.1; 39 ± 23; 44 ± 14,feces,2009/2010,Netherlands,Metabolic syndrome,Metabolic syndrome,Species composition change above range of temporal variation (Euclidean distance); Higher single-site allelic variation in allogenic FMT vs placebo/healthy,FMT1; FMT2; FMT3; FMT4; FMT5; SELF1; SELF2; SELF3; SELF4; SELF5,Homo sapiens,ERR1297609,SAMEA3882530,Illumina HiSeq 2000,allogenic FMT / placebo (autologous) FMT / healthy control,FAT_015-22-2-0,metabolic syndrome,Fecal microbiota transplantation,"Cohort of 10 subjects: 5 allogenic FMT (from one of three lean donors), 5 autologous (placebo) FMT; 55 fecal metagenomes sequenced from FMT study; 164 total metagenomes across three study groups; Comparison cohort: 109 metagenomes from 48 healthy FMT-naive individuals including Human Microbiome Project data; 1105 detected prokaryotic species; 11.8 million variant positions identified; 42 species across five phyla used for confident SNV tracking; Subjects had not used antibiotics or other medication for at least 3 months before or during treatment"
27126044,No,3,Month,Donor-specific SNV retention (determinant positions); SNV assignment error rate; Proportion of acquired donor-specific species (allogenic FMT); Proportion of newly detected species (placebo); Proportion of newly detected species (healthy); Species shared between donor and recipient; Coexistence of donor and recipient strains (shared species); Species showing resistance to donor strains; Species showing donor-recipient strain coexistence,%; %; %; %; %; %; %; %; %,69.3 ± 21.8 (day 2); 37.6 ± 16.6 (3 months); 11.9; not clearly separated from placebo/healthy fluctuation range in 4/5 cases; 20.8 ± 5.5; 17.7 ± 10.9; 64.5 ± 6.0; 50.7 ± 10.1; 39 ± 23; 44 ± 14,feces,2009/2010,Netherlands,Metabolic syndrome,Metabolic syndrome,Species composition change above range of temporal variation (Euclidean distance); Higher single-site allelic variation in allogenic FMT vs placebo/healthy,FMT1; FMT2; FMT3; FMT4; FMT5; SELF1; SELF2; SELF3; SELF4; SELF5,Homo sapiens,ERR1297610,SAMEA3882514,Illumina HiSeq 2000,allogenic FMT / placebo (autologous) FMT / healthy control,FAT_010-22-14-0,metabolic syndrome,Fecal microbiota transplantation,"Cohort of 10 subjects: 5 allogenic FMT (from one of three lean donors), 5 autologous (placebo) FMT; 55 fecal metagenomes sequenced from FMT study; 164 total metagenomes across three study groups; Comparison cohort: 109 metagenomes from 48 healthy FMT-naive individuals including Human Microbiome Project data; 1105 detected prokaryotic species; 11.8 million variant positions identified; 42 species across five phyla used for confident SNV tracking; Subjects had not used antibiotics or other medication for at least 3 months before or during treatment"
27126044,No,3,Month,Donor-specific SNV retention (determinant positions); SNV assignment error rate; Proportion of acquired donor-specific species (allogenic FMT); Proportion of newly detected species (placebo); Proportion of newly detected species (healthy); Species shared between donor and recipient; Coexistence of donor and recipient strains (shared species); Species showing resistance to donor strains; Species showing donor-recipient strain coexistence,%; %; %; %; %; %; %; %; %,69.3 ± 21.8 (day 2); 37.6 ± 16.6 (3 months); 11.9; not clearly separated from placebo/healthy fluctuation range in 4/5 cases; 20.8 ± 5.5; 17.7 ± 10.9; 64.5 ± 6.0; 50.7 ± 10.1; 39 ± 23; 44 ± 14,feces,2009/2010,Netherlands,Metabolic syndrome,Metabolic syndrome,Species composition change above range of temporal variation (Euclidean distance); Higher single-site allelic variation in allogenic FMT vs placebo/healthy,FMT1; FMT2; FMT3; FMT4; FMT5; SELF1; SELF2; SELF3; SELF4; SELF5,Homo sapiens,ERR1297615,SAMEA3882543,Illumina HiSeq 2000,allogenic FMT / placebo (autologous) FMT / healthy control,FAT_023-22-0-0,metabolic syndrome,Fecal microbiota transplantation,"Cohort of 10 subjects: 5 allogenic FMT (from one of three lean donors), 5 autologous (placebo) FMT; 55 fecal metagenomes sequenced from FMT study; 164 total metagenomes across three study groups; Comparison cohort: 109 metagenomes from 48 healthy FMT-naive individuals including Human Microbiome Project data; 1105 detected prokaryotic species; 11.8 million variant positions identified; 42 species across five phyla used for confident SNV tracking; Subjects had not used antibiotics or other medication for at least 3 months before or during treatment"
27126044,No,3,Month,Donor-specific SNV retention (determinant positions); SNV assignment error rate; Proportion of acquired donor-specific species (allogenic FMT); Proportion of newly detected species (placebo); Proportion of newly detected species (healthy); Species shared between donor and recipient; Coexistence of donor and recipient strains (shared species); Species showing resistance to donor strains; Species showing donor-recipient strain coexistence,%; %; %; %; %; %; %; %; %,69.3 ± 21.8 (day 2); 37.6 ± 16.6 (3 months); 11.9; not clearly separated from placebo/healthy fluctuation range in 4/5 cases; 20.8 ± 5.5; 17.7 ± 10.9; 64.5 ± 6.0; 50.7 ± 10.1; 39 ± 23; 44 ± 14,feces,2009/2010,Netherlands,Metabolic syndrome,Metabolic syndrome,Species composition change above range of temporal variation (Euclidean distance); Higher single-site allelic variation in allogenic FMT vs placebo/healthy,FMT1; FMT2; FMT3; FMT4; FMT5; SELF1; SELF2; SELF3; SELF4; SELF5,Homo sapiens,ERR1297616,SAMEA3882545,Illumina HiSeq 2000,allogenic FMT / placebo (autologous) FMT / healthy control,FAT_023-22-2-0,metabolic syndrome,Fecal microbiota transplantation,"Cohort of 10 subjects: 5 allogenic FMT (from one of three lean donors), 5 autologous (placebo) FMT; 55 fecal metagenomes sequenced from FMT study; 164 total metagenomes across three study groups; Comparison cohort: 109 metagenomes from 48 healthy FMT-naive individuals including Human Microbiome Project data; 1105 detected prokaryotic species; 11.8 million variant positions identified; 42 species across five phyla used for confident SNV tracking; Subjects had not used antibiotics or other medication for at least 3 months before or during treatment"
27126044,No,3,Month,Donor-specific SNV retention (determinant positions); SNV assignment error rate; Proportion of acquired donor-specific species (allogenic FMT); Proportion of newly detected species (placebo); Proportion of newly detected species (healthy); Species shared between donor and recipient; Coexistence of donor and recipient strains (shared species); Species showing resistance to donor strains; Species showing donor-recipient strain coexistence,%; %; %; %; %; %; %; %; %,69.3 ± 21.8 (day 2); 37.6 ± 16.6 (3 months); 11.9; not clearly separated from placebo/healthy fluctuation range in 4/5 cases; 20.8 ± 5.5; 17.7 ± 10.9; 64.5 ± 6.0; 50.7 ± 10.1; 39 ± 23; 44 ± 14,feces,2009/2010,Netherlands,Metabolic syndrome,Metabolic syndrome,Species composition change above range of temporal variation (Euclidean distance); Higher single-site allelic variation in allogenic FMT vs placebo/healthy,FMT1; FMT2; FMT3; FMT4; FMT5; SELF1; SELF2; SELF3; SELF4; SELF5,Homo sapiens,ERR1297619,SAMEA3882544,Illumina HiSeq 2000,allogenic FMT / placebo (autologous) FMT / healthy control,FAT_023-22-14-0,metabolic syndrome,Fecal microbiota transplantation,"Cohort of 10 subjects: 5 allogenic FMT (from one of three lean donors), 5 autologous (placebo) FMT; 55 fecal metagenomes sequenced from FMT study; 164 total metagenomes across three study groups; Comparison cohort: 109 metagenomes from 48 healthy FMT-naive individuals including Human Microbiome Project data; 1105 detected prokaryotic species; 11.8 million variant positions identified; 42 species across five phyla used for confident SNV tracking; Subjects had not used antibiotics or other medication for at least 3 months before or during treatment"
27126044,No,3,Month,Donor-specific SNV retention (determinant positions); SNV assignment error rate; Proportion of acquired donor-specific species (allogenic FMT); Proportion of newly detected species (placebo); Proportion of newly detected species (healthy); Species shared between donor and recipient; Coexistence of donor and recipient strains (shared species); Species showing resistance to donor strains; Species showing donor-recipient strain coexistence,%; %; %; %; %; %; %; %; %,69.3 ± 21.8 (day 2); 37.6 ± 16.6 (3 months); 11.9; not clearly separated from placebo/healthy fluctuation range in 4/5 cases; 20.8 ± 5.5; 17.7 ± 10.9; 64.5 ± 6.0; 50.7 ± 10.1; 39 ± 23; 44 ± 14,feces,2009/2010,Netherlands,Metabolic syndrome,Metabolic syndrome,Species composition change above range of temporal variation (Euclidean distance); Higher single-site allelic variation in allogenic FMT vs placebo/healthy,FMT1; FMT2; FMT3; FMT4; FMT5; SELF1; SELF2; SELF3; SELF4; SELF5,Homo sapiens,ERR1297623,SAMEA3882527,Illumina HiSeq 2000,allogenic FMT / placebo (autologous) FMT / healthy control,FAT_014-22-84-0,metabolic syndrome,Fecal microbiota transplantation,"Cohort of 10 subjects: 5 allogenic FMT (from one of three lean donors), 5 autologous (placebo) FMT; 55 fecal metagenomes sequenced from FMT study; 164 total metagenomes across three study groups; Comparison cohort: 109 metagenomes from 48 healthy FMT-naive individuals including Human Microbiome Project data; 1105 detected prokaryotic species; 11.8 million variant positions identified; 42 species across five phyla used for confident SNV tracking; Subjects had not used antibiotics or other medication for at least 3 months before or during treatment"
27126044,No,3,Month,Donor-specific SNV retention (determinant positions); SNV assignment error rate; Proportion of acquired donor-specific species (allogenic FMT); Proportion of newly detected species (placebo); Proportion of newly detected species (healthy); Species shared between donor and recipient; Coexistence of donor and recipient strains (shared species); Species showing resistance to donor strains; Species showing donor-recipient strain coexistence,%; %; %; %; %; %; %; %; %,69.3 ± 21.8 (day 2); 37.6 ± 16.6 (3 months); 11.9; not clearly separated from placebo/healthy fluctuation range in 4/5 cases; 20.8 ± 5.5; 17.7 ± 10.9; 64.5 ± 6.0; 50.7 ± 10.1; 39 ± 23; 44 ± 14,feces,2009/2010,Netherlands,Metabolic syndrome,Metabolic syndrome,Species composition change above range of temporal variation (Euclidean distance); Higher single-site allelic variation in allogenic FMT vs placebo/healthy,FMT1; FMT2; FMT3; FMT4; FMT5; SELF1; SELF2; SELF3; SELF4; SELF5,Homo sapiens,ERR1297631,SAMEA3882510,Illumina HiSeq 2000,allogenic FMT / placebo (autologous) FMT / healthy control,FAT_008-22-2-0,metabolic syndrome,Fecal microbiota transplantation,"Cohort of 10 subjects: 5 allogenic FMT (from one of three lean donors), 5 autologous (placebo) FMT; 55 fecal metagenomes sequenced from FMT study; 164 total metagenomes across three study groups; Comparison cohort: 109 metagenomes from 48 healthy FMT-naive individuals including Human Microbiome Project data; 1105 detected prokaryotic species; 11.8 million variant positions identified; 42 species across five phyla used for confident SNV tracking; Subjects had not used antibiotics or other medication for at least 3 months before or during treatment"
27126044,No,3,Month,Donor-specific SNV retention (determinant positions); SNV assignment error rate; Proportion of acquired donor-specific species (allogenic FMT); Proportion of newly detected species (placebo); Proportion of newly detected species (healthy); Species shared between donor and recipient; Coexistence of donor and recipient strains (shared species); Species showing resistance to donor strains; Species showing donor-recipient strain coexistence,%; %; %; %; %; %; %; %; %,69.3 ± 21.8 (day 2); 37.6 ± 16.6 (3 months); 11.9; not clearly separated from placebo/healthy fluctuation range in 4/5 cases; 20.8 ± 5.5; 17.7 ± 10.9; 64.5 ± 6.0; 50.7 ± 10.1; 39 ± 23; 44 ± 14,feces,2009/2010,Netherlands,Metabolic syndrome,Metabolic syndrome,Species composition change above range of temporal variation (Euclidean distance); Higher single-site allelic variation in allogenic FMT vs placebo/healthy,FMT1; FMT2; FMT3; FMT4; FMT5; SELF1; SELF2; SELF3; SELF4; SELF5,Homo sapiens,ERR1297635,SAMEA3882547,Illumina HiSeq 2000,allogenic FMT / placebo (autologous) FMT / healthy control,FAT_023-22-84-0,metabolic syndrome,Fecal microbiota transplantation,"Cohort of 10 subjects: 5 allogenic FMT (from one of three lean donors), 5 autologous (placebo) FMT; 55 fecal metagenomes sequenced from FMT study; 164 total metagenomes across three study groups; Comparison cohort: 109 metagenomes from 48 healthy FMT-naive individuals including Human Microbiome Project data; 1105 detected prokaryotic species; 11.8 million variant positions identified; 42 species across five phyla used for confident SNV tracking; Subjects had not used antibiotics or other medication for at least 3 months before or during treatment"
27126044,No,3,Month,Donor-specific SNV retention (determinant positions); SNV assignment error rate; Proportion of acquired donor-specific species (allogenic FMT); Proportion of newly detected species (placebo); Proportion of newly detected species (healthy); Species shared between donor and recipient; Coexistence of donor and recipient strains (shared species); Species showing resistance to donor strains; Species showing donor-recipient strain coexistence,%; %; %; %; %; %; %; %; %,69.3 ± 21.8 (day 2); 37.6 ± 16.6 (3 months); 11.9; not clearly separated from placebo/healthy fluctuation range in 4/5 cases; 20.8 ± 5.5; 17.7 ± 10.9; 64.5 ± 6.0; 50.7 ± 10.1; 39 ± 23; 44 ± 14,feces,2009/2010,Netherlands,Metabolic syndrome,Metabolic syndrome,Species composition change above range of temporal variation (Euclidean distance); Higher single-site allelic variation in allogenic FMT vs placebo/healthy,FMT1; FMT2; FMT3; FMT4; FMT5; SELF1; SELF2; SELF3; SELF4; SELF5,Homo sapiens,ERR1297636,SAMEA3882538,Illumina HiSeq 2000,allogenic FMT / placebo (autologous) FMT / healthy control,FAT_020-22-0-0,metabolic syndrome,Fecal microbiota transplantation,"Cohort of 10 subjects: 5 allogenic FMT (from one of three lean donors), 5 autologous (placebo) FMT; 55 fecal metagenomes sequenced from FMT study; 164 total metagenomes across three study groups; Comparison cohort: 109 metagenomes from 48 healthy FMT-naive individuals including Human Microbiome Project data; 1105 detected prokaryotic species; 11.8 million variant positions identified; 42 species across five phyla used for confident SNV tracking; Subjects had not used antibiotics or other medication for at least 3 months before or during treatment"
27126044,No,3,Month,Donor-specific SNV retention (determinant positions); SNV assignment error rate; Proportion of acquired donor-specific species (allogenic FMT); Proportion of newly detected species (placebo); Proportion of newly detected species (healthy); Species shared between donor and recipient; Coexistence of donor and recipient strains (shared species); Species showing resistance to donor strains; Species showing donor-recipient strain coexistence,%; %; %; %; %; %; %; %; %,69.3 ± 21.8 (day 2); 37.6 ± 16.6 (3 months); 11.9; not clearly separated from placebo/healthy fluctuation range in 4/5 cases; 20.8 ± 5.5; 17.7 ± 10.9; 64.5 ± 6.0; 50.7 ± 10.1; 39 ± 23; 44 ± 14,feces,2009/2010,Netherlands,Metabolic syndrome,Metabolic syndrome,Species composition change above range of temporal variation (Euclidean distance); Higher single-site allelic variation in allogenic FMT vs placebo/healthy,FMT1; FMT2; FMT3; FMT4; FMT5; SELF1; SELF2; SELF3; SELF4; SELF5,Homo sapiens,ERR1297638,SAMEA3882514,Illumina HiSeq 2000,allogenic FMT / placebo (autologous) FMT / healthy control,FAT_010-22-14-0,metabolic syndrome,Fecal microbiota transplantation,"Cohort of 10 subjects: 5 allogenic FMT (from one of three lean donors), 5 autologous (placebo) FMT; 55 fecal metagenomes sequenced from FMT study; 164 total metagenomes across three study groups; Comparison cohort: 109 metagenomes from 48 healthy FMT-naive individuals including Human Microbiome Project data; 1105 detected prokaryotic species; 11.8 million variant positions identified; 42 species across five phyla used for confident SNV tracking; Subjects had not used antibiotics or other medication for at least 3 months before or during treatment"
27126044,No,3,Month,Donor-specific SNV retention (determinant positions); SNV assignment error rate; Proportion of acquired donor-specific species (allogenic FMT); Proportion of newly detected species (placebo); Proportion of newly detected species (healthy); Species shared between donor and recipient; Coexistence of donor and recipient strains (shared species); Species showing resistance to donor strains; Species showing donor-recipient strain coexistence,%; %; %; %; %; %; %; %; %,69.3 ± 21.8 (day 2); 37.6 ± 16.6 (3 months); 11.9; not clearly separated from placebo/healthy fluctuation range in 4/5 cases; 20.8 ± 5.5; 17.7 ± 10.9; 64.5 ± 6.0; 50.7 ± 10.1; 39 ± 23; 44 ± 14,feces,2009/2010,Netherlands,Metabolic syndrome,Metabolic syndrome,Species composition change above range of temporal variation (Euclidean distance); Higher single-site allelic variation in allogenic FMT vs placebo/healthy,FMT1; FMT2; FMT3; FMT4; FMT5; SELF1; SELF2; SELF3; SELF4; SELF5,Homo sapiens,ERR1297648,SAMEA3882545,Illumina HiSeq 2000,allogenic FMT / placebo (autologous) FMT / healthy control,FAT_023-22-2-0,metabolic syndrome,Fecal microbiota transplantation,"Cohort of 10 subjects: 5 allogenic FMT (from one of three lean donors), 5 autologous (placebo) FMT; 55 fecal metagenomes sequenced from FMT study; 164 total metagenomes across three study groups; Comparison cohort: 109 metagenomes from 48 healthy FMT-naive individuals including Human Microbiome Project data; 1105 detected prokaryotic species; 11.8 million variant positions identified; 42 species across five phyla used for confident SNV tracking; Subjects had not used antibiotics or other medication for at least 3 months before or during treatment"
27126044,No,3,Month,Donor-specific SNV retention (determinant positions); SNV assignment error rate; Proportion of acquired donor-specific species (allogenic FMT); Proportion of newly detected species (placebo); Proportion of newly detected species (healthy); Species shared between donor and recipient; Coexistence of donor and recipient strains (shared species); Species showing resistance to donor strains; Species showing donor-recipient strain coexistence,%; %; %; %; %; %; %; %; %,69.3 ± 21.8 (day 2); 37.6 ± 16.6 (3 months); 11.9; not clearly separated from placebo/healthy fluctuation range in 4/5 cases; 20.8 ± 5.5; 17.7 ± 10.9; 64.5 ± 6.0; 50.7 ± 10.1; 39 ± 23; 44 ± 14,feces,2009/2010,Netherlands,Metabolic syndrome,Metabolic syndrome,Species composition change above range of temporal variation (Euclidean distance); Higher single-site allelic variation in allogenic FMT vs placebo/healthy,FMT1; FMT2; FMT3; FMT4; FMT5; SELF1; SELF2; SELF3; SELF4; SELF5,Homo sapiens,ERR1297650,SAMEA3882520,Illumina HiSeq 2000,allogenic FMT / placebo (autologous) FMT / healthy control,FAT_012-22-2-0,metabolic syndrome,Fecal microbiota transplantation,"Cohort of 10 subjects: 5 allogenic FMT (from one of three lean donors), 5 autologous (placebo) FMT; 55 fecal metagenomes sequenced from FMT study; 164 total metagenomes across three study groups; Comparison cohort: 109 metagenomes from 48 healthy FMT-naive individuals including Human Microbiome Project data; 1105 detected prokaryotic species; 11.8 million variant positions identified; 42 species across five phyla used for confident SNV tracking; Subjects had not used antibiotics or other medication for at least 3 months before or during treatment"
27126044,No,3,Month,Donor-specific SNV retention (determinant positions); SNV assignment error rate; Proportion of acquired donor-specific species (allogenic FMT); Proportion of newly detected species (placebo); Proportion of newly detected species (healthy); Species shared between donor and recipient; Coexistence of donor and recipient strains (shared species); Species showing resistance to donor strains; Species showing donor-recipient strain coexistence,%; %; %; %; %; %; %; %; %,69.3 ± 21.8 (day 2); 37.6 ± 16.6 (3 months); 11.9; not clearly separated from placebo/healthy fluctuation range in 4/5 cases; 20.8 ± 5.5; 17.7 ± 10.9; 64.5 ± 6.0; 50.7 ± 10.1; 39 ± 23; 44 ± 14,feces,2009/2010,Netherlands,Metabolic syndrome,Metabolic syndrome,Species composition change above range of temporal variation (Euclidean distance); Higher single-site allelic variation in allogenic FMT vs placebo/healthy,FMT1; FMT2; FMT3; FMT4; FMT5; SELF1; SELF2; SELF3; SELF4; SELF5,Homo sapiens,ERR1297664,SAMEA3882543,Illumina HiSeq 2000,allogenic FMT / placebo (autologous) FMT / healthy control,FAT_023-22-0-0,metabolic syndrome,Fecal microbiota transplantation,"Cohort of 10 subjects: 5 allogenic FMT (from one of three lean donors), 5 autologous (placebo) FMT; 55 fecal metagenomes sequenced from FMT study; 164 total metagenomes across three study groups; Comparison cohort: 109 metagenomes from 48 healthy FMT-naive individuals including Human Microbiome Project data; 1105 detected prokaryotic species; 11.8 million variant positions identified; 42 species across five phyla used for confident SNV tracking; Subjects had not used antibiotics or other medication for at least 3 months before or during treatment"
27126044,No,3,Month,Donor-specific SNV retention (determinant positions); SNV assignment error rate; Proportion of acquired donor-specific species (allogenic FMT); Proportion of newly detected species (placebo); Proportion of newly detected species (healthy); Species shared between donor and recipient; Coexistence of donor and recipient strains (shared species); Species showing resistance to donor strains; Species showing donor-recipient strain coexistence,%; %; %; %; %; %; %; %; %,69.3 ± 21.8 (day 2); 37.6 ± 16.6 (3 months); 11.9; not clearly separated from placebo/healthy fluctuation range in 4/5 cases; 20.8 ± 5.5; 17.7 ± 10.9; 64.5 ± 6.0; 50.7 ± 10.1; 39 ± 23; 44 ± 14,feces,2009/2010,Netherlands,Metabolic syndrome,Metabolic syndrome,Species composition change above range of temporal variation (Euclidean distance); Higher single-site allelic variation in allogenic FMT vs placebo/healthy,FMT1; FMT2; FMT3; FMT4; FMT5; SELF1; SELF2; SELF3; SELF4; SELF5,Homo sapiens,ERR1297670,SAMEA3882519,Illumina HiSeq 2000,allogenic FMT / placebo (autologous) FMT / healthy control,FAT_012-22-14-0,metabolic syndrome,Fecal microbiota transplantation,"Cohort of 10 subjects: 5 allogenic FMT (from one of three lean donors), 5 autologous (placebo) FMT; 55 fecal metagenomes sequenced from FMT study; 164 total metagenomes across three study groups; Comparison cohort: 109 metagenomes from 48 healthy FMT-naive individuals including Human Microbiome Project data; 1105 detected prokaryotic species; 11.8 million variant positions identified; 42 species across five phyla used for confident SNV tracking; Subjects had not used antibiotics or other medication for at least 3 months before or during treatment"
27126044,No,3,Month,Donor-specific SNV retention (determinant positions); SNV assignment error rate; Proportion of acquired donor-specific species (allogenic FMT); Proportion of newly detected species (placebo); Proportion of newly detected species (healthy); Species shared between donor and recipient; Coexistence of donor and recipient strains (shared species); Species showing resistance to donor strains; Species showing donor-recipient strain coexistence,%; %; %; %; %; %; %; %; %,69.3 ± 21.8 (day 2); 37.6 ± 16.6 (3 months); 11.9; not clearly separated from placebo/healthy fluctuation range in 4/5 cases; 20.8 ± 5.5; 17.7 ± 10.9; 64.5 ± 6.0; 50.7 ± 10.1; 39 ± 23; 44 ± 14,feces,2009/2010,Netherlands,Metabolic syndrome,Metabolic syndrome,Species composition change above range of temporal variation (Euclidean distance); Higher single-site allelic variation in allogenic FMT vs placebo/healthy,FMT1; FMT2; FMT3; FMT4; FMT5; SELF1; SELF2; SELF3; SELF4; SELF5,Homo sapiens,ERR1297671,SAMEA3882539,Illumina HiSeq 2000,allogenic FMT / placebo (autologous) FMT / healthy control,FAT_020-22-14-0,metabolic syndrome,Fecal microbiota transplantation,"Cohort of 10 subjects: 5 allogenic FMT (from one of three lean donors), 5 autologous (placebo) FMT; 55 fecal metagenomes sequenced from FMT study; 164 total metagenomes across three study groups; Comparison cohort: 109 metagenomes from 48 healthy FMT-naive individuals including Human Microbiome Project data; 1105 detected prokaryotic species; 11.8 million variant positions identified; 42 species across five phyla used for confident SNV tracking; Subjects had not used antibiotics or other medication for at least 3 months before or during treatment"
27126044,No,3,Month,Donor-specific SNV retention (determinant positions); SNV assignment error rate; Proportion of acquired donor-specific species (allogenic FMT); Proportion of newly detected species (placebo); Proportion of newly detected species (healthy); Species shared between donor and recipient; Coexistence of donor and recipient strains (shared species); Species showing resistance to donor strains; Species showing donor-recipient strain coexistence,%; %; %; %; %; %; %; %; %,69.3 ± 21.8 (day 2); 37.6 ± 16.6 (3 months); 11.9; not clearly separated from placebo/healthy fluctuation range in 4/5 cases; 20.8 ± 5.5; 17.7 ± 10.9; 64.5 ± 6.0; 50.7 ± 10.1; 39 ± 23; 44 ± 14,feces,2009/2010,Netherlands,Metabolic syndrome,Metabolic syndrome,Species composition change above range of temporal variation (Euclidean distance); Higher single-site allelic variation in allogenic FMT vs placebo/healthy,FMT1; FMT2; FMT3; FMT4; FMT5; SELF1; SELF2; SELF3; SELF4; SELF5,Homo sapiens,ERR1297673,SAMEA3882512,Illumina HiSeq 2000,allogenic FMT / placebo (autologous) FMT / healthy control,FAT_008-22-84-0,metabolic syndrome,Fecal microbiota transplantation,"Cohort of 10 subjects: 5 allogenic FMT (from one of three lean donors), 5 autologous (placebo) FMT; 55 fecal metagenomes sequenced from FMT study; 164 total metagenomes across three study groups; Comparison cohort: 109 metagenomes from 48 healthy FMT-naive individuals including Human Microbiome Project data; 1105 detected prokaryotic species; 11.8 million variant positions identified; 42 species across five phyla used for confident SNV tracking; Subjects had not used antibiotics or other medication for at least 3 months before or during treatment"
27126044,No,3,Month,Donor-specific SNV retention (determinant positions); SNV assignment error rate; Proportion of acquired donor-specific species (allogenic FMT); Proportion of newly detected species (placebo); Proportion of newly detected species (healthy); Species shared between donor and recipient; Coexistence of donor and recipient strains (shared species); Species showing resistance to donor strains; Species showing donor-recipient strain coexistence,%; %; %; %; %; %; %; %; %,69.3 ± 21.8 (day 2); 37.6 ± 16.6 (3 months); 11.9; not clearly separated from placebo/healthy fluctuation range in 4/5 cases; 20.8 ± 5.5; 17.7 ± 10.9; 64.5 ± 6.0; 50.7 ± 10.1; 39 ± 23; 44 ± 14,feces,2009/2010,Netherlands,Metabolic syndrome,Metabolic syndrome,Species composition change above range of temporal variation (Euclidean distance); Higher single-site allelic variation in allogenic FMT vs placebo/healthy,FMT1; FMT2; FMT3; FMT4; FMT5; SELF1; SELF2; SELF3; SELF4; SELF5,Homo sapiens,ERR1297674,SAMEA3882554,Illumina HiSeq 2000,allogenic FMT / placebo (autologous) FMT / healthy control,FAT_DON_11-22-0-5,metabolic syndrome,Fecal microbiota transplantation,"Cohort of 10 subjects: 5 allogenic FMT (from one of three lean donors), 5 autologous (placebo) FMT; 55 fecal metagenomes sequenced from FMT study; 164 total metagenomes across three study groups; Comparison cohort: 109 metagenomes from 48 healthy FMT-naive individuals including Human Microbiome Project data; 1105 detected prokaryotic species; 11.8 million variant positions identified; 42 species across five phyla used for confident SNV tracking; Subjects had not used antibiotics or other medication for at least 3 months before or during treatment"
27126044,No,3,Month,Donor-specific SNV retention (determinant positions); SNV assignment error rate; Proportion of acquired donor-specific species (allogenic FMT); Proportion of newly detected species (placebo); Proportion of newly detected species (healthy); Species shared between donor and recipient; Coexistence of donor and recipient strains (shared species); Species showing resistance to donor strains; Species showing donor-recipient strain coexistence,%; %; %; %; %; %; %; %; %,69.3 ± 21.8 (day 2); 37.6 ± 16.6 (3 months); 11.9; not clearly separated from placebo/healthy fluctuation range in 4/5 cases; 20.8 ± 5.5; 17.7 ± 10.9; 64.5 ± 6.0; 50.7 ± 10.1; 39 ± 23; 44 ± 14,feces,2009/2010,Netherlands,Metabolic syndrome,Metabolic syndrome,Species composition change above range of temporal variation (Euclidean distance); Higher single-site allelic variation in allogenic FMT vs placebo/healthy,FMT1; FMT2; FMT3; FMT4; FMT5; SELF1; SELF2; SELF3; SELF4; SELF5,Homo sapiens,ERR1297675,SAMEA3882523,Illumina HiSeq 2000,allogenic FMT / placebo (autologous) FMT / healthy control,FAT_014-22-0-0,metabolic syndrome,Fecal microbiota transplantation,"Cohort of 10 subjects: 5 allogenic FMT (from one of three lean donors), 5 autologous (placebo) FMT; 55 fecal metagenomes sequenced from FMT study; 164 total metagenomes across three study groups; Comparison cohort: 109 metagenomes from 48 healthy FMT-naive individuals including Human Microbiome Project data; 1105 detected prokaryotic species; 11.8 million variant positions identified; 42 species across five phyla used for confident SNV tracking; Subjects had not used antibiotics or other medication for at least 3 months before or during treatment"
27126044,No,3,Month,Donor-specific SNV retention (determinant positions); SNV assignment error rate; Proportion of acquired donor-specific species (allogenic FMT); Proportion of newly detected species (placebo); Proportion of newly detected species (healthy); Species shared between donor and recipient; Coexistence of donor and recipient strains (shared species); Species showing resistance to donor strains; Species showing donor-recipient strain coexistence,%; %; %; %; %; %; %; %; %,69.3 ± 21.8 (day 2); 37.6 ± 16.6 (3 months); 11.9; not clearly separated from placebo/healthy fluctuation range in 4/5 cases; 20.8 ± 5.5; 17.7 ± 10.9; 64.5 ± 6.0; 50.7 ± 10.1; 39 ± 23; 44 ± 14,feces,2009/2010,Netherlands,Metabolic syndrome,Metabolic syndrome,Species composition change above range of temporal variation (Euclidean distance); Higher single-site allelic variation in allogenic FMT vs placebo/healthy,FMT1; FMT2; FMT3; FMT4; FMT5; SELF1; SELF2; SELF3; SELF4; SELF5,Homo sapiens,ERR1297676,SAMEA3882555,Illumina HiSeq 2000,allogenic FMT / placebo (autologous) FMT / healthy control,FAT_DON_11-22-0-6,metabolic syndrome,Fecal microbiota transplantation,"Cohort of 10 subjects: 5 allogenic FMT (from one of three lean donors), 5 autologous (placebo) FMT; 55 fecal metagenomes sequenced from FMT study; 164 total metagenomes across three study groups; Comparison cohort: 109 metagenomes from 48 healthy FMT-naive individuals including Human Microbiome Project data; 1105 detected prokaryotic species; 11.8 million variant positions identified; 42 species across five phyla used for confident SNV tracking; Subjects had not used antibiotics or other medication for at least 3 months before or during treatment"
27126044,No,3,Month,Donor-specific SNV retention (determinant positions); SNV assignment error rate; Proportion of acquired donor-specific species (allogenic FMT); Proportion of newly detected species (placebo); Proportion of newly detected species (healthy); Species shared between donor and recipient; Coexistence of donor and recipient strains (shared species); Species showing resistance to donor strains; Species showing donor-recipient strain coexistence,%; %; %; %; %; %; %; %; %,69.3 ± 21.8 (day 2); 37.6 ± 16.6 (3 months); 11.9; not clearly separated from placebo/healthy fluctuation range in 4/5 cases; 20.8 ± 5.5; 17.7 ± 10.9; 64.5 ± 6.0; 50.7 ± 10.1; 39 ± 23; 44 ± 14,feces,2009/2010,Netherlands,Metabolic syndrome,Metabolic syndrome,Species composition change above range of temporal variation (Euclidean distance); Higher single-site allelic variation in allogenic FMT vs placebo/healthy,FMT1; FMT2; FMT3; FMT4; FMT5; SELF1; SELF2; SELF3; SELF4; SELF5,Homo sapiens,ERR1297677,SAMEA3882532,Illumina HiSeq 2000,allogenic FMT / placebo (autologous) FMT / healthy control,FAT_015-22-84-0,metabolic syndrome,Fecal microbiota transplantation,"Cohort of 10 subjects: 5 allogenic FMT (from one of three lean donors), 5 autologous (placebo) FMT; 55 fecal metagenomes sequenced from FMT study; 164 total metagenomes across three study groups; Comparison cohort: 109 metagenomes from 48 healthy FMT-naive individuals including Human Microbiome Project data; 1105 detected prokaryotic species; 11.8 million variant positions identified; 42 species across five phyla used for confident SNV tracking; Subjects had not used antibiotics or other medication for at least 3 months before or during treatment"
27126044,No,3,Month,Donor-specific SNV retention (determinant positions); SNV assignment error rate; Proportion of acquired donor-specific species (allogenic FMT); Proportion of newly detected species (placebo); Proportion of newly detected species (healthy); Species shared between donor and recipient; Coexistence of donor and recipient strains (shared species); Species showing resistance to donor strains; Species showing donor-recipient strain coexistence,%; %; %; %; %; %; %; %; %,69.3 ± 21.8 (day 2); 37.6 ± 16.6 (3 months); 11.9; not clearly separated from placebo/healthy fluctuation range in 4/5 cases; 20.8 ± 5.5; 17.7 ± 10.9; 64.5 ± 6.0; 50.7 ± 10.1; 39 ± 23; 44 ± 14,feces,2009/2010,Netherlands,Metabolic syndrome,Metabolic syndrome,Species composition change above range of temporal variation (Euclidean distance); Higher single-site allelic variation in allogenic FMT vs placebo/healthy,FMT1; FMT2; FMT3; FMT4; FMT5; SELF1; SELF2; SELF3; SELF4; SELF5,Homo sapiens,ERR1297678,SAMEA3882557,Illumina HiSeq 2000,allogenic FMT / placebo (autologous) FMT / healthy control,FAT_DON_8-22-0-0,metabolic syndrome,Fecal microbiota transplantation,"Cohort of 10 subjects: 5 allogenic FMT (from one of three lean donors), 5 autologous (placebo) FMT; 55 fecal metagenomes sequenced from FMT study; 164 total metagenomes across three study groups; Comparison cohort: 109 metagenomes from 48 healthy FMT-naive individuals including Human Microbiome Project data; 1105 detected prokaryotic species; 11.8 million variant positions identified; 42 species across five phyla used for confident SNV tracking; Subjects had not used antibiotics or other medication for at least 3 months before or during treatment"
27126044,No,3,Month,Donor-specific SNV retention (determinant positions); SNV assignment error rate; Proportion of acquired donor-specific species (allogenic FMT); Proportion of newly detected species (placebo); Proportion of newly detected species (healthy); Species shared between donor and recipient; Coexistence of donor and recipient strains (shared species); Species showing resistance to donor strains; Species showing donor-recipient strain coexistence,%; %; %; %; %; %; %; %; %,69.3 ± 21.8 (day 2); 37.6 ± 16.6 (3 months); 11.9; not clearly separated from placebo/healthy fluctuation range in 4/5 cases; 20.8 ± 5.5; 17.7 ± 10.9; 64.5 ± 6.0; 50.7 ± 10.1; 39 ± 23; 44 ± 14,feces,2009/2010,Netherlands,Metabolic syndrome,Metabolic syndrome,Species composition change above range of temporal variation (Euclidean distance); Higher single-site allelic variation in allogenic FMT vs placebo/healthy,FMT1; FMT2; FMT3; FMT4; FMT5; SELF1; SELF2; SELF3; SELF4; SELF5,Homo sapiens,ERR1297686,SAMEA3882554,Illumina HiSeq 2000,allogenic FMT / placebo (autologous) FMT / healthy control,FAT_DON_11-22-0-5,metabolic syndrome,Fecal microbiota transplantation,"Cohort of 10 subjects: 5 allogenic FMT (from one of three lean donors), 5 autologous (placebo) FMT; 55 fecal metagenomes sequenced from FMT study; 164 total metagenomes across three study groups; Comparison cohort: 109 metagenomes from 48 healthy FMT-naive individuals including Human Microbiome Project data; 1105 detected prokaryotic species; 11.8 million variant positions identified; 42 species across five phyla used for confident SNV tracking; Subjects had not used antibiotics or other medication for at least 3 months before or during treatment"
27126044,No,3,Month,Donor-specific SNV retention (determinant positions); SNV assignment error rate; Proportion of acquired donor-specific species (allogenic FMT); Proportion of newly detected species (placebo); Proportion of newly detected species (healthy); Species shared between donor and recipient; Coexistence of donor and recipient strains (shared species); Species showing resistance to donor strains; Species showing donor-recipient strain coexistence,%; %; %; %; %; %; %; %; %,69.3 ± 21.8 (day 2); 37.6 ± 16.6 (3 months); 11.9; not clearly separated from placebo/healthy fluctuation range in 4/5 cases; 20.8 ± 5.5; 17.7 ± 10.9; 64.5 ± 6.0; 50.7 ± 10.1; 39 ± 23; 44 ± 14,feces,2009/2010,Netherlands,Metabolic syndrome,Metabolic syndrome,Species composition change above range of temporal variation (Euclidean distance); Higher single-site allelic variation in allogenic FMT vs placebo/healthy,FMT1; FMT2; FMT3; FMT4; FMT5; SELF1; SELF2; SELF3; SELF4; SELF5,Homo sapiens,ERR1297689,SAMEA3882521,Illumina HiSeq 2000,allogenic FMT / placebo (autologous) FMT / healthy control,FAT_012-22-42-0,metabolic syndrome,Fecal microbiota transplantation,"Cohort of 10 subjects: 5 allogenic FMT (from one of three lean donors), 5 autologous (placebo) FMT; 55 fecal metagenomes sequenced from FMT study; 164 total metagenomes across three study groups; Comparison cohort: 109 metagenomes from 48 healthy FMT-naive individuals including Human Microbiome Project data; 1105 detected prokaryotic species; 11.8 million variant positions identified; 42 species across five phyla used for confident SNV tracking; Subjects had not used antibiotics or other medication for at least 3 months before or during treatment"
27126044,No,3,Month,Donor-specific SNV retention (determinant positions); SNV assignment error rate; Proportion of acquired donor-specific species (allogenic FMT); Proportion of newly detected species (placebo); Proportion of newly detected species (healthy); Species shared between donor and recipient; Coexistence of donor and recipient strains (shared species); Species showing resistance to donor strains; Species showing donor-recipient strain coexistence,%; %; %; %; %; %; %; %; %,69.3 ± 21.8 (day 2); 37.6 ± 16.6 (3 months); 11.9; not clearly separated from placebo/healthy fluctuation range in 4/5 cases; 20.8 ± 5.5; 17.7 ± 10.9; 64.5 ± 6.0; 50.7 ± 10.1; 39 ± 23; 44 ± 14,feces,2009/2010,Netherlands,Metabolic syndrome,Metabolic syndrome,Species composition change above range of temporal variation (Euclidean distance); Higher single-site allelic variation in allogenic FMT vs placebo/healthy,FMT1; FMT2; FMT3; FMT4; FMT5; SELF1; SELF2; SELF3; SELF4; SELF5,Homo sapiens,ERR1297690,SAMEA3882510,Illumina HiSeq 2000,allogenic FMT / placebo (autologous) FMT / healthy control,FAT_008-22-2-0,metabolic syndrome,Fecal microbiota transplantation,"Cohort of 10 subjects: 5 allogenic FMT (from one of three lean donors), 5 autologous (placebo) FMT; 55 fecal metagenomes sequenced from FMT study; 164 total metagenomes across three study groups; Comparison cohort: 109 metagenomes from 48 healthy FMT-naive individuals including Human Microbiome Project data; 1105 detected prokaryotic species; 11.8 million variant positions identified; 42 species across five phyla used for confident SNV tracking; Subjects had not used antibiotics or other medication for at least 3 months before or during treatment"
27126044,No,3,Month,Donor-specific SNV retention (determinant positions); SNV assignment error rate; Proportion of acquired donor-specific species (allogenic FMT); Proportion of newly detected species (placebo); Proportion of newly detected species (healthy); Species shared between donor and recipient; Coexistence of donor and recipient strains (shared species); Species showing resistance to donor strains; Species showing donor-recipient strain coexistence,%; %; %; %; %; %; %; %; %,69.3 ± 21.8 (day 2); 37.6 ± 16.6 (3 months); 11.9; not clearly separated from placebo/healthy fluctuation range in 4/5 cases; 20.8 ± 5.5; 17.7 ± 10.9; 64.5 ± 6.0; 50.7 ± 10.1; 39 ± 23; 44 ± 14,feces,2009/2010,Netherlands,Metabolic syndrome,Metabolic syndrome,Species composition change above range of temporal variation (Euclidean distance); Higher single-site allelic variation in allogenic FMT vs placebo/healthy,FMT1; FMT2; FMT3; FMT4; FMT5; SELF1; SELF2; SELF3; SELF4; SELF5,Homo sapiens,ERR1297691,SAMEA3882528,Illumina HiSeq 2000,allogenic FMT / placebo (autologous) FMT / healthy control,FAT_015-22-0-0,metabolic syndrome,Fecal microbiota transplantation,"Cohort of 10 subjects: 5 allogenic FMT (from one of three lean donors), 5 autologous (placebo) FMT; 55 fecal metagenomes sequenced from FMT study; 164 total metagenomes across three study groups; Comparison cohort: 109 metagenomes from 48 healthy FMT-naive individuals including Human Microbiome Project data; 1105 detected prokaryotic species; 11.8 million variant positions identified; 42 species across five phyla used for confident SNV tracking; Subjects had not used antibiotics or other medication for at least 3 months before or during treatment"
27126044,No,3,Month,Donor-specific SNV retention (determinant positions); SNV assignment error rate; Proportion of acquired donor-specific species (allogenic FMT); Proportion of newly detected species (placebo); Proportion of newly detected species (healthy); Species shared between donor and recipient; Coexistence of donor and recipient strains (shared species); Species showing resistance to donor strains; Species showing donor-recipient strain coexistence,%; %; %; %; %; %; %; %; %,69.3 ± 21.8 (day 2); 37.6 ± 16.6 (3 months); 11.9; not clearly separated from placebo/healthy fluctuation range in 4/5 cases; 20.8 ± 5.5; 17.7 ± 10.9; 64.5 ± 6.0; 50.7 ± 10.1; 39 ± 23; 44 ± 14,feces,2009/2010,Netherlands,Metabolic syndrome,Metabolic syndrome,Species composition change above range of temporal variation (Euclidean distance); Higher single-site allelic variation in allogenic FMT vs placebo/healthy,FMT1; FMT2; FMT3; FMT4; FMT5; SELF1; SELF2; SELF3; SELF4; SELF5,Homo sapiens,ERR1297692,SAMEA3882541,Illumina HiSeq 2000,allogenic FMT / placebo (autologous) FMT / healthy control,FAT_020-22-42-0,metabolic syndrome,Fecal microbiota transplantation,"Cohort of 10 subjects: 5 allogenic FMT (from one of three lean donors), 5 autologous (placebo) FMT; 55 fecal metagenomes sequenced from FMT study; 164 total metagenomes across three study groups; Comparison cohort: 109 metagenomes from 48 healthy FMT-naive individuals including Human Microbiome Project data; 1105 detected prokaryotic species; 11.8 million variant positions identified; 42 species across five phyla used for confident SNV tracking; Subjects had not used antibiotics or other medication for at least 3 months before or during treatment"
27126044,No,3,Month,Donor-specific SNV retention (determinant positions); SNV assignment error rate; Proportion of acquired donor-specific species (allogenic FMT); Proportion of newly detected species (placebo); Proportion of newly detected species (healthy); Species shared between donor and recipient; Coexistence of donor and recipient strains (shared species); Species showing resistance to donor strains; Species showing donor-recipient strain coexistence,%; %; %; %; %; %; %; %; %,69.3 ± 21.8 (day 2); 37.6 ± 16.6 (3 months); 11.9; not clearly separated from placebo/healthy fluctuation range in 4/5 cases; 20.8 ± 5.5; 17.7 ± 10.9; 64.5 ± 6.0; 50.7 ± 10.1; 39 ± 23; 44 ± 14,feces,2009/2010,Netherlands,Metabolic syndrome,Metabolic syndrome,Species composition change above range of temporal variation (Euclidean distance); Higher single-site allelic variation in allogenic FMT vs placebo/healthy,FMT1; FMT2; FMT3; FMT4; FMT5; SELF1; SELF2; SELF3; SELF4; SELF5,Homo sapiens,ERR1297695,SAMEA3882533,Illumina HiSeq 2000,allogenic FMT / placebo (autologous) FMT / healthy control,FAT_017-22-0-0,metabolic syndrome,Fecal microbiota transplantation,"Cohort of 10 subjects: 5 allogenic FMT (from one of three lean donors), 5 autologous (placebo) FMT; 55 fecal metagenomes sequenced from FMT study; 164 total metagenomes across three study groups; Comparison cohort: 109 metagenomes from 48 healthy FMT-naive individuals including Human Microbiome Project data; 1105 detected prokaryotic species; 11.8 million variant positions identified; 42 species across five phyla used for confident SNV tracking; Subjects had not used antibiotics or other medication for at least 3 months before or during treatment"
27126044,No,3,Month,Donor-specific SNV retention (determinant positions); SNV assignment error rate; Proportion of acquired donor-specific species (allogenic FMT); Proportion of newly detected species (placebo); Proportion of newly detected species (healthy); Species shared between donor and recipient; Coexistence of donor and recipient strains (shared species); Species showing resistance to donor strains; Species showing donor-recipient strain coexistence,%; %; %; %; %; %; %; %; %,69.3 ± 21.8 (day 2); 37.6 ± 16.6 (3 months); 11.9; not clearly separated from placebo/healthy fluctuation range in 4/5 cases; 20.8 ± 5.5; 17.7 ± 10.9; 64.5 ± 6.0; 50.7 ± 10.1; 39 ± 23; 44 ± 14,feces,2009/2010,Netherlands,Metabolic syndrome,Metabolic syndrome,Species composition change above range of temporal variation (Euclidean distance); Higher single-site allelic variation in allogenic FMT vs placebo/healthy,FMT1; FMT2; FMT3; FMT4; FMT5; SELF1; SELF2; SELF3; SELF4; SELF5,Homo sapiens,ERR1297699,SAMEA3882539,Illumina HiSeq 2000,allogenic FMT / placebo (autologous) FMT / healthy control,FAT_020-22-14-0,metabolic syndrome,Fecal microbiota transplantation,"Cohort of 10 subjects: 5 allogenic FMT (from one of three lean donors), 5 autologous (placebo) FMT; 55 fecal metagenomes sequenced from FMT study; 164 total metagenomes across three study groups; Comparison cohort: 109 metagenomes from 48 healthy FMT-naive individuals including Human Microbiome Project data; 1105 detected prokaryotic species; 11.8 million variant positions identified; 42 species across five phyla used for confident SNV tracking; Subjects had not used antibiotics or other medication for at least 3 months before or during treatment"
27126044,No,3,Month,Donor-specific SNV retention (determinant positions); SNV assignment error rate; Proportion of acquired donor-specific species (allogenic FMT); Proportion of newly detected species (placebo); Proportion of newly detected species (healthy); Species shared between donor and recipient; Coexistence of donor and recipient strains (shared species); Species showing resistance to donor strains; Species showing donor-recipient strain coexistence,%; %; %; %; %; %; %; %; %,69.3 ± 21.8 (day 2); 37.6 ± 16.6 (3 months); 11.9; not clearly separated from placebo/healthy fluctuation range in 4/5 cases; 20.8 ± 5.5; 17.7 ± 10.9; 64.5 ± 6.0; 50.7 ± 10.1; 39 ± 23; 44 ± 14,feces,2009/2010,Netherlands,Metabolic syndrome,Metabolic syndrome,Species composition change above range of temporal variation (Euclidean distance); Higher single-site allelic variation in allogenic FMT vs placebo/healthy,FMT1; FMT2; FMT3; FMT4; FMT5; SELF1; SELF2; SELF3; SELF4; SELF5,Homo sapiens,ERR1297700,SAMEA3882546,Illumina HiSeq 2000,allogenic FMT / placebo (autologous) FMT / healthy control,FAT_023-22-42-0,metabolic syndrome,Fecal microbiota transplantation,"Cohort of 10 subjects: 5 allogenic FMT (from one of three lean donors), 5 autologous (placebo) FMT; 55 fecal metagenomes sequenced from FMT study; 164 total metagenomes across three study groups; Comparison cohort: 109 metagenomes from 48 healthy FMT-naive individuals including Human Microbiome Project data; 1105 detected prokaryotic species; 11.8 million variant positions identified; 42 species across five phyla used for confident SNV tracking; Subjects had not used antibiotics or other medication for at least 3 months before or during treatment"
27126044,No,3,Month,Donor-specific SNV retention (determinant positions); SNV assignment error rate; Proportion of acquired donor-specific species (allogenic FMT); Proportion of newly detected species (placebo); Proportion of newly detected species (healthy); Species shared between donor and recipient; Coexistence of donor and recipient strains (shared species); Species showing resistance to donor strains; Species showing donor-recipient strain coexistence,%; %; %; %; %; %; %; %; %,69.3 ± 21.8 (day 2); 37.6 ± 16.6 (3 months); 11.9; not clearly separated from placebo/healthy fluctuation range in 4/5 cases; 20.8 ± 5.5; 17.7 ± 10.9; 64.5 ± 6.0; 50.7 ± 10.1; 39 ± 23; 44 ± 14,feces,2009/2010,Netherlands,Metabolic syndrome,Metabolic syndrome,Species composition change above range of temporal variation (Euclidean distance); Higher single-site allelic variation in allogenic FMT vs placebo/healthy,FMT1; FMT2; FMT3; FMT4; FMT5; SELF1; SELF2; SELF3; SELF4; SELF5,Homo sapiens,ERR1297702,SAMEA3882517,Illumina HiSeq 2000,allogenic FMT / placebo (autologous) FMT / healthy control,FAT_010-22-84-0,metabolic syndrome,Fecal microbiota transplantation,"Cohort of 10 subjects: 5 allogenic FMT (from one of three lean donors), 5 autologous (placebo) FMT; 55 fecal metagenomes sequenced from FMT study; 164 total metagenomes across three study groups; Comparison cohort: 109 metagenomes from 48 healthy FMT-naive individuals including Human Microbiome Project data; 1105 detected prokaryotic species; 11.8 million variant positions identified; 42 species across five phyla used for confident SNV tracking; Subjects had not used antibiotics or other medication for at least 3 months before or during treatment"
27126044,No,3,Month,Donor-specific SNV retention (determinant positions); SNV assignment error rate; Proportion of acquired donor-specific species (allogenic FMT); Proportion of newly detected species (placebo); Proportion of newly detected species (healthy); Species shared between donor and recipient; Coexistence of donor and recipient strains (shared species); Species showing resistance to donor strains; Species showing donor-recipient strain coexistence,%; %; %; %; %; %; %; %; %,69.3 ± 21.8 (day 2); 37.6 ± 16.6 (3 months); 11.9; not clearly separated from placebo/healthy fluctuation range in 4/5 cases; 20.8 ± 5.5; 17.7 ± 10.9; 64.5 ± 6.0; 50.7 ± 10.1; 39 ± 23; 44 ± 14,feces,2009/2010,Netherlands,Metabolic syndrome,Metabolic syndrome,Species composition change above range of temporal variation (Euclidean distance); Higher single-site allelic variation in allogenic FMT vs placebo/healthy,FMT1; FMT2; FMT3; FMT4; FMT5; SELF1; SELF2; SELF3; SELF4; SELF5,Homo sapiens,ERR1297703,SAMEA3882544,Illumina HiSeq 2000,allogenic FMT / placebo (autologous) FMT / healthy control,FAT_023-22-14-0,metabolic syndrome,Fecal microbiota transplantation,"Cohort of 10 subjects: 5 allogenic FMT (from one of three lean donors), 5 autologous (placebo) FMT; 55 fecal metagenomes sequenced from FMT study; 164 total metagenomes across three study groups; Comparison cohort: 109 metagenomes from 48 healthy FMT-naive individuals including Human Microbiome Project data; 1105 detected prokaryotic species; 11.8 million variant positions identified; 42 species across five phyla used for confident SNV tracking; Subjects had not used antibiotics or other medication for at least 3 months before or during treatment"
27126044,No,3,Month,Donor-specific SNV retention (determinant positions); SNV assignment error rate; Proportion of acquired donor-specific species (allogenic FMT); Proportion of newly detected species (placebo); Proportion of newly detected species (healthy); Species shared between donor and recipient; Coexistence of donor and recipient strains (shared species); Species showing resistance to donor strains; Species showing donor-recipient strain coexistence,%; %; %; %; %; %; %; %; %,69.3 ± 21.8 (day 2); 37.6 ± 16.6 (3 months); 11.9; not clearly separated from placebo/healthy fluctuation range in 4/5 cases; 20.8 ± 5.5; 17.7 ± 10.9; 64.5 ± 6.0; 50.7 ± 10.1; 39 ± 23; 44 ± 14,feces,2009/2010,Netherlands,Metabolic syndrome,Metabolic syndrome,Species composition change above range of temporal variation (Euclidean distance); Higher single-site allelic variation in allogenic FMT vs placebo/healthy,FMT1; FMT2; FMT3; FMT4; FMT5; SELF1; SELF2; SELF3; SELF4; SELF5,Homo sapiens,ERR1297704,SAMEA3882537,Illumina HiSeq 2000,allogenic FMT / placebo (autologous) FMT / healthy control,FAT_017-22-84-0,metabolic syndrome,Fecal microbiota transplantation,"Cohort of 10 subjects: 5 allogenic FMT (from one of three lean donors), 5 autologous (placebo) FMT; 55 fecal metagenomes sequenced from FMT study; 164 total metagenomes across three study groups; Comparison cohort: 109 metagenomes from 48 healthy FMT-naive individuals including Human Microbiome Project data; 1105 detected prokaryotic species; 11.8 million variant positions identified; 42 species across five phyla used for confident SNV tracking; Subjects had not used antibiotics or other medication for at least 3 months before or during treatment"
27126044,No,3,Month,Donor-specific SNV retention (determinant positions); SNV assignment error rate; Proportion of acquired donor-specific species (allogenic FMT); Proportion of newly detected species (placebo); Proportion of newly detected species (healthy); Species shared between donor and recipient; Coexistence of donor and recipient strains (shared species); Species showing resistance to donor strains; Species showing donor-recipient strain coexistence,%; %; %; %; %; %; %; %; %,69.3 ± 21.8 (day 2); 37.6 ± 16.6 (3 months); 11.9; not clearly separated from placebo/healthy fluctuation range in 4/5 cases; 20.8 ± 5.5; 17.7 ± 10.9; 64.5 ± 6.0; 50.7 ± 10.1; 39 ± 23; 44 ± 14,feces,2009/2010,Netherlands,Metabolic syndrome,Metabolic syndrome,Species composition change above range of temporal variation (Euclidean distance); Higher single-site allelic variation in allogenic FMT vs placebo/healthy,FMT1; FMT2; FMT3; FMT4; FMT5; SELF1; SELF2; SELF3; SELF4; SELF5,Homo sapiens,ERR1297705,SAMEA3882509,Illumina HiSeq 2000,allogenic FMT / placebo (autologous) FMT / healthy control,FAT_008-22-14-0,metabolic syndrome,Fecal microbiota transplantation,"Cohort of 10 subjects: 5 allogenic FMT (from one of three lean donors), 5 autologous (placebo) FMT; 55 fecal metagenomes sequenced from FMT study; 164 total metagenomes across three study groups; Comparison cohort: 109 metagenomes from 48 healthy FMT-naive individuals including Human Microbiome Project data; 1105 detected prokaryotic species; 11.8 million variant positions identified; 42 species across five phyla used for confident SNV tracking; Subjects had not used antibiotics or other medication for at least 3 months before or during treatment"
27126044,No,3,Month,Donor-specific SNV retention (determinant positions); SNV assignment error rate; Proportion of acquired donor-specific species (allogenic FMT); Proportion of newly detected species (placebo); Proportion of newly detected species (healthy); Species shared between donor and recipient; Coexistence of donor and recipient strains (shared species); Species showing resistance to donor strains; Species showing donor-recipient strain coexistence,%; %; %; %; %; %; %; %; %,69.3 ± 21.8 (day 2); 37.6 ± 16.6 (3 months); 11.9; not clearly separated from placebo/healthy fluctuation range in 4/5 cases; 20.8 ± 5.5; 17.7 ± 10.9; 64.5 ± 6.0; 50.7 ± 10.1; 39 ± 23; 44 ± 14,feces,2009/2010,Netherlands,Metabolic syndrome,Metabolic syndrome,Species composition change above range of temporal variation (Euclidean distance); Higher single-site allelic variation in allogenic FMT vs placebo/healthy,FMT1; FMT2; FMT3; FMT4; FMT5; SELF1; SELF2; SELF3; SELF4; SELF5,Homo sapiens,ERR1297710,SAMEA3882506,Illumina HiSeq 2000,allogenic FMT / placebo (autologous) FMT / healthy control,FAT_006-22-42-0,metabolic syndrome,Fecal microbiota transplantation,"Cohort of 10 subjects: 5 allogenic FMT (from one of three lean donors), 5 autologous (placebo) FMT; 55 fecal metagenomes sequenced from FMT study; 164 total metagenomes across three study groups; Comparison cohort: 109 metagenomes from 48 healthy FMT-naive individuals including Human Microbiome Project data; 1105 detected prokaryotic species; 11.8 million variant positions identified; 42 species across five phyla used for confident SNV tracking; Subjects had not used antibiotics or other medication for at least 3 months before or during treatment"
27126044,No,3,Month,Donor-specific SNV retention (determinant positions); SNV assignment error rate; Proportion of acquired donor-specific species (allogenic FMT); Proportion of newly detected species (placebo); Proportion of newly detected species (healthy); Species shared between donor and recipient; Coexistence of donor and recipient strains (shared species); Species showing resistance to donor strains; Species showing donor-recipient strain coexistence,%; %; %; %; %; %; %; %; %,69.3 ± 21.8 (day 2); 37.6 ± 16.6 (3 months); 11.9; not clearly separated from placebo/healthy fluctuation range in 4/5 cases; 20.8 ± 5.5; 17.7 ± 10.9; 64.5 ± 6.0; 50.7 ± 10.1; 39 ± 23; 44 ± 14,feces,2009/2010,Netherlands,Metabolic syndrome,Metabolic syndrome,Species composition change above range of temporal variation (Euclidean distance); Higher single-site allelic variation in allogenic FMT vs placebo/healthy,FMT1; FMT2; FMT3; FMT4; FMT5; SELF1; SELF2; SELF3; SELF4; SELF5,Homo sapiens,ERR1297712,SAMEA3882541,Illumina HiSeq 2000,allogenic FMT / placebo (autologous) FMT / healthy control,FAT_020-22-42-0,metabolic syndrome,Fecal microbiota transplantation,"Cohort of 10 subjects: 5 allogenic FMT (from one of three lean donors), 5 autologous (placebo) FMT; 55 fecal metagenomes sequenced from FMT study; 164 total metagenomes across three study groups; Comparison cohort: 109 metagenomes from 48 healthy FMT-naive individuals including Human Microbiome Project data; 1105 detected prokaryotic species; 11.8 million variant positions identified; 42 species across five phyla used for confident SNV tracking; Subjects had not used antibiotics or other medication for at least 3 months before or during treatment"
27126044,No,3,Month,Donor-specific SNV retention (determinant positions); SNV assignment error rate; Proportion of acquired donor-specific species (allogenic FMT); Proportion of newly detected species (placebo); Proportion of newly detected species (healthy); Species shared between donor and recipient; Coexistence of donor and recipient strains (shared species); Species showing resistance to donor strains; Species showing donor-recipient strain coexistence,%; %; %; %; %; %; %; %; %,69.3 ± 21.8 (day 2); 37.6 ± 16.6 (3 months); 11.9; not clearly separated from placebo/healthy fluctuation range in 4/5 cases; 20.8 ± 5.5; 17.7 ± 10.9; 64.5 ± 6.0; 50.7 ± 10.1; 39 ± 23; 44 ± 14,feces,2009/2010,Netherlands,Metabolic syndrome,Metabolic syndrome,Species composition change above range of temporal variation (Euclidean distance); Higher single-site allelic variation in allogenic FMT vs placebo/healthy,FMT1; FMT2; FMT3; FMT4; FMT5; SELF1; SELF2; SELF3; SELF4; SELF5,Homo sapiens,ERR1297713,SAMEA3882545,Illumina HiSeq 2000,allogenic FMT / placebo (autologous) FMT / healthy control,FAT_023-22-2-0,metabolic syndrome,Fecal microbiota transplantation,"Cohort of 10 subjects: 5 allogenic FMT (from one of three lean donors), 5 autologous (placebo) FMT; 55 fecal metagenomes sequenced from FMT study; 164 total metagenomes across three study groups; Comparison cohort: 109 metagenomes from 48 healthy FMT-naive individuals including Human Microbiome Project data; 1105 detected prokaryotic species; 11.8 million variant positions identified; 42 species across five phyla used for confident SNV tracking; Subjects had not used antibiotics or other medication for at least 3 months before or during treatment"
27126044,No,3,Month,Donor-specific SNV retention (determinant positions); SNV assignment error rate; Proportion of acquired donor-specific species (allogenic FMT); Proportion of newly detected species (placebo); Proportion of newly detected species (healthy); Species shared between donor and recipient; Coexistence of donor and recipient strains (shared species); Species showing resistance to donor strains; Species showing donor-recipient strain coexistence,%; %; %; %; %; %; %; %; %,69.3 ± 21.8 (day 2); 37.6 ± 16.6 (3 months); 11.9; not clearly separated from placebo/healthy fluctuation range in 4/5 cases; 20.8 ± 5.5; 17.7 ± 10.9; 64.5 ± 6.0; 50.7 ± 10.1; 39 ± 23; 44 ± 14,feces,2009/2010,Netherlands,Metabolic syndrome,Metabolic syndrome,Species composition change above range of temporal variation (Euclidean distance); Higher single-site allelic variation in allogenic FMT vs placebo/healthy,FMT1; FMT2; FMT3; FMT4; FMT5; SELF1; SELF2; SELF3; SELF4; SELF5,Homo sapiens,ERR1297716,SAMEA3882526,Illumina HiSeq 2000,allogenic FMT / placebo (autologous) FMT / healthy control,FAT_014-22-42-0,metabolic syndrome,Fecal microbiota transplantation,"Cohort of 10 subjects: 5 allogenic FMT (from one of three lean donors), 5 autologous (placebo) FMT; 55 fecal metagenomes sequenced from FMT study; 164 total metagenomes across three study groups; Comparison cohort: 109 metagenomes from 48 healthy FMT-naive individuals including Human Microbiome Project data; 1105 detected prokaryotic species; 11.8 million variant positions identified; 42 species across five phyla used for confident SNV tracking; Subjects had not used antibiotics or other medication for at least 3 months before or during treatment"
27126044,No,3,Month,Donor-specific SNV retention (determinant positions); SNV assignment error rate; Proportion of acquired donor-specific species (allogenic FMT); Proportion of newly detected species (placebo); Proportion of newly detected species (healthy); Species shared between donor and recipient; Coexistence of donor and recipient strains (shared species); Species showing resistance to donor strains; Species showing donor-recipient strain coexistence,%; %; %; %; %; %; %; %; %,69.3 ± 21.8 (day 2); 37.6 ± 16.6 (3 months); 11.9; not clearly separated from placebo/healthy fluctuation range in 4/5 cases; 20.8 ± 5.5; 17.7 ± 10.9; 64.5 ± 6.0; 50.7 ± 10.1; 39 ± 23; 44 ± 14,feces,2009/2010,Netherlands,Metabolic syndrome,Metabolic syndrome,Species composition change above range of temporal variation (Euclidean distance); Higher single-site allelic variation in allogenic FMT vs placebo/healthy,FMT1; FMT2; FMT3; FMT4; FMT5; SELF1; SELF2; SELF3; SELF4; SELF5,Homo sapiens,ERR1297719,SAMEA3882527,Illumina HiSeq 2000,allogenic FMT / placebo (autologous) FMT / healthy control,FAT_014-22-84-0,metabolic syndrome,Fecal microbiota transplantation,"Cohort of 10 subjects: 5 allogenic FMT (from one of three lean donors), 5 autologous (placebo) FMT; 55 fecal metagenomes sequenced from FMT study; 164 total metagenomes across three study groups; Comparison cohort: 109 metagenomes from 48 healthy FMT-naive individuals including Human Microbiome Project data; 1105 detected prokaryotic species; 11.8 million variant positions identified; 42 species across five phyla used for confident SNV tracking; Subjects had not used antibiotics or other medication for at least 3 months before or during treatment"
27126044,No,3,Month,Donor-specific SNV retention (determinant positions); SNV assignment error rate; Proportion of acquired donor-specific species (allogenic FMT); Proportion of newly detected species (placebo); Proportion of newly detected species (healthy); Species shared between donor and recipient; Coexistence of donor and recipient strains (shared species); Species showing resistance to donor strains; Species showing donor-recipient strain coexistence,%; %; %; %; %; %; %; %; %,69.3 ± 21.8 (day 2); 37.6 ± 16.6 (3 months); 11.9; not clearly separated from placebo/healthy fluctuation range in 4/5 cases; 20.8 ± 5.5; 17.7 ± 10.9; 64.5 ± 6.0; 50.7 ± 10.1; 39 ± 23; 44 ± 14,feces,2009/2010,Netherlands,Metabolic syndrome,Metabolic syndrome,Species composition change above range of temporal variation (Euclidean distance); Higher single-site allelic variation in allogenic FMT vs placebo/healthy,FMT1; FMT2; FMT3; FMT4; FMT5; SELF1; SELF2; SELF3; SELF4; SELF5,Homo sapiens,ERR1297728,SAMEA3882540,Illumina HiSeq 2000,allogenic FMT / placebo (autologous) FMT / healthy control,FAT_020-22-2-0,metabolic syndrome,Fecal microbiota transplantation,"Cohort of 10 subjects: 5 allogenic FMT (from one of three lean donors), 5 autologous (placebo) FMT; 55 fecal metagenomes sequenced from FMT study; 164 total metagenomes across three study groups; Comparison cohort: 109 metagenomes from 48 healthy FMT-naive individuals including Human Microbiome Project data; 1105 detected prokaryotic species; 11.8 million variant positions identified; 42 species across five phyla used for confident SNV tracking; Subjects had not used antibiotics or other medication for at least 3 months before or during treatment"
27126044,No,3,Month,Donor-specific SNV retention (determinant positions); SNV assignment error rate; Proportion of acquired donor-specific species (allogenic FMT); Proportion of newly detected species (placebo); Proportion of newly detected species (healthy); Species shared between donor and recipient; Coexistence of donor and recipient strains (shared species); Species showing resistance to donor strains; Species showing donor-recipient strain coexistence,%; %; %; %; %; %; %; %; %,69.3 ± 21.8 (day 2); 37.6 ± 16.6 (3 months); 11.9; not clearly separated from placebo/healthy fluctuation range in 4/5 cases; 20.8 ± 5.5; 17.7 ± 10.9; 64.5 ± 6.0; 50.7 ± 10.1; 39 ± 23; 44 ± 14,feces,2009/2010,Netherlands,Metabolic syndrome,Metabolic syndrome,Species composition change above range of temporal variation (Euclidean distance); Higher single-site allelic variation in allogenic FMT vs placebo/healthy,FMT1; FMT2; FMT3; FMT4; FMT5; SELF1; SELF2; SELF3; SELF4; SELF5,Homo sapiens,ERR1297731,SAMEA3882512,Illumina HiSeq 2000,allogenic FMT / placebo (autologous) FMT / healthy control,FAT_008-22-84-0,metabolic syndrome,Fecal microbiota transplantation,"Cohort of 10 subjects: 5 allogenic FMT (from one of three lean donors), 5 autologous (placebo) FMT; 55 fecal metagenomes sequenced from FMT study; 164 total metagenomes across three study groups; Comparison cohort: 109 metagenomes from 48 healthy FMT-naive individuals including Human Microbiome Project data; 1105 detected prokaryotic species; 11.8 million variant positions identified; 42 species across five phyla used for confident SNV tracking; Subjects had not used antibiotics or other medication for at least 3 months before or during treatment"
27126044,No,3,Month,Donor-specific SNV retention (determinant positions); SNV assignment error rate; Proportion of acquired donor-specific species (allogenic FMT); Proportion of newly detected species (placebo); Proportion of newly detected species (healthy); Species shared between donor and recipient; Coexistence of donor and recipient strains (shared species); Species showing resistance to donor strains; Species showing donor-recipient strain coexistence,%; %; %; %; %; %; %; %; %,69.3 ± 21.8 (day 2); 37.6 ± 16.6 (3 months); 11.9; not clearly separated from placebo/healthy fluctuation range in 4/5 cases; 20.8 ± 5.5; 17.7 ± 10.9; 64.5 ± 6.0; 50.7 ± 10.1; 39 ± 23; 44 ± 14,feces,2009/2010,Netherlands,Metabolic syndrome,Metabolic syndrome,Species composition change above range of temporal variation (Euclidean distance); Higher single-site allelic variation in allogenic FMT vs placebo/healthy,FMT1; FMT2; FMT3; FMT4; FMT5; SELF1; SELF2; SELF3; SELF4; SELF5,Homo sapiens,ERR1297732,SAMEA3882514,Illumina HiSeq 2000,allogenic FMT / placebo (autologous) FMT / healthy control,FAT_010-22-14-0,metabolic syndrome,Fecal microbiota transplantation,"Cohort of 10 subjects: 5 allogenic FMT (from one of three lean donors), 5 autologous (placebo) FMT; 55 fecal metagenomes sequenced from FMT study; 164 total metagenomes across three study groups; Comparison cohort: 109 metagenomes from 48 healthy FMT-naive individuals including Human Microbiome Project data; 1105 detected prokaryotic species; 11.8 million variant positions identified; 42 species across five phyla used for confident SNV tracking; Subjects had not used antibiotics or other medication for at least 3 months before or during treatment"
27126044,No,3,Month,Donor-specific SNV retention (determinant positions); SNV assignment error rate; Proportion of acquired donor-specific species (allogenic FMT); Proportion of newly detected species (placebo); Proportion of newly detected species (healthy); Species shared between donor and recipient; Coexistence of donor and recipient strains (shared species); Species showing resistance to donor strains; Species showing donor-recipient strain coexistence,%; %; %; %; %; %; %; %; %,69.3 ± 21.8 (day 2); 37.6 ± 16.6 (3 months); 11.9; not clearly separated from placebo/healthy fluctuation range in 4/5 cases; 20.8 ± 5.5; 17.7 ± 10.9; 64.5 ± 6.0; 50.7 ± 10.1; 39 ± 23; 44 ± 14,feces,2009/2010,Netherlands,Metabolic syndrome,Metabolic syndrome,Species composition change above range of temporal variation (Euclidean distance); Higher single-site allelic variation in allogenic FMT vs placebo/healthy,FMT1; FMT2; FMT3; FMT4; FMT5; SELF1; SELF2; SELF3; SELF4; SELF5,Homo sapiens,ERR1297737,SAMEA3882538,Illumina HiSeq 2000,allogenic FMT / placebo (autologous) FMT / healthy control,FAT_020-22-0-0,metabolic syndrome,Fecal microbiota transplantation,"Cohort of 10 subjects: 5 allogenic FMT (from one of three lean donors), 5 autologous (placebo) FMT; 55 fecal metagenomes sequenced from FMT study; 164 total metagenomes across three study groups; Comparison cohort: 109 metagenomes from 48 healthy FMT-naive individuals including Human Microbiome Project data; 1105 detected prokaryotic species; 11.8 million variant positions identified; 42 species across five phyla used for confident SNV tracking; Subjects had not used antibiotics or other medication for at least 3 months before or during treatment"
27126044,No,3,Month,Donor-specific SNV retention (determinant positions); SNV assignment error rate; Proportion of acquired donor-specific species (allogenic FMT); Proportion of newly detected species (placebo); Proportion of newly detected species (healthy); Species shared between donor and recipient; Coexistence of donor and recipient strains (shared species); Species showing resistance to donor strains; Species showing donor-recipient strain coexistence,%; %; %; %; %; %; %; %; %,69.3 ± 21.8 (day 2); 37.6 ± 16.6 (3 months); 11.9; not clearly separated from placebo/healthy fluctuation range in 4/5 cases; 20.8 ± 5.5; 17.7 ± 10.9; 64.5 ± 6.0; 50.7 ± 10.1; 39 ± 23; 44 ± 14,feces,2009/2010,Netherlands,Metabolic syndrome,Metabolic syndrome,Species composition change above range of temporal variation (Euclidean distance); Higher single-site allelic variation in allogenic FMT vs placebo/healthy,FMT1; FMT2; FMT3; FMT4; FMT5; SELF1; SELF2; SELF3; SELF4; SELF5,Homo sapiens,ERR1297741,SAMEA3882548,Illumina HiSeq 2000,allogenic FMT / placebo (autologous) FMT / healthy control,FAT_024-22-0-0,metabolic syndrome,Fecal microbiota transplantation,"Cohort of 10 subjects: 5 allogenic FMT (from one of three lean donors), 5 autologous (placebo) FMT; 55 fecal metagenomes sequenced from FMT study; 164 total metagenomes across three study groups; Comparison cohort: 109 metagenomes from 48 healthy FMT-naive individuals including Human Microbiome Project data; 1105 detected prokaryotic species; 11.8 million variant positions identified; 42 species across five phyla used for confident SNV tracking; Subjects had not used antibiotics or other medication for at least 3 months before or during treatment"
27126044,No,3,Month,Donor-specific SNV retention (determinant positions); SNV assignment error rate; Proportion of acquired donor-specific species (allogenic FMT); Proportion of newly detected species (placebo); Proportion of newly detected species (healthy); Species shared between donor and recipient; Coexistence of donor and recipient strains (shared species); Species showing resistance to donor strains; Species showing donor-recipient strain coexistence,%; %; %; %; %; %; %; %; %,69.3 ± 21.8 (day 2); 37.6 ± 16.6 (3 months); 11.9; not clearly separated from placebo/healthy fluctuation range in 4/5 cases; 20.8 ± 5.5; 17.7 ± 10.9; 64.5 ± 6.0; 50.7 ± 10.1; 39 ± 23; 44 ± 14,feces,2009/2010,Netherlands,Metabolic syndrome,Metabolic syndrome,Species composition change above range of temporal variation (Euclidean distance); Higher single-site allelic variation in allogenic FMT vs placebo/healthy,FMT1; FMT2; FMT3; FMT4; FMT5; SELF1; SELF2; SELF3; SELF4; SELF5,Homo sapiens,ERR1297745,SAMEA3882516,Illumina HiSeq 2000,allogenic FMT / placebo (autologous) FMT / healthy control,FAT_010-22-42-0,metabolic syndrome,Fecal microbiota transplantation,"Cohort of 10 subjects: 5 allogenic FMT (from one of three lean donors), 5 autologous (placebo) FMT; 55 fecal metagenomes sequenced from FMT study; 164 total metagenomes across three study groups; Comparison cohort: 109 metagenomes from 48 healthy FMT-naive individuals including Human Microbiome Project data; 1105 detected prokaryotic species; 11.8 million variant positions identified; 42 species across five phyla used for confident SNV tracking; Subjects had not used antibiotics or other medication for at least 3 months before or during treatment"
27126044,No,3,Month,Donor-specific SNV retention (determinant positions); SNV assignment error rate; Proportion of acquired donor-specific species (allogenic FMT); Proportion of newly detected species (placebo); Proportion of newly detected species (healthy); Species shared between donor and recipient; Coexistence of donor and recipient strains (shared species); Species showing resistance to donor strains; Species showing donor-recipient strain coexistence,%; %; %; %; %; %; %; %; %,69.3 ± 21.8 (day 2); 37.6 ± 16.6 (3 months); 11.9; not clearly separated from placebo/healthy fluctuation range in 4/5 cases; 20.8 ± 5.5; 17.7 ± 10.9; 64.5 ± 6.0; 50.7 ± 10.1; 39 ± 23; 44 ± 14,feces,2009/2010,Netherlands,Metabolic syndrome,Metabolic syndrome,Species composition change above range of temporal variation (Euclidean distance); Higher single-site allelic variation in allogenic FMT vs placebo/healthy,FMT1; FMT2; FMT3; FMT4; FMT5; SELF1; SELF2; SELF3; SELF4; SELF5,Homo sapiens,ERR1297746,SAMEA3882540,Illumina HiSeq 2000,allogenic FMT / placebo (autologous) FMT / healthy control,FAT_020-22-2-0,metabolic syndrome,Fecal microbiota transplantation,"Cohort of 10 subjects: 5 allogenic FMT (from one of three lean donors), 5 autologous (placebo) FMT; 55 fecal metagenomes sequenced from FMT study; 164 total metagenomes across three study groups; Comparison cohort: 109 metagenomes from 48 healthy FMT-naive individuals including Human Microbiome Project data; 1105 detected prokaryotic species; 11.8 million variant positions identified; 42 species across five phyla used for confident SNV tracking; Subjects had not used antibiotics or other medication for at least 3 months before or during treatment"
27126044,No,3,Month,Donor-specific SNV retention (determinant positions); SNV assignment error rate; Proportion of acquired donor-specific species (allogenic FMT); Proportion of newly detected species (placebo); Proportion of newly detected species (healthy); Species shared between donor and recipient; Coexistence of donor and recipient strains (shared species); Species showing resistance to donor strains; Species showing donor-recipient strain coexistence,%; %; %; %; %; %; %; %; %,69.3 ± 21.8 (day 2); 37.6 ± 16.6 (3 months); 11.9; not clearly separated from placebo/healthy fluctuation range in 4/5 cases; 20.8 ± 5.5; 17.7 ± 10.9; 64.5 ± 6.0; 50.7 ± 10.1; 39 ± 23; 44 ± 14,feces,2009/2010,Netherlands,Metabolic syndrome,Metabolic syndrome,Species composition change above range of temporal variation (Euclidean distance); Higher single-site allelic variation in allogenic FMT vs placebo/healthy,FMT1; FMT2; FMT3; FMT4; FMT5; SELF1; SELF2; SELF3; SELF4; SELF5,Homo sapiens,ERR1297747,SAMEA3882514,Illumina HiSeq 2000,allogenic FMT / placebo (autologous) FMT / healthy control,FAT_010-22-14-0,metabolic syndrome,Fecal microbiota transplantation,"Cohort of 10 subjects: 5 allogenic FMT (from one of three lean donors), 5 autologous (placebo) FMT; 55 fecal metagenomes sequenced from FMT study; 164 total metagenomes across three study groups; Comparison cohort: 109 metagenomes from 48 healthy FMT-naive individuals including Human Microbiome Project data; 1105 detected prokaryotic species; 11.8 million variant positions identified; 42 species across five phyla used for confident SNV tracking; Subjects had not used antibiotics or other medication for at least 3 months before or during treatment"
27126044,No,3,Month,Donor-specific SNV retention (determinant positions); SNV assignment error rate; Proportion of acquired donor-specific species (allogenic FMT); Proportion of newly detected species (placebo); Proportion of newly detected species (healthy); Species shared between donor and recipient; Coexistence of donor and recipient strains (shared species); Species showing resistance to donor strains; Species showing donor-recipient strain coexistence,%; %; %; %; %; %; %; %; %,69.3 ± 21.8 (day 2); 37.6 ± 16.6 (3 months); 11.9; not clearly separated from placebo/healthy fluctuation range in 4/5 cases; 20.8 ± 5.5; 17.7 ± 10.9; 64.5 ± 6.0; 50.7 ± 10.1; 39 ± 23; 44 ± 14,feces,2009/2010,Netherlands,Metabolic syndrome,Metabolic syndrome,Species composition change above range of temporal variation (Euclidean distance); Higher single-site allelic variation in allogenic FMT vs placebo/healthy,FMT1; FMT2; FMT3; FMT4; FMT5; SELF1; SELF2; SELF3; SELF4; SELF5,Homo sapiens,ERR1297748,SAMEA3882525,Illumina HiSeq 2000,allogenic FMT / placebo (autologous) FMT / healthy control,FAT_014-22-2-0,metabolic syndrome,Fecal microbiota transplantation,"Cohort of 10 subjects: 5 allogenic FMT (from one of three lean donors), 5 autologous (placebo) FMT; 55 fecal metagenomes sequenced from FMT study; 164 total metagenomes across three study groups; Comparison cohort: 109 metagenomes from 48 healthy FMT-naive individuals including Human Microbiome Project data; 1105 detected prokaryotic species; 11.8 million variant positions identified; 42 species across five phyla used for confident SNV tracking; Subjects had not used antibiotics or other medication for at least 3 months before or during treatment"
27126044,No,3,Month,Donor-specific SNV retention (determinant positions); SNV assignment error rate; Proportion of acquired donor-specific species (allogenic FMT); Proportion of newly detected species (placebo); Proportion of newly detected species (healthy); Species shared between donor and recipient; Coexistence of donor and recipient strains (shared species); Species showing resistance to donor strains; Species showing donor-recipient strain coexistence,%; %; %; %; %; %; %; %; %,69.3 ± 21.8 (day 2); 37.6 ± 16.6 (3 months); 11.9; not clearly separated from placebo/healthy fluctuation range in 4/5 cases; 20.8 ± 5.5; 17.7 ± 10.9; 64.5 ± 6.0; 50.7 ± 10.1; 39 ± 23; 44 ± 14,feces,2009/2010,Netherlands,Metabolic syndrome,Metabolic syndrome,Species composition change above range of temporal variation (Euclidean distance); Higher single-site allelic variation in allogenic FMT vs placebo/healthy,FMT1; FMT2; FMT3; FMT4; FMT5; SELF1; SELF2; SELF3; SELF4; SELF5,Homo sapiens,ERR1297750,SAMEA3882504,Illumina HiSeq 2000,allogenic FMT / placebo (autologous) FMT / healthy control,FAT_006-22-14-0,metabolic syndrome,Fecal microbiota transplantation,"Cohort of 10 subjects: 5 allogenic FMT (from one of three lean donors), 5 autologous (placebo) FMT; 55 fecal metagenomes sequenced from FMT study; 164 total metagenomes across three study groups; Comparison cohort: 109 metagenomes from 48 healthy FMT-naive individuals including Human Microbiome Project data; 1105 detected prokaryotic species; 11.8 million variant positions identified; 42 species across five phyla used for confident SNV tracking; Subjects had not used antibiotics or other medication for at least 3 months before or during treatment"
27126044,No,3,Month,Donor-specific SNV retention (determinant positions); SNV assignment error rate; Proportion of acquired donor-specific species (allogenic FMT); Proportion of newly detected species (placebo); Proportion of newly detected species (healthy); Species shared between donor and recipient; Coexistence of donor and recipient strains (shared species); Species showing resistance to donor strains; Species showing donor-recipient strain coexistence,%; %; %; %; %; %; %; %; %,69.3 ± 21.8 (day 2); 37.6 ± 16.6 (3 months); 11.9; not clearly separated from placebo/healthy fluctuation range in 4/5 cases; 20.8 ± 5.5; 17.7 ± 10.9; 64.5 ± 6.0; 50.7 ± 10.1; 39 ± 23; 44 ± 14,feces,2009/2010,Netherlands,Metabolic syndrome,Metabolic syndrome,Species composition change above range of temporal variation (Euclidean distance); Higher single-site allelic variation in allogenic FMT vs placebo/healthy,FMT1; FMT2; FMT3; FMT4; FMT5; SELF1; SELF2; SELF3; SELF4; SELF5,Homo sapiens,ERR1297756,SAMEA3882528,Illumina HiSeq 2000,allogenic FMT / placebo (autologous) FMT / healthy control,FAT_015-22-0-0,metabolic syndrome,Fecal microbiota transplantation,"Cohort of 10 subjects: 5 allogenic FMT (from one of three lean donors), 5 autologous (placebo) FMT; 55 fecal metagenomes sequenced from FMT study; 164 total metagenomes across three study groups; Comparison cohort: 109 metagenomes from 48 healthy FMT-naive individuals including Human Microbiome Project data; 1105 detected prokaryotic species; 11.8 million variant positions identified; 42 species across five phyla used for confident SNV tracking; Subjects had not used antibiotics or other medication for at least 3 months before or during treatment"
27126044,No,3,Month,Donor-specific SNV retention (determinant positions); SNV assignment error rate; Proportion of acquired donor-specific species (allogenic FMT); Proportion of newly detected species (placebo); Proportion of newly detected species (healthy); Species shared between donor and recipient; Coexistence of donor and recipient strains (shared species); Species showing resistance to donor strains; Species showing donor-recipient strain coexistence,%; %; %; %; %; %; %; %; %,69.3 ± 21.8 (day 2); 37.6 ± 16.6 (3 months); 11.9; not clearly separated from placebo/healthy fluctuation range in 4/5 cases; 20.8 ± 5.5; 17.7 ± 10.9; 64.5 ± 6.0; 50.7 ± 10.1; 39 ± 23; 44 ± 14,feces,2009/2010,Netherlands,Metabolic syndrome,Metabolic syndrome,Species composition change above range of temporal variation (Euclidean distance); Higher single-site allelic variation in allogenic FMT vs placebo/healthy,FMT1; FMT2; FMT3; FMT4; FMT5; SELF1; SELF2; SELF3; SELF4; SELF5,Homo sapiens,ERR1297757,SAMEA3882505,Illumina HiSeq 2000,allogenic FMT / placebo (autologous) FMT / healthy control,FAT_006-22-2-0,metabolic syndrome,Fecal microbiota transplantation,"Cohort of 10 subjects: 5 allogenic FMT (from one of three lean donors), 5 autologous (placebo) FMT; 55 fecal metagenomes sequenced from FMT study; 164 total metagenomes across three study groups; Comparison cohort: 109 metagenomes from 48 healthy FMT-naive individuals including Human Microbiome Project data; 1105 detected prokaryotic species; 11.8 million variant positions identified; 42 species across five phyla used for confident SNV tracking; Subjects had not used antibiotics or other medication for at least 3 months before or during treatment"
27126044,No,3,Month,Donor-specific SNV retention (determinant positions); SNV assignment error rate; Proportion of acquired donor-specific species (allogenic FMT); Proportion of newly detected species (placebo); Proportion of newly detected species (healthy); Species shared between donor and recipient; Coexistence of donor and recipient strains (shared species); Species showing resistance to donor strains; Species showing donor-recipient strain coexistence,%; %; %; %; %; %; %; %; %,69.3 ± 21.8 (day 2); 37.6 ± 16.6 (3 months); 11.9; not clearly separated from placebo/healthy fluctuation range in 4/5 cases; 20.8 ± 5.5; 17.7 ± 10.9; 64.5 ± 6.0; 50.7 ± 10.1; 39 ± 23; 44 ± 14,feces,2009/2010,Netherlands,Metabolic syndrome,Metabolic syndrome,Species composition change above range of temporal variation (Euclidean distance); Higher single-site allelic variation in allogenic FMT vs placebo/healthy,FMT1; FMT2; FMT3; FMT4; FMT5; SELF1; SELF2; SELF3; SELF4; SELF5,Homo sapiens,ERR1297763,SAMEA3882537,Illumina HiSeq 2000,allogenic FMT / placebo (autologous) FMT / healthy control,FAT_017-22-84-0,metabolic syndrome,Fecal microbiota transplantation,"Cohort of 10 subjects: 5 allogenic FMT (from one of three lean donors), 5 autologous (placebo) FMT; 55 fecal metagenomes sequenced from FMT study; 164 total metagenomes across three study groups; Comparison cohort: 109 metagenomes from 48 healthy FMT-naive individuals including Human Microbiome Project data; 1105 detected prokaryotic species; 11.8 million variant positions identified; 42 species across five phyla used for confident SNV tracking; Subjects had not used antibiotics or other medication for at least 3 months before or during treatment"
27126044,No,3,Month,Donor-specific SNV retention (determinant positions); SNV assignment error rate; Proportion of acquired donor-specific species (allogenic FMT); Proportion of newly detected species (placebo); Proportion of newly detected species (healthy); Species shared between donor and recipient; Coexistence of donor and recipient strains (shared species); Species showing resistance to donor strains; Species showing donor-recipient strain coexistence,%; %; %; %; %; %; %; %; %,69.3 ± 21.8 (day 2); 37.6 ± 16.6 (3 months); 11.9; not clearly separated from placebo/healthy fluctuation range in 4/5 cases; 20.8 ± 5.5; 17.7 ± 10.9; 64.5 ± 6.0; 50.7 ± 10.1; 39 ± 23; 44 ± 14,feces,2009/2010,Netherlands,Metabolic syndrome,Metabolic syndrome,Species composition change above range of temporal variation (Euclidean distance); Higher single-site allelic variation in allogenic FMT vs placebo/healthy,FMT1; FMT2; FMT3; FMT4; FMT5; SELF1; SELF2; SELF3; SELF4; SELF5,Homo sapiens,ERR1297766,SAMEA3882516,Illumina HiSeq 2000,allogenic FMT / placebo (autologous) FMT / healthy control,FAT_010-22-42-0,metabolic syndrome,Fecal microbiota transplantation,"Cohort of 10 subjects: 5 allogenic FMT (from one of three lean donors), 5 autologous (placebo) FMT; 55 fecal metagenomes sequenced from FMT study; 164 total metagenomes across three study groups; Comparison cohort: 109 metagenomes from 48 healthy FMT-naive individuals including Human Microbiome Project data; 1105 detected prokaryotic species; 11.8 million variant positions identified; 42 species across five phyla used for confident SNV tracking; Subjects had not used antibiotics or other medication for at least 3 months before or during treatment"
27126044,No,3,Month,Donor-specific SNV retention (determinant positions); SNV assignment error rate; Proportion of acquired donor-specific species (allogenic FMT); Proportion of newly detected species (placebo); Proportion of newly detected species (healthy); Species shared between donor and recipient; Coexistence of donor and recipient strains (shared species); Species showing resistance to donor strains; Species showing donor-recipient strain coexistence,%; %; %; %; %; %; %; %; %,69.3 ± 21.8 (day 2); 37.6 ± 16.6 (3 months); 11.9; not clearly separated from placebo/healthy fluctuation range in 4/5 cases; 20.8 ± 5.5; 17.7 ± 10.9; 64.5 ± 6.0; 50.7 ± 10.1; 39 ± 23; 44 ± 14,feces,2009/2010,Netherlands,Metabolic syndrome,Metabolic syndrome,Species composition change above range of temporal variation (Euclidean distance); Higher single-site allelic variation in allogenic FMT vs placebo/healthy,FMT1; FMT2; FMT3; FMT4; FMT5; SELF1; SELF2; SELF3; SELF4; SELF5,Homo sapiens,ERR1297768,SAMEA3882509,Illumina HiSeq 2000,allogenic FMT / placebo (autologous) FMT / healthy control,FAT_008-22-14-0,metabolic syndrome,Fecal microbiota transplantation,"Cohort of 10 subjects: 5 allogenic FMT (from one of three lean donors), 5 autologous (placebo) FMT; 55 fecal metagenomes sequenced from FMT study; 164 total metagenomes across three study groups; Comparison cohort: 109 metagenomes from 48 healthy FMT-naive individuals including Human Microbiome Project data; 1105 detected prokaryotic species; 11.8 million variant positions identified; 42 species across five phyla used for confident SNV tracking; Subjects had not used antibiotics or other medication for at least 3 months before or during treatment"
27126044,No,3,Month,Donor-specific SNV retention (determinant positions); SNV assignment error rate; Proportion of acquired donor-specific species (allogenic FMT); Proportion of newly detected species (placebo); Proportion of newly detected species (healthy); Species shared between donor and recipient; Coexistence of donor and recipient strains (shared species); Species showing resistance to donor strains; Species showing donor-recipient strain coexistence,%; %; %; %; %; %; %; %; %,69.3 ± 21.8 (day 2); 37.6 ± 16.6 (3 months); 11.9; not clearly separated from placebo/healthy fluctuation range in 4/5 cases; 20.8 ± 5.5; 17.7 ± 10.9; 64.5 ± 6.0; 50.7 ± 10.1; 39 ± 23; 44 ± 14,feces,2009/2010,Netherlands,Metabolic syndrome,Metabolic syndrome,Species composition change above range of temporal variation (Euclidean distance); Higher single-site allelic variation in allogenic FMT vs placebo/healthy,FMT1; FMT2; FMT3; FMT4; FMT5; SELF1; SELF2; SELF3; SELF4; SELF5,Homo sapiens,ERR1297770,SAMEA3882542,Illumina HiSeq 2000,allogenic FMT / placebo (autologous) FMT / healthy control,FAT_020-22-84-0,metabolic syndrome,Fecal microbiota transplantation,"Cohort of 10 subjects: 5 allogenic FMT (from one of three lean donors), 5 autologous (placebo) FMT; 55 fecal metagenomes sequenced from FMT study; 164 total metagenomes across three study groups; Comparison cohort: 109 metagenomes from 48 healthy FMT-naive individuals including Human Microbiome Project data; 1105 detected prokaryotic species; 11.8 million variant positions identified; 42 species across five phyla used for confident SNV tracking; Subjects had not used antibiotics or other medication for at least 3 months before or during treatment"
27126044,No,3,Month,Donor-specific SNV retention (determinant positions); SNV assignment error rate; Proportion of acquired donor-specific species (allogenic FMT); Proportion of newly detected species (placebo); Proportion of newly detected species (healthy); Species shared between donor and recipient; Coexistence of donor and recipient strains (shared species); Species showing resistance to donor strains; Species showing donor-recipient strain coexistence,%; %; %; %; %; %; %; %; %,69.3 ± 21.8 (day 2); 37.6 ± 16.6 (3 months); 11.9; not clearly separated from placebo/healthy fluctuation range in 4/5 cases; 20.8 ± 5.5; 17.7 ± 10.9; 64.5 ± 6.0; 50.7 ± 10.1; 39 ± 23; 44 ± 14,feces,2009/2010,Netherlands,Metabolic syndrome,Metabolic syndrome,Species composition change above range of temporal variation (Euclidean distance); Higher single-site allelic variation in allogenic FMT vs placebo/healthy,FMT1; FMT2; FMT3; FMT4; FMT5; SELF1; SELF2; SELF3; SELF4; SELF5,Homo sapiens,ERR1297773,SAMEA3882503,Illumina HiSeq 2000,allogenic FMT / placebo (autologous) FMT / healthy control,FAT_006-22-0-0,metabolic syndrome,Fecal microbiota transplantation,"Cohort of 10 subjects: 5 allogenic FMT (from one of three lean donors), 5 autologous (placebo) FMT; 55 fecal metagenomes sequenced from FMT study; 164 total metagenomes across three study groups; Comparison cohort: 109 metagenomes from 48 healthy FMT-naive individuals including Human Microbiome Project data; 1105 detected prokaryotic species; 11.8 million variant positions identified; 42 species across five phyla used for confident SNV tracking; Subjects had not used antibiotics or other medication for at least 3 months before or during treatment"
27126044,No,3,Month,Donor-specific SNV retention (determinant positions); SNV assignment error rate; Proportion of acquired donor-specific species (allogenic FMT); Proportion of newly detected species (placebo); Proportion of newly detected species (healthy); Species shared between donor and recipient; Coexistence of donor and recipient strains (shared species); Species showing resistance to donor strains; Species showing donor-recipient strain coexistence,%; %; %; %; %; %; %; %; %,69.3 ± 21.8 (day 2); 37.6 ± 16.6 (3 months); 11.9; not clearly separated from placebo/healthy fluctuation range in 4/5 cases; 20.8 ± 5.5; 17.7 ± 10.9; 64.5 ± 6.0; 50.7 ± 10.1; 39 ± 23; 44 ± 14,feces,2009/2010,Netherlands,Metabolic syndrome,Metabolic syndrome,Species composition change above range of temporal variation (Euclidean distance); Higher single-site allelic variation in allogenic FMT vs placebo/healthy,FMT1; FMT2; FMT3; FMT4; FMT5; SELF1; SELF2; SELF3; SELF4; SELF5,Homo sapiens,ERR1297776,SAMEA3882545,Illumina HiSeq 2000,allogenic FMT / placebo (autologous) FMT / healthy control,FAT_023-22-2-0,metabolic syndrome,Fecal microbiota transplantation,"Cohort of 10 subjects: 5 allogenic FMT (from one of three lean donors), 5 autologous (placebo) FMT; 55 fecal metagenomes sequenced from FMT study; 164 total metagenomes across three study groups; Comparison cohort: 109 metagenomes from 48 healthy FMT-naive individuals including Human Microbiome Project data; 1105 detected prokaryotic species; 11.8 million variant positions identified; 42 species across five phyla used for confident SNV tracking; Subjects had not used antibiotics or other medication for at least 3 months before or during treatment"
27126044,No,3,Month,Donor-specific SNV retention (determinant positions); SNV assignment error rate; Proportion of acquired donor-specific species (allogenic FMT); Proportion of newly detected species (placebo); Proportion of newly detected species (healthy); Species shared between donor and recipient; Coexistence of donor and recipient strains (shared species); Species showing resistance to donor strains; Species showing donor-recipient strain coexistence,%; %; %; %; %; %; %; %; %,69.3 ± 21.8 (day 2); 37.6 ± 16.6 (3 months); 11.9; not clearly separated from placebo/healthy fluctuation range in 4/5 cases; 20.8 ± 5.5; 17.7 ± 10.9; 64.5 ± 6.0; 50.7 ± 10.1; 39 ± 23; 44 ± 14,feces,2009/2010,Netherlands,Metabolic syndrome,Metabolic syndrome,Species composition change above range of temporal variation (Euclidean distance); Higher single-site allelic variation in allogenic FMT vs placebo/healthy,FMT1; FMT2; FMT3; FMT4; FMT5; SELF1; SELF2; SELF3; SELF4; SELF5,Homo sapiens,ERR1297777,SAMEA3882553,Illumina HiSeq 2000,allogenic FMT / placebo (autologous) FMT / healthy control,FAT_DON_11-22-0-4,metabolic syndrome,Fecal microbiota transplantation,"Cohort of 10 subjects: 5 allogenic FMT (from one of three lean donors), 5 autologous (placebo) FMT; 55 fecal metagenomes sequenced from FMT study; 164 total metagenomes across three study groups; Comparison cohort: 109 metagenomes from 48 healthy FMT-naive individuals including Human Microbiome Project data; 1105 detected prokaryotic species; 11.8 million variant positions identified; 42 species across five phyla used for confident SNV tracking; Subjects had not used antibiotics or other medication for at least 3 months before or during treatment"
27126044,No,3,Month,Donor-specific SNV retention (determinant positions); SNV assignment error rate; Proportion of acquired donor-specific species (allogenic FMT); Proportion of newly detected species (placebo); Proportion of newly detected species (healthy); Species shared between donor and recipient; Coexistence of donor and recipient strains (shared species); Species showing resistance to donor strains; Species showing donor-recipient strain coexistence,%; %; %; %; %; %; %; %; %,69.3 ± 21.8 (day 2); 37.6 ± 16.6 (3 months); 11.9; not clearly separated from placebo/healthy fluctuation range in 4/5 cases; 20.8 ± 5.5; 17.7 ± 10.9; 64.5 ± 6.0; 50.7 ± 10.1; 39 ± 23; 44 ± 14,feces,2009/2010,Netherlands,Metabolic syndrome,Metabolic syndrome,Species composition change above range of temporal variation (Euclidean distance); Higher single-site allelic variation in allogenic FMT vs placebo/healthy,FMT1; FMT2; FMT3; FMT4; FMT5; SELF1; SELF2; SELF3; SELF4; SELF5,Homo sapiens,ERR1297779,SAMEA3882507,Illumina HiSeq 2000,allogenic FMT / placebo (autologous) FMT / healthy control,FAT_006-22-84-0,metabolic syndrome,Fecal microbiota transplantation,"Cohort of 10 subjects: 5 allogenic FMT (from one of three lean donors), 5 autologous (placebo) FMT; 55 fecal metagenomes sequenced from FMT study; 164 total metagenomes across three study groups; Comparison cohort: 109 metagenomes from 48 healthy FMT-naive individuals including Human Microbiome Project data; 1105 detected prokaryotic species; 11.8 million variant positions identified; 42 species across five phyla used for confident SNV tracking; Subjects had not used antibiotics or other medication for at least 3 months before or during treatment"
27126044,No,3,Month,Donor-specific SNV retention (determinant positions); SNV assignment error rate; Proportion of acquired donor-specific species (allogenic FMT); Proportion of newly detected species (placebo); Proportion of newly detected species (healthy); Species shared between donor and recipient; Coexistence of donor and recipient strains (shared species); Species showing resistance to donor strains; Species showing donor-recipient strain coexistence,%; %; %; %; %; %; %; %; %,69.3 ± 21.8 (day 2); 37.6 ± 16.6 (3 months); 11.9; not clearly separated from placebo/healthy fluctuation range in 4/5 cases; 20.8 ± 5.5; 17.7 ± 10.9; 64.5 ± 6.0; 50.7 ± 10.1; 39 ± 23; 44 ± 14,feces,2009/2010,Netherlands,Metabolic syndrome,Metabolic syndrome,Species composition change above range of temporal variation (Euclidean distance); Higher single-site allelic variation in allogenic FMT vs placebo/healthy,FMT1; FMT2; FMT3; FMT4; FMT5; SELF1; SELF2; SELF3; SELF4; SELF5,Homo sapiens,ERR1297781,SAMEA3882503,Illumina HiSeq 2000,allogenic FMT / placebo (autologous) FMT / healthy control,FAT_006-22-0-0,metabolic syndrome,Fecal microbiota transplantation,"Cohort of 10 subjects: 5 allogenic FMT (from one of three lean donors), 5 autologous (placebo) FMT; 55 fecal metagenomes sequenced from FMT study; 164 total metagenomes across three study groups; Comparison cohort: 109 metagenomes from 48 healthy FMT-naive individuals including Human Microbiome Project data; 1105 detected prokaryotic species; 11.8 million variant positions identified; 42 species across five phyla used for confident SNV tracking; Subjects had not used antibiotics or other medication for at least 3 months before or during treatment"
27126044,No,3,Month,Donor-specific SNV retention (determinant positions); SNV assignment error rate; Proportion of acquired donor-specific species (allogenic FMT); Proportion of newly detected species (placebo); Proportion of newly detected species (healthy); Species shared between donor and recipient; Coexistence of donor and recipient strains (shared species); Species showing resistance to donor strains; Species showing donor-recipient strain coexistence,%; %; %; %; %; %; %; %; %,69.3 ± 21.8 (day 2); 37.6 ± 16.6 (3 months); 11.9; not clearly separated from placebo/healthy fluctuation range in 4/5 cases; 20.8 ± 5.5; 17.7 ± 10.9; 64.5 ± 6.0; 50.7 ± 10.1; 39 ± 23; 44 ± 14,feces,2009/2010,Netherlands,Metabolic syndrome,Metabolic syndrome,Species composition change above range of temporal variation (Euclidean distance); Higher single-site allelic variation in allogenic FMT vs placebo/healthy,FMT1; FMT2; FMT3; FMT4; FMT5; SELF1; SELF2; SELF3; SELF4; SELF5,Homo sapiens,ERR1297782,SAMEA3882529,Illumina HiSeq 2000,allogenic FMT / placebo (autologous) FMT / healthy control,FAT_015-22-14-0,metabolic syndrome,Fecal microbiota transplantation,"Cohort of 10 subjects: 5 allogenic FMT (from one of three lean donors), 5 autologous (placebo) FMT; 55 fecal metagenomes sequenced from FMT study; 164 total metagenomes across three study groups; Comparison cohort: 109 metagenomes from 48 healthy FMT-naive individuals including Human Microbiome Project data; 1105 detected prokaryotic species; 11.8 million variant positions identified; 42 species across five phyla used for confident SNV tracking; Subjects had not used antibiotics or other medication for at least 3 months before or during treatment"
27126044,No,3,Month,Donor-specific SNV retention (determinant positions); SNV assignment error rate; Proportion of acquired donor-specific species (allogenic FMT); Proportion of newly detected species (placebo); Proportion of newly detected species (healthy); Species shared between donor and recipient; Coexistence of donor and recipient strains (shared species); Species showing resistance to donor strains; Species showing donor-recipient strain coexistence,%; %; %; %; %; %; %; %; %,69.3 ± 21.8 (day 2); 37.6 ± 16.6 (3 months); 11.9; not clearly separated from placebo/healthy fluctuation range in 4/5 cases; 20.8 ± 5.5; 17.7 ± 10.9; 64.5 ± 6.0; 50.7 ± 10.1; 39 ± 23; 44 ± 14,feces,2009/2010,Netherlands,Metabolic syndrome,Metabolic syndrome,Species composition change above range of temporal variation (Euclidean distance); Higher single-site allelic variation in allogenic FMT vs placebo/healthy,FMT1; FMT2; FMT3; FMT4; FMT5; SELF1; SELF2; SELF3; SELF4; SELF5,Homo sapiens,ERR1297789,SAMEA3882509,Illumina HiSeq 2000,allogenic FMT / placebo (autologous) FMT / healthy control,FAT_008-22-14-0,metabolic syndrome,Fecal microbiota transplantation,"Cohort of 10 subjects: 5 allogenic FMT (from one of three lean donors), 5 autologous (placebo) FMT; 55 fecal metagenomes sequenced from FMT study; 164 total metagenomes across three study groups; Comparison cohort: 109 metagenomes from 48 healthy FMT-naive individuals including Human Microbiome Project data; 1105 detected prokaryotic species; 11.8 million variant positions identified; 42 species across five phyla used for confident SNV tracking; Subjects had not used antibiotics or other medication for at least 3 months before or during treatment"
27126044,No,3,Month,Donor-specific SNV retention (determinant positions); SNV assignment error rate; Proportion of acquired donor-specific species (allogenic FMT); Proportion of newly detected species (placebo); Proportion of newly detected species (healthy); Species shared between donor and recipient; Coexistence of donor and recipient strains (shared species); Species showing resistance to donor strains; Species showing donor-recipient strain coexistence,%; %; %; %; %; %; %; %; %,69.3 ± 21.8 (day 2); 37.6 ± 16.6 (3 months); 11.9; not clearly separated from placebo/healthy fluctuation range in 4/5 cases; 20.8 ± 5.5; 17.7 ± 10.9; 64.5 ± 6.0; 50.7 ± 10.1; 39 ± 23; 44 ± 14,feces,2009/2010,Netherlands,Metabolic syndrome,Metabolic syndrome,Species composition change above range of temporal variation (Euclidean distance); Higher single-site allelic variation in allogenic FMT vs placebo/healthy,FMT1; FMT2; FMT3; FMT4; FMT5; SELF1; SELF2; SELF3; SELF4; SELF5,Homo sapiens,ERR1297794,SAMEA3882544,Illumina HiSeq 2000,allogenic FMT / placebo (autologous) FMT / healthy control,FAT_023-22-14-0,metabolic syndrome,Fecal microbiota transplantation,"Cohort of 10 subjects: 5 allogenic FMT (from one of three lean donors), 5 autologous (placebo) FMT; 55 fecal metagenomes sequenced from FMT study; 164 total metagenomes across three study groups; Comparison cohort: 109 metagenomes from 48 healthy FMT-naive individuals including Human Microbiome Project data; 1105 detected prokaryotic species; 11.8 million variant positions identified; 42 species across five phyla used for confident SNV tracking; Subjects had not used antibiotics or other medication for at least 3 months before or during treatment"
27126044,No,3,Month,Donor-specific SNV retention (determinant positions); SNV assignment error rate; Proportion of acquired donor-specific species (allogenic FMT); Proportion of newly detected species (placebo); Proportion of newly detected species (healthy); Species shared between donor and recipient; Coexistence of donor and recipient strains (shared species); Species showing resistance to donor strains; Species showing donor-recipient strain coexistence,%; %; %; %; %; %; %; %; %,69.3 ± 21.8 (day 2); 37.6 ± 16.6 (3 months); 11.9; not clearly separated from placebo/healthy fluctuation range in 4/5 cases; 20.8 ± 5.5; 17.7 ± 10.9; 64.5 ± 6.0; 50.7 ± 10.1; 39 ± 23; 44 ± 14,feces,2009/2010,Netherlands,Metabolic syndrome,Metabolic syndrome,Species composition change above range of temporal variation (Euclidean distance); Higher single-site allelic variation in allogenic FMT vs placebo/healthy,FMT1; FMT2; FMT3; FMT4; FMT5; SELF1; SELF2; SELF3; SELF4; SELF5,Homo sapiens,ERR1297795,SAMEA3882534,Illumina HiSeq 2000,allogenic FMT / placebo (autologous) FMT / healthy control,FAT_017-22-14-0,metabolic syndrome,Fecal microbiota transplantation,"Cohort of 10 subjects: 5 allogenic FMT (from one of three lean donors), 5 autologous (placebo) FMT; 55 fecal metagenomes sequenced from FMT study; 164 total metagenomes across three study groups; Comparison cohort: 109 metagenomes from 48 healthy FMT-naive individuals including Human Microbiome Project data; 1105 detected prokaryotic species; 11.8 million variant positions identified; 42 species across five phyla used for confident SNV tracking; Subjects had not used antibiotics or other medication for at least 3 months before or during treatment"
27126044,No,3,Month,Donor-specific SNV retention (determinant positions); SNV assignment error rate; Proportion of acquired donor-specific species (allogenic FMT); Proportion of newly detected species (placebo); Proportion of newly detected species (healthy); Species shared between donor and recipient; Coexistence of donor and recipient strains (shared species); Species showing resistance to donor strains; Species showing donor-recipient strain coexistence,%; %; %; %; %; %; %; %; %,69.3 ± 21.8 (day 2); 37.6 ± 16.6 (3 months); 11.9; not clearly separated from placebo/healthy fluctuation range in 4/5 cases; 20.8 ± 5.5; 17.7 ± 10.9; 64.5 ± 6.0; 50.7 ± 10.1; 39 ± 23; 44 ± 14,feces,2009/2010,Netherlands,Metabolic syndrome,Metabolic syndrome,Species composition change above range of temporal variation (Euclidean distance); Higher single-site allelic variation in allogenic FMT vs placebo/healthy,FMT1; FMT2; FMT3; FMT4; FMT5; SELF1; SELF2; SELF3; SELF4; SELF5,Homo sapiens,ERR1297799,SAMEA3882522,Illumina HiSeq 2000,allogenic FMT / placebo (autologous) FMT / healthy control,FAT_012-22-84-0,metabolic syndrome,Fecal microbiota transplantation,"Cohort of 10 subjects: 5 allogenic FMT (from one of three lean donors), 5 autologous (placebo) FMT; 55 fecal metagenomes sequenced from FMT study; 164 total metagenomes across three study groups; Comparison cohort: 109 metagenomes from 48 healthy FMT-naive individuals including Human Microbiome Project data; 1105 detected prokaryotic species; 11.8 million variant positions identified; 42 species across five phyla used for confident SNV tracking; Subjects had not used antibiotics or other medication for at least 3 months before or during treatment"
27126044,No,3,Month,Donor-specific SNV retention (determinant positions); SNV assignment error rate; Proportion of acquired donor-specific species (allogenic FMT); Proportion of newly detected species (placebo); Proportion of newly detected species (healthy); Species shared between donor and recipient; Coexistence of donor and recipient strains (shared species); Species showing resistance to donor strains; Species showing donor-recipient strain coexistence,%; %; %; %; %; %; %; %; %,69.3 ± 21.8 (day 2); 37.6 ± 16.6 (3 months); 11.9; not clearly separated from placebo/healthy fluctuation range in 4/5 cases; 20.8 ± 5.5; 17.7 ± 10.9; 64.5 ± 6.0; 50.7 ± 10.1; 39 ± 23; 44 ± 14,feces,2009/2010,Netherlands,Metabolic syndrome,Metabolic syndrome,Species composition change above range of temporal variation (Euclidean distance); Higher single-site allelic variation in allogenic FMT vs placebo/healthy,FMT1; FMT2; FMT3; FMT4; FMT5; SELF1; SELF2; SELF3; SELF4; SELF5,Homo sapiens,ERR1297803,SAMEA3882549,Illumina HiSeq 2000,allogenic FMT / placebo (autologous) FMT / healthy control,FAT_024-22-14-0,metabolic syndrome,Fecal microbiota transplantation,"Cohort of 10 subjects: 5 allogenic FMT (from one of three lean donors), 5 autologous (placebo) FMT; 55 fecal metagenomes sequenced from FMT study; 164 total metagenomes across three study groups; Comparison cohort: 109 metagenomes from 48 healthy FMT-naive individuals including Human Microbiome Project data; 1105 detected prokaryotic species; 11.8 million variant positions identified; 42 species across five phyla used for confident SNV tracking; Subjects had not used antibiotics or other medication for at least 3 months before or during treatment"
27126044,No,3,Month,Donor-specific SNV retention (determinant positions); SNV assignment error rate; Proportion of acquired donor-specific species (allogenic FMT); Proportion of newly detected species (placebo); Proportion of newly detected species (healthy); Species shared between donor and recipient; Coexistence of donor and recipient strains (shared species); Species showing resistance to donor strains; Species showing donor-recipient strain coexistence,%; %; %; %; %; %; %; %; %,69.3 ± 21.8 (day 2); 37.6 ± 16.6 (3 months); 11.9; not clearly separated from placebo/healthy fluctuation range in 4/5 cases; 20.8 ± 5.5; 17.7 ± 10.9; 64.5 ± 6.0; 50.7 ± 10.1; 39 ± 23; 44 ± 14,feces,2009/2010,Netherlands,Metabolic syndrome,Metabolic syndrome,Species composition change above range of temporal variation (Euclidean distance); Higher single-site allelic variation in allogenic FMT vs placebo/healthy,FMT1; FMT2; FMT3; FMT4; FMT5; SELF1; SELF2; SELF3; SELF4; SELF5,Homo sapiens,ERR1297805,SAMEA3882519,Illumina HiSeq 2000,allogenic FMT / placebo (autologous) FMT / healthy control,FAT_012-22-14-0,metabolic syndrome,Fecal microbiota transplantation,"Cohort of 10 subjects: 5 allogenic FMT (from one of three lean donors), 5 autologous (placebo) FMT; 55 fecal metagenomes sequenced from FMT study; 164 total metagenomes across three study groups; Comparison cohort: 109 metagenomes from 48 healthy FMT-naive individuals including Human Microbiome Project data; 1105 detected prokaryotic species; 11.8 million variant positions identified; 42 species across five phyla used for confident SNV tracking; Subjects had not used antibiotics or other medication for at least 3 months before or during treatment"
27126044,No,3,Month,Donor-specific SNV retention (determinant positions); SNV assignment error rate; Proportion of acquired donor-specific species (allogenic FMT); Proportion of newly detected species (placebo); Proportion of newly detected species (healthy); Species shared between donor and recipient; Coexistence of donor and recipient strains (shared species); Species showing resistance to donor strains; Species showing donor-recipient strain coexistence,%; %; %; %; %; %; %; %; %,69.3 ± 21.8 (day 2); 37.6 ± 16.6 (3 months); 11.9; not clearly separated from placebo/healthy fluctuation range in 4/5 cases; 20.8 ± 5.5; 17.7 ± 10.9; 64.5 ± 6.0; 50.7 ± 10.1; 39 ± 23; 44 ± 14,feces,2009/2010,Netherlands,Metabolic syndrome,Metabolic syndrome,Species composition change above range of temporal variation (Euclidean distance); Higher single-site allelic variation in allogenic FMT vs placebo/healthy,FMT1; FMT2; FMT3; FMT4; FMT5; SELF1; SELF2; SELF3; SELF4; SELF5,Homo sapiens,ERR1297811,SAMEA3882523,Illumina HiSeq 2000,allogenic FMT / placebo (autologous) FMT / healthy control,FAT_014-22-0-0,metabolic syndrome,Fecal microbiota transplantation,"Cohort of 10 subjects: 5 allogenic FMT (from one of three lean donors), 5 autologous (placebo) FMT; 55 fecal metagenomes sequenced from FMT study; 164 total metagenomes across three study groups; Comparison cohort: 109 metagenomes from 48 healthy FMT-naive individuals including Human Microbiome Project data; 1105 detected prokaryotic species; 11.8 million variant positions identified; 42 species across five phyla used for confident SNV tracking; Subjects had not used antibiotics or other medication for at least 3 months before or during treatment"
27126044,No,3,Month,Donor-specific SNV retention (determinant positions); SNV assignment error rate; Proportion of acquired donor-specific species (allogenic FMT); Proportion of newly detected species (placebo); Proportion of newly detected species (healthy); Species shared between donor and recipient; Coexistence of donor and recipient strains (shared species); Species showing resistance to donor strains; Species showing donor-recipient strain coexistence,%; %; %; %; %; %; %; %; %,69.3 ± 21.8 (day 2); 37.6 ± 16.6 (3 months); 11.9; not clearly separated from placebo/healthy fluctuation range in 4/5 cases; 20.8 ± 5.5; 17.7 ± 10.9; 64.5 ± 6.0; 50.7 ± 10.1; 39 ± 23; 44 ± 14,feces,2009/2010,Netherlands,Metabolic syndrome,Metabolic syndrome,Species composition change above range of temporal variation (Euclidean distance); Higher single-site allelic variation in allogenic FMT vs placebo/healthy,FMT1; FMT2; FMT3; FMT4; FMT5; SELF1; SELF2; SELF3; SELF4; SELF5,Homo sapiens,ERR1297812,SAMEA3882515,Illumina HiSeq 2000,allogenic FMT / placebo (autologous) FMT / healthy control,FAT_010-22-2-0,metabolic syndrome,Fecal microbiota transplantation,"Cohort of 10 subjects: 5 allogenic FMT (from one of three lean donors), 5 autologous (placebo) FMT; 55 fecal metagenomes sequenced from FMT study; 164 total metagenomes across three study groups; Comparison cohort: 109 metagenomes from 48 healthy FMT-naive individuals including Human Microbiome Project data; 1105 detected prokaryotic species; 11.8 million variant positions identified; 42 species across five phyla used for confident SNV tracking; Subjects had not used antibiotics or other medication for at least 3 months before or during treatment"
27126044,No,3,Month,Donor-specific SNV retention (determinant positions); SNV assignment error rate; Proportion of acquired donor-specific species (allogenic FMT); Proportion of newly detected species (placebo); Proportion of newly detected species (healthy); Species shared between donor and recipient; Coexistence of donor and recipient strains (shared species); Species showing resistance to donor strains; Species showing donor-recipient strain coexistence,%; %; %; %; %; %; %; %; %,69.3 ± 21.8 (day 2); 37.6 ± 16.6 (3 months); 11.9; not clearly separated from placebo/healthy fluctuation range in 4/5 cases; 20.8 ± 5.5; 17.7 ± 10.9; 64.5 ± 6.0; 50.7 ± 10.1; 39 ± 23; 44 ± 14,feces,2009/2010,Netherlands,Metabolic syndrome,Metabolic syndrome,Species composition change above range of temporal variation (Euclidean distance); Higher single-site allelic variation in allogenic FMT vs placebo/healthy,FMT1; FMT2; FMT3; FMT4; FMT5; SELF1; SELF2; SELF3; SELF4; SELF5,Homo sapiens,ERR1297814,SAMEA3882512,Illumina HiSeq 2000,allogenic FMT / placebo (autologous) FMT / healthy control,FAT_008-22-84-0,metabolic syndrome,Fecal microbiota transplantation,"Cohort of 10 subjects: 5 allogenic FMT (from one of three lean donors), 5 autologous (placebo) FMT; 55 fecal metagenomes sequenced from FMT study; 164 total metagenomes across three study groups; Comparison cohort: 109 metagenomes from 48 healthy FMT-naive individuals including Human Microbiome Project data; 1105 detected prokaryotic species; 11.8 million variant positions identified; 42 species across five phyla used for confident SNV tracking; Subjects had not used antibiotics or other medication for at least 3 months before or during treatment"
27126044,No,3,Month,Donor-specific SNV retention (determinant positions); SNV assignment error rate; Proportion of acquired donor-specific species (allogenic FMT); Proportion of newly detected species (placebo); Proportion of newly detected species (healthy); Species shared between donor and recipient; Coexistence of donor and recipient strains (shared species); Species showing resistance to donor strains; Species showing donor-recipient strain coexistence,%; %; %; %; %; %; %; %; %,69.3 ± 21.8 (day 2); 37.6 ± 16.6 (3 months); 11.9; not clearly separated from placebo/healthy fluctuation range in 4/5 cases; 20.8 ± 5.5; 17.7 ± 10.9; 64.5 ± 6.0; 50.7 ± 10.1; 39 ± 23; 44 ± 14,feces,2009/2010,Netherlands,Metabolic syndrome,Metabolic syndrome,Species composition change above range of temporal variation (Euclidean distance); Higher single-site allelic variation in allogenic FMT vs placebo/healthy,FMT1; FMT2; FMT3; FMT4; FMT5; SELF1; SELF2; SELF3; SELF4; SELF5,Homo sapiens,ERR1297816,SAMEA3882537,Illumina HiSeq 2000,allogenic FMT / placebo (autologous) FMT / healthy control,FAT_017-22-84-0,metabolic syndrome,Fecal microbiota transplantation,"Cohort of 10 subjects: 5 allogenic FMT (from one of three lean donors), 5 autologous (placebo) FMT; 55 fecal metagenomes sequenced from FMT study; 164 total metagenomes across three study groups; Comparison cohort: 109 metagenomes from 48 healthy FMT-naive individuals including Human Microbiome Project data; 1105 detected prokaryotic species; 11.8 million variant positions identified; 42 species across five phyla used for confident SNV tracking; Subjects had not used antibiotics or other medication for at least 3 months before or during treatment"
27126044,No,3,Month,Donor-specific SNV retention (determinant positions); SNV assignment error rate; Proportion of acquired donor-specific species (allogenic FMT); Proportion of newly detected species (placebo); Proportion of newly detected species (healthy); Species shared between donor and recipient; Coexistence of donor and recipient strains (shared species); Species showing resistance to donor strains; Species showing donor-recipient strain coexistence,%; %; %; %; %; %; %; %; %,69.3 ± 21.8 (day 2); 37.6 ± 16.6 (3 months); 11.9; not clearly separated from placebo/healthy fluctuation range in 4/5 cases; 20.8 ± 5.5; 17.7 ± 10.9; 64.5 ± 6.0; 50.7 ± 10.1; 39 ± 23; 44 ± 14,feces,2009/2010,Netherlands,Metabolic syndrome,Metabolic syndrome,Species composition change above range of temporal variation (Euclidean distance); Higher single-site allelic variation in allogenic FMT vs placebo/healthy,FMT1; FMT2; FMT3; FMT4; FMT5; SELF1; SELF2; SELF3; SELF4; SELF5,Homo sapiens,ERR1297817,SAMEA3882536,Illumina HiSeq 2000,allogenic FMT / placebo (autologous) FMT / healthy control,FAT_017-22-42-0,metabolic syndrome,Fecal microbiota transplantation,"Cohort of 10 subjects: 5 allogenic FMT (from one of three lean donors), 5 autologous (placebo) FMT; 55 fecal metagenomes sequenced from FMT study; 164 total metagenomes across three study groups; Comparison cohort: 109 metagenomes from 48 healthy FMT-naive individuals including Human Microbiome Project data; 1105 detected prokaryotic species; 11.8 million variant positions identified; 42 species across five phyla used for confident SNV tracking; Subjects had not used antibiotics or other medication for at least 3 months before or during treatment"
27126044,No,3,Month,Donor-specific SNV retention (determinant positions); SNV assignment error rate; Proportion of acquired donor-specific species (allogenic FMT); Proportion of newly detected species (placebo); Proportion of newly detected species (healthy); Species shared between donor and recipient; Coexistence of donor and recipient strains (shared species); Species showing resistance to donor strains; Species showing donor-recipient strain coexistence,%; %; %; %; %; %; %; %; %,69.3 ± 21.8 (day 2); 37.6 ± 16.6 (3 months); 11.9; not clearly separated from placebo/healthy fluctuation range in 4/5 cases; 20.8 ± 5.5; 17.7 ± 10.9; 64.5 ± 6.0; 50.7 ± 10.1; 39 ± 23; 44 ± 14,feces,2009/2010,Netherlands,Metabolic syndrome,Metabolic syndrome,Species composition change above range of temporal variation (Euclidean distance); Higher single-site allelic variation in allogenic FMT vs placebo/healthy,FMT1; FMT2; FMT3; FMT4; FMT5; SELF1; SELF2; SELF3; SELF4; SELF5,Homo sapiens,ERR1297827,SAMEA3882511,Illumina HiSeq 2000,allogenic FMT / placebo (autologous) FMT / healthy control,FAT_008-22-42-0,metabolic syndrome,Fecal microbiota transplantation,"Cohort of 10 subjects: 5 allogenic FMT (from one of three lean donors), 5 autologous (placebo) FMT; 55 fecal metagenomes sequenced from FMT study; 164 total metagenomes across three study groups; Comparison cohort: 109 metagenomes from 48 healthy FMT-naive individuals including Human Microbiome Project data; 1105 detected prokaryotic species; 11.8 million variant positions identified; 42 species across five phyla used for confident SNV tracking; Subjects had not used antibiotics or other medication for at least 3 months before or during treatment"
27126044,No,3,Month,Donor-specific SNV retention (determinant positions); SNV assignment error rate; Proportion of acquired donor-specific species (allogenic FMT); Proportion of newly detected species (placebo); Proportion of newly detected species (healthy); Species shared between donor and recipient; Coexistence of donor and recipient strains (shared species); Species showing resistance to donor strains; Species showing donor-recipient strain coexistence,%; %; %; %; %; %; %; %; %,69.3 ± 21.8 (day 2); 37.6 ± 16.6 (3 months); 11.9; not clearly separated from placebo/healthy fluctuation range in 4/5 cases; 20.8 ± 5.5; 17.7 ± 10.9; 64.5 ± 6.0; 50.7 ± 10.1; 39 ± 23; 44 ± 14,feces,2009/2010,Netherlands,Metabolic syndrome,Metabolic syndrome,Species composition change above range of temporal variation (Euclidean distance); Higher single-site allelic variation in allogenic FMT vs placebo/healthy,FMT1; FMT2; FMT3; FMT4; FMT5; SELF1; SELF2; SELF3; SELF4; SELF5,Homo sapiens,ERR1297831,SAMEA3882511,Illumina HiSeq 2000,allogenic FMT / placebo (autologous) FMT / healthy control,FAT_008-22-42-0,metabolic syndrome,Fecal microbiota transplantation,"Cohort of 10 subjects: 5 allogenic FMT (from one of three lean donors), 5 autologous (placebo) FMT; 55 fecal metagenomes sequenced from FMT study; 164 total metagenomes across three study groups; Comparison cohort: 109 metagenomes from 48 healthy FMT-naive individuals including Human Microbiome Project data; 1105 detected prokaryotic species; 11.8 million variant positions identified; 42 species across five phyla used for confident SNV tracking; Subjects had not used antibiotics or other medication for at least 3 months before or during treatment"
27126044,No,3,Month,Donor-specific SNV retention (determinant positions); SNV assignment error rate; Proportion of acquired donor-specific species (allogenic FMT); Proportion of newly detected species (placebo); Proportion of newly detected species (healthy); Species shared between donor and recipient; Coexistence of donor and recipient strains (shared species); Species showing resistance to donor strains; Species showing donor-recipient strain coexistence,%; %; %; %; %; %; %; %; %,69.3 ± 21.8 (day 2); 37.6 ± 16.6 (3 months); 11.9; not clearly separated from placebo/healthy fluctuation range in 4/5 cases; 20.8 ± 5.5; 17.7 ± 10.9; 64.5 ± 6.0; 50.7 ± 10.1; 39 ± 23; 44 ± 14,feces,2009/2010,Netherlands,Metabolic syndrome,Metabolic syndrome,Species composition change above range of temporal variation (Euclidean distance); Higher single-site allelic variation in allogenic FMT vs placebo/healthy,FMT1; FMT2; FMT3; FMT4; FMT5; SELF1; SELF2; SELF3; SELF4; SELF5,Homo sapiens,ERR1297832,SAMEA3882538,Illumina HiSeq 2000,allogenic FMT / placebo (autologous) FMT / healthy control,FAT_020-22-0-0,metabolic syndrome,Fecal microbiota transplantation,"Cohort of 10 subjects: 5 allogenic FMT (from one of three lean donors), 5 autologous (placebo) FMT; 55 fecal metagenomes sequenced from FMT study; 164 total metagenomes across three study groups; Comparison cohort: 109 metagenomes from 48 healthy FMT-naive individuals including Human Microbiome Project data; 1105 detected prokaryotic species; 11.8 million variant positions identified; 42 species across five phyla used for confident SNV tracking; Subjects had not used antibiotics or other medication for at least 3 months before or during treatment"
27126044,No,3,Month,Donor-specific SNV retention (determinant positions); SNV assignment error rate; Proportion of acquired donor-specific species (allogenic FMT); Proportion of newly detected species (placebo); Proportion of newly detected species (healthy); Species shared between donor and recipient; Coexistence of donor and recipient strains (shared species); Species showing resistance to donor strains; Species showing donor-recipient strain coexistence,%; %; %; %; %; %; %; %; %,69.3 ± 21.8 (day 2); 37.6 ± 16.6 (3 months); 11.9; not clearly separated from placebo/healthy fluctuation range in 4/5 cases; 20.8 ± 5.5; 17.7 ± 10.9; 64.5 ± 6.0; 50.7 ± 10.1; 39 ± 23; 44 ± 14,feces,2009/2010,Netherlands,Metabolic syndrome,Metabolic syndrome,Species composition change above range of temporal variation (Euclidean distance); Higher single-site allelic variation in allogenic FMT vs placebo/healthy,FMT1; FMT2; FMT3; FMT4; FMT5; SELF1; SELF2; SELF3; SELF4; SELF5,Homo sapiens,ERR1297833,SAMEA3882550,Illumina HiSeq 2000,allogenic FMT / placebo (autologous) FMT / healthy control,FAT_024-22-2-0,metabolic syndrome,Fecal microbiota transplantation,"Cohort of 10 subjects: 5 allogenic FMT (from one of three lean donors), 5 autologous (placebo) FMT; 55 fecal metagenomes sequenced from FMT study; 164 total metagenomes across three study groups; Comparison cohort: 109 metagenomes from 48 healthy FMT-naive individuals including Human Microbiome Project data; 1105 detected prokaryotic species; 11.8 million variant positions identified; 42 species across five phyla used for confident SNV tracking; Subjects had not used antibiotics or other medication for at least 3 months before or during treatment"
27126044,No,3,Month,Donor-specific SNV retention (determinant positions); SNV assignment error rate; Proportion of acquired donor-specific species (allogenic FMT); Proportion of newly detected species (placebo); Proportion of newly detected species (healthy); Species shared between donor and recipient; Coexistence of donor and recipient strains (shared species); Species showing resistance to donor strains; Species showing donor-recipient strain coexistence,%; %; %; %; %; %; %; %; %,69.3 ± 21.8 (day 2); 37.6 ± 16.6 (3 months); 11.9; not clearly separated from placebo/healthy fluctuation range in 4/5 cases; 20.8 ± 5.5; 17.7 ± 10.9; 64.5 ± 6.0; 50.7 ± 10.1; 39 ± 23; 44 ± 14,feces,2009/2010,Netherlands,Metabolic syndrome,Metabolic syndrome,Species composition change above range of temporal variation (Euclidean distance); Higher single-site allelic variation in allogenic FMT vs placebo/healthy,FMT1; FMT2; FMT3; FMT4; FMT5; SELF1; SELF2; SELF3; SELF4; SELF5,Homo sapiens,ERR1297834,SAMEA3882532,Illumina HiSeq 2000,allogenic FMT / placebo (autologous) FMT / healthy control,FAT_015-22-84-0,metabolic syndrome,Fecal microbiota transplantation,"Cohort of 10 subjects: 5 allogenic FMT (from one of three lean donors), 5 autologous (placebo) FMT; 55 fecal metagenomes sequenced from FMT study; 164 total metagenomes across three study groups; Comparison cohort: 109 metagenomes from 48 healthy FMT-naive individuals including Human Microbiome Project data; 1105 detected prokaryotic species; 11.8 million variant positions identified; 42 species across five phyla used for confident SNV tracking; Subjects had not used antibiotics or other medication for at least 3 months before or during treatment"
27126044,No,3,Month,Donor-specific SNV retention (determinant positions); SNV assignment error rate; Proportion of acquired donor-specific species (allogenic FMT); Proportion of newly detected species (placebo); Proportion of newly detected species (healthy); Species shared between donor and recipient; Coexistence of donor and recipient strains (shared species); Species showing resistance to donor strains; Species showing donor-recipient strain coexistence,%; %; %; %; %; %; %; %; %,69.3 ± 21.8 (day 2); 37.6 ± 16.6 (3 months); 11.9; not clearly separated from placebo/healthy fluctuation range in 4/5 cases; 20.8 ± 5.5; 17.7 ± 10.9; 64.5 ± 6.0; 50.7 ± 10.1; 39 ± 23; 44 ± 14,feces,2009/2010,Netherlands,Metabolic syndrome,Metabolic syndrome,Species composition change above range of temporal variation (Euclidean distance); Higher single-site allelic variation in allogenic FMT vs placebo/healthy,FMT1; FMT2; FMT3; FMT4; FMT5; SELF1; SELF2; SELF3; SELF4; SELF5,Homo sapiens,ERR1297838,SAMEA3882516,Illumina HiSeq 2000,allogenic FMT / placebo (autologous) FMT / healthy control,FAT_010-22-42-0,metabolic syndrome,Fecal microbiota transplantation,"Cohort of 10 subjects: 5 allogenic FMT (from one of three lean donors), 5 autologous (placebo) FMT; 55 fecal metagenomes sequenced from FMT study; 164 total metagenomes across three study groups; Comparison cohort: 109 metagenomes from 48 healthy FMT-naive individuals including Human Microbiome Project data; 1105 detected prokaryotic species; 11.8 million variant positions identified; 42 species across five phyla used for confident SNV tracking; Subjects had not used antibiotics or other medication for at least 3 months before or during treatment"
27126044,No,3,Month,Donor-specific SNV retention (determinant positions); SNV assignment error rate; Proportion of acquired donor-specific species (allogenic FMT); Proportion of newly detected species (placebo); Proportion of newly detected species (healthy); Species shared between donor and recipient; Coexistence of donor and recipient strains (shared species); Species showing resistance to donor strains; Species showing donor-recipient strain coexistence,%; %; %; %; %; %; %; %; %,69.3 ± 21.8 (day 2); 37.6 ± 16.6 (3 months); 11.9; not clearly separated from placebo/healthy fluctuation range in 4/5 cases; 20.8 ± 5.5; 17.7 ± 10.9; 64.5 ± 6.0; 50.7 ± 10.1; 39 ± 23; 44 ± 14,feces,2009/2010,Netherlands,Metabolic syndrome,Metabolic syndrome,Species composition change above range of temporal variation (Euclidean distance); Higher single-site allelic variation in allogenic FMT vs placebo/healthy,FMT1; FMT2; FMT3; FMT4; FMT5; SELF1; SELF2; SELF3; SELF4; SELF5,Homo sapiens,ERR1297845,SAMEA3882542,Illumina HiSeq 2000,allogenic FMT / placebo (autologous) FMT / healthy control,FAT_020-22-84-0,metabolic syndrome,Fecal microbiota transplantation,"Cohort of 10 subjects: 5 allogenic FMT (from one of three lean donors), 5 autologous (placebo) FMT; 55 fecal metagenomes sequenced from FMT study; 164 total metagenomes across three study groups; Comparison cohort: 109 metagenomes from 48 healthy FMT-naive individuals including Human Microbiome Project data; 1105 detected prokaryotic species; 11.8 million variant positions identified; 42 species across five phyla used for confident SNV tracking; Subjects had not used antibiotics or other medication for at least 3 months before or during treatment"
27126044,No,3,Month,Donor-specific SNV retention (determinant positions); SNV assignment error rate; Proportion of acquired donor-specific species (allogenic FMT); Proportion of newly detected species (placebo); Proportion of newly detected species (healthy); Species shared between donor and recipient; Coexistence of donor and recipient strains (shared species); Species showing resistance to donor strains; Species showing donor-recipient strain coexistence,%; %; %; %; %; %; %; %; %,69.3 ± 21.8 (day 2); 37.6 ± 16.6 (3 months); 11.9; not clearly separated from placebo/healthy fluctuation range in 4/5 cases; 20.8 ± 5.5; 17.7 ± 10.9; 64.5 ± 6.0; 50.7 ± 10.1; 39 ± 23; 44 ± 14,feces,2009/2010,Netherlands,Metabolic syndrome,Metabolic syndrome,Species composition change above range of temporal variation (Euclidean distance); Higher single-site allelic variation in allogenic FMT vs placebo/healthy,FMT1; FMT2; FMT3; FMT4; FMT5; SELF1; SELF2; SELF3; SELF4; SELF5,Homo sapiens,ERR1297849,SAMEA3882524,Illumina HiSeq 2000,allogenic FMT / placebo (autologous) FMT / healthy control,FAT_014-22-14-0,metabolic syndrome,Fecal microbiota transplantation,"Cohort of 10 subjects: 5 allogenic FMT (from one of three lean donors), 5 autologous (placebo) FMT; 55 fecal metagenomes sequenced from FMT study; 164 total metagenomes across three study groups; Comparison cohort: 109 metagenomes from 48 healthy FMT-naive individuals including Human Microbiome Project data; 1105 detected prokaryotic species; 11.8 million variant positions identified; 42 species across five phyla used for confident SNV tracking; Subjects had not used antibiotics or other medication for at least 3 months before or during treatment"
